Perimeter,AspectRation,roundness,ShapeFactor4,Solidity,Extent,Class
656.711,1.308863717,0.921842182,0.999090996,0.987267905,0.761823348,SEKER
657.431,1.3828156,0.92092896,0.994950284,0.989565435,0.740935673,SEKER
642.092,1.238051321,0.969600136,0.999515303,0.992480968,0.773877293,SEKER
662.532,1.225284154,0.91103962,0.999480554,0.986025903,0.774847821,SEKER
656.404,1.246471264,0.928537748,0.998842773,0.987561263,0.785245659,SEKER
654.237,1.305469433,0.940247873,0.997778814,0.990015147,0.779448988,SEKER
645.085,1.233820224,0.967478615,0.998764533,0.991642937,0.770514671,SEKER
669.313,1.364864213,0.899489569,0.996815403,0.9872233,0.780878628,SEKER
663.582,1.230899418,0.9163206,0.998697011,0.985936684,0.767625332,SEKER
653.85,1.225977906,0.954265043,0.999221913,0.99078341,0.765034405,SEKER
663.914,1.221823306,0.927264249,0.998781044,0.985606061,0.769057978,SEKER
657.571,1.241712486,0.946779791,0.999217682,0.990182669,0.781922043,SEKER
657.009,1.328027061,0.949681133,0.996532141,0.991489879,0.779311992,SEKER
664.105,1.269492841,0.935962647,0.997432131,0.988088434,0.746568182,SEKER
659.728,1.230319577,0.949462632,0.999116914,0.989766742,0.785669916,SEKER
688.26,1.221685649,0.874124721,0.9977699,0.982907768,0.770801656,SEKER
659.456,1.316483846,0.955822961,0.999220922,0.992349923,0.787721471,SEKER
653.809,1.236712666,0.972758069,0.998753033,0.992144399,0.769355964,SEKER
680.621,1.297552191,0.899742964,0.998049369,0.9888498,0.761240274,SEKER
664.658,1.275820505,0.944219534,0.99914592,0.990274463,0.773698809,SEKER
660.068,1.259176693,0.958954568,0.999198547,0.992151831,0.787661984,SEKER
704.493,1.299286096,0.842534348,0.998604963,0.98283959,0.759656652,SEKER
670.587,1.237148493,0.931005952,0.998819588,0.988634678,0.782616866,SEKER
659.103,1.269766497,0.964368085,0.999103524,0.991052053,0.776747437,SEKER
665.61,1.222891486,0.948129347,0.999254077,0.989286454,0.754491694,SEKER
658.605,1.235586679,0.968463377,0.998953785,0.99157595,0.791743641,SEKER
664.363,1.247609077,0.959948457,0.998334283,0.992114168,0.766225798,SEKER
671.696,1.242015871,0.939493017,0.998150371,0.989962727,0.803214668,SEKER
669.341,1.230189184,0.948303455,0.998905748,0.990217614,0.784067718,SEKER
664.46,1.27259641,0.963681409,0.999051301,0.9916818,0.781254326,SEKER
668.421,1.23584543,0.952518888,0.999247591,0.991074303,0.799933862,SEKER
667.313,1.238003462,0.957942188,0.998065399,0.991239853,0.791226721,SEKER
668.564,1.273808035,0.954360587,0.999018617,0.990256709,0.761530869,SEKER
690.353,1.311240651,0.895463526,0.999348194,0.987841415,0.770405154,SEKER
667.497,1.255099849,0.957837195,0.99869476,0.990723183,0.771192406,SEKER
672.812,1.25319359,0.943069114,0.998576378,0.989024426,0.785661425,SEKER
670.16,1.236085487,0.952086748,0.997904053,0.991058426,0.778507367,SEKER
671.582,1.24436186,0.948783552,0.998630587,0.991007508,0.743986367,SEKER
668.346,1.22419118,0.958809282,0.998767351,0.991793738,0.801740767,SEKER
666.585,1.274725908,0.965239485,0.998455947,0.992381949,0.795515465,SEKER
674.271,1.231222027,0.943939862,0.998842241,0.987593985,0.750455974,SEKER
677.527,1.247240782,0.936777941,0.999416658,0.989675218,0.773752996,SEKER
666.439,1.239510475,0.968746459,0.998021251,0.992147204,0.769554077,SEKER
674.863,1.296673425,0.947747671,0.999211428,0.991456199,0.783365262,SEKER
680.24,1.368991991,0.933937272,0.998525184,0.989384044,0.793932958,SEKER
665.156,1.224786513,0.97691809,0.998963182,0.992984583,0.791235335,SEKER
684.481,1.230329164,0.92293633,0.997533191,0.98873628,0.80069808,SEKER
667.199,1.248458481,0.971424393,0.999343236,0.992358047,0.787459954,SEKER
678.034,1.228676843,0.940871694,0.996975296,0.990190438,0.755708264,SEKER
680.503,1.233838406,0.934165286,0.99919998,0.989480038,0.758928571,SEKER
684.507,1.250754642,0.923751269,0.996552217,0.987641223,0.784650082,SEKER
675.775,1.384870389,0.948273245,0.998203899,0.993370038,0.770181477,SEKER
677.676,1.321732487,0.943343645,0.99854641,0.988445438,0.776463964,SEKER
687.567,1.239426102,0.916610562,0.996017635,0.983795042,0.740677893,SEKER
674.657,1.236543276,0.952246946,0.998693127,0.990295443,0.785850991,SEKER
678.24,1.272478978,0.94254029,0.999059527,0.989049735,0.747724515,SEKER
673.987,1.22232617,0.955026346,0.998942305,0.989821664,0.785863874,SEKER
670.896,1.254827198,0.964405129,0.99919857,0.991873887,0.769194798,SEKER
670.069,1.236013359,0.968214523,0.99903387,0.992711203,0.781432121,SEKER
683.382,1.261293312,0.931611724,0.998887155,0.988917452,0.763726204,SEKER
670.997,1.22905782,0.966515131,0.997060492,0.991808678,0.745816373,SEKER
677.314,1.246101199,0.948817239,0.997758426,0.989968276,0.757876772,SEKER
674.874,1.255474903,0.956601017,0.998556376,0.990175639,0.765769944,SEKER
690.412,1.2328649,0.914792671,0.997923747,0.987085396,0.747877064,SEKER
672.202,1.242756379,0.966334706,0.999489048,0.991553235,0.78414425,SEKER
693.537,1.270048194,0.909023168,0.997566851,0.988831102,0.747197526,SEKER
671.293,1.262442101,0.970264152,0.99897939,0.992639507,0.784974619,SEKER
686.633,1.257167299,0.928807931,0.997877658,0.989156661,0.761017689,SEKER
689.973,1.253691263,0.920682093,0.99799926,0.988129639,0.769785919,SEKER
680.065,1.237386093,0.947786227,0.999182774,0.990431301,0.792916894,SEKER
677.462,1.24289736,0.955877575,0.998223383,0.99032679,0.762515289,SEKER
675.172,1.239697891,0.963309985,0.998878406,0.991882149,0.76000435,SEKER
681.462,1.26395208,0.946014953,0.99692254,0.98919133,0.80349345,SEKER
673.319,1.272371851,0.969256937,0.999181827,0.992901357,0.755509463,SEKER
673.194,1.238875312,0.969700104,0.998858983,0.991550654,0.782454021,SEKER
679.687,1.259706645,0.951914484,0.999361943,0.991415944,0.757992549,SEKER
692.225,1.224998628,0.919684117,0.996917913,0.986109158,0.752682864,SEKER
677.561,1.232008674,0.960251575,0.998199027,0.99112869,0.76844388,SEKER
693.747,1.352360811,0.916070945,0.998811881,0.983930675,0.735457499,SEKER
678.15,1.258904995,0.958748216,0.998794754,0.989006962,0.768945869,SEKER
680.346,1.226969922,0.953084795,0.998487952,0.990435887,0.810387812,SEKER
678.016,1.277960112,0.960302653,0.999181546,0.990330674,0.780146569,SEKER
684.17,1.228354534,0.943131656,0.998972165,0.990554334,0.749989326,SEKER
681.083,1.32692391,0.952079756,0.999259916,0.991564158,0.782809159,SEKER
682.373,1.274817232,0.948591369,0.999384208,0.989861725,0.782549648,SEKER
680.437,1.240850257,0.954729791,0.999586185,0.990901152,0.79536924,SEKER
674.683,1.254592021,0.972326252,0.999282944,0.992588209,0.762755544,SEKER
683.282,1.284005131,0.948679991,0.999625379,0.990083991,0.781282557,SEKER
682.573,1.228802962,0.950678806,0.998651065,0.989945232,0.759012016,SEKER
677.828,1.227878103,0.964363679,0.999097017,0.991061641,0.752240143,SEKER
676.858,1.263692661,0.967623431,0.997413187,0.992963098,0.787556091,SEKER
685.599,1.261691547,0.943722302,0.999292383,0.990460157,0.767224516,SEKER
679.016,1.236937262,0.962164123,0.998793498,0.990405117,0.781674859,SEKER
686.408,1.221668473,0.941605758,0.997637587,0.987883706,0.789904685,SEKER
682.911,1.256471073,0.951597201,0.999299765,0.990992508,0.76056338,SEKER
682.682,1.221977466,0.952613205,0.998423202,0.990884869,0.746871301,SEKER
687.741,1.225133955,0.939287602,0.99848133,0.989587415,0.754363504,SEKER
681.226,1.249617554,0.957339529,0.999005947,0.991252173,0.768565217,SEKER
681.424,1.241944882,0.95737865,0.999236332,0.991118707,0.770702163,SEKER
687.757,1.255328656,0.939854937,0.999293419,0.9906194,0.781984969,SEKER
679.656,1.232226973,0.962583648,0.998794169,0.991203989,0.747981229,SEKER
684.211,1.295847286,0.950454118,0.998187811,0.990018174,0.735093838,SEKER
680.978,1.245682899,0.959662852,0.998827199,0.991183632,0.764749071,SEKER
698.883,1.240122774,0.911841034,0.997429265,0.983243633,0.729589526,SEKER
680.993,1.230760623,0.960596075,0.999140346,0.991774843,0.775456633,SEKER
677.189,1.227669824,0.971527984,0.99897677,0.99188675,0.781699923,SEKER
687.235,1.284609638,0.943837534,0.998537604,0.988821988,0.791348771,SEKER
679.09,1.251558634,0.966832064,0.99899063,0.992364491,0.789010207,SEKER
682.142,1.265002471,0.958902087,0.999252926,0.990846937,0.781920282,SEKER
690.791,1.342422904,0.935883361,0.995155798,0.991242016,0.826104138,SEKER
697.407,1.252209332,0.918624328,0.998765267,0.987063102,0.756087188,SEKER
694.499,1.323978814,0.927453647,0.996496759,0.987598835,0.753636075,SEKER
688.378,1.276076323,0.944126734,0.998778363,0.990567875,0.780916868,SEKER
694.737,1.329157076,0.927000559,0.999313588,0.989907696,0.742621754,SEKER
689.304,1.272711709,0.941750475,0.998520336,0.989193544,0.784144462,SEKER
679.754,1.227799423,0.969458687,0.999213887,0.992206419,0.765088427,SEKER
690.775,1.282631188,0.939429298,0.999221227,0.988746605,0.779375137,SEKER
689.725,1.224393188,0.942423825,0.998829212,0.987735327,0.76843715,SEKER
699.955,1.234323718,0.915231552,0.997017398,0.986045098,0.787495586,SEKER
678.241,1.241782084,0.97479954,0.998614968,0.99251801,0.768587921,SEKER
699.055,1.222356513,0.917769708,0.999043608,0.988040529,0.754768853,SEKER
691.225,1.249668787,0.938679942,0.999259086,0.989766771,0.752572537,SEKER
694.117,1.229557277,0.93110906,0.997808017,0.988782406,0.758488081,SEKER
683.565,1.278019339,0.960211941,0.999434459,0.991943102,0.766311813,SEKER
685.105,1.230638268,0.956328371,0.99895152,0.990186838,0.775577558,SEKER
685.93,1.273536917,0.954029313,0.998795962,0.991561181,0.793636687,SEKER
698.169,1.288447037,0.921131761,0.999085947,0.98860052,0.786294316,SEKER
700.162,1.363856125,0.915997786,0.997067027,0.990272967,0.766495066,SEKER
684.449,1.239517001,0.958645244,0.996979983,0.991317855,0.799168139,SEKER
682.303,1.25687997,0.965224912,0.998161263,0.991927654,0.745890697,SEKER
690.56,1.228916073,0.942386,0.997727872,0.989075421,0.791159683,SEKER
693.316,1.322236437,0.93517016,0.999133111,0.989817377,0.746416275,SEKER
688.213,1.265089469,0.949328664,0.999115645,0.990943835,0.775706202,SEKER
695.242,1.366888653,0.930593962,0.998855876,0.989112714,0.791907259,SEKER
683.756,1.226254588,0.962363431,0.9987318,0.991910461,0.785347664,SEKER
687.914,1.236903883,0.951588044,0.998803015,0.99019066,0.790885014,SEKER
684.103,1.278403285,0.96230034,0.998077195,0.99189062,0.783549784,SEKER
686.097,1.225589753,0.958396831,0.998643932,0.991055901,0.765594012,SEKER
684.781,1.237954388,0.962084031,0.998782345,0.991302187,0.778341463,SEKER
685.086,1.243954629,0.961602424,0.998883214,0.991524488,0.799390135,SEKER
688.727,1.28446813,0.951912517,0.999320645,0.990599068,0.742780362,SEKER
710.093,1.382638877,0.896038386,0.999390135,0.988290269,0.794563536,SEKER
683.377,1.284479136,0.967494358,0.999078049,0.992354824,0.743624744,SEKER
693.613,1.402359694,0.93914945,0.997725207,0.990632319,0.776582648,SEKER
702.354,1.332517194,0.916479363,0.999004702,0.989167194,0.757091751,SEKER
687.586,1.292520761,0.956297082,0.998340872,0.991211395,0.746927421,SEKER
692.489,1.375092267,0.943720538,0.999068105,0.991356291,0.776677881,SEKER
683.433,1.257914703,0.969138386,0.998670342,0.99171324,0.792423776,SEKER
688.635,1.239311249,0.954737296,0.998117356,0.990596904,0.774950529,SEKER
741.973,1.240504319,0.822473718,0.998260058,0.981450712,0.771744951,SEKER
692.057,1.222811885,0.946106031,0.999060138,0.990169426,0.791670326,SEKER
702.685,1.233503297,0.918110254,0.998843078,0.987760802,0.755813953,SEKER
693.745,1.287155412,0.941951431,0.996937733,0.99036429,0.759127159,SEKER
689.809,1.224290207,0.952969192,0.998821003,0.990965013,0.75592844,SEKER
698.492,1.335878229,0.929912984,0.998711682,0.990344525,0.755946399,SEKER
712.899,1.334222178,0.892732205,0.999087735,0.984646013,0.742778966,SEKER
690.354,1.269867409,0.952598938,0.99827602,0.990758261,0.776729086,SEKER
703.387,1.255824634,0.917853324,0.999042512,0.988970991,0.781239191,SEKER
710.044,1.266297755,0.900972633,0.997652304,0.985603272,0.786146151,SEKER
694.2,1.345240827,0.942698842,0.999237921,0.988245585,0.761575732,SEKER
687.239,1.237168894,0.961999059,0.998169518,0.991634898,0.762736536,SEKER
683.782,1.239040375,0.971750815,0.998742496,0.993187562,0.780401468,SEKER
684.301,1.234300541,0.970545706,0.998625323,0.991936369,0.787347063,SEKER
685.632,1.233520795,0.966861368,0.999020718,0.992236366,0.79151348,SEKER
684.492,1.232447529,0.972149813,0.999355855,0.991492737,0.78746008,SEKER
684.137,1.255620525,0.973669101,0.998646908,0.993180698,0.749834588,SEKER
724.509,1.274385705,0.868347978,0.997766845,0.987369338,0.780647383,SEKER
689.943,1.313179102,0.957694019,0.997868339,0.991744122,0.746153846,SEKER
693.838,1.284191336,0.947519948,0.999023797,0.990449944,0.738339808,SEKER
689.155,1.246763005,0.960758534,0.999454012,0.991941212,0.783138507,SEKER
690.58,1.307257984,0.957166508,0.997714279,0.991863037,0.738868661,SEKER
685.99,1.224487485,0.97031202,0.998970539,0.992461488,0.764003364,SEKER
697.705,1.274642756,0.938181722,0.9955042,0.989275118,0.786270607,SEKER
690.321,1.233736641,0.958939671,0.998868804,0.991412214,0.784303153,SEKER
689.957,1.288757984,0.960162934,0.998564526,0.99152219,0.783900862,SEKER
689.513,1.23658858,0.961690641,0.998951721,0.990067757,0.755199469,SEKER
687.46,1.227688619,0.96842694,0.99918926,0.992235602,0.790369133,SEKER
692.256,1.227590789,0.955054758,0.999075211,0.990346965,0.794784506,SEKER
696.301,1.261586425,0.944120243,0.99905541,0.990402132,0.742539139,SEKER
687.95,1.237854671,0.967897548,0.999290883,0.99280987,0.7583316,SEKER
694.029,1.263279999,0.951224887,0.996771779,0.990653444,0.758987489,SEKER
695.283,1.23507307,0.947796756,0.998503026,0.989577962,0.775848495,SEKER
695.433,1.236168645,0.947439902,0.99882032,0.990357977,0.785671192,SEKER
692.125,1.246705762,0.956675486,0.998697251,0.991921884,0.765560384,SEKER
697.29,1.273132289,0.944183571,0.99632674,0.990214946,0.812147081,SEKER
710.343,1.225601378,0.910001686,0.997273962,0.986021912,0.751635331,SEKER
694.092,1.234371526,0.953347617,0.999054942,0.990917471,0.775592055,SEKER
698.178,1.314607587,0.942350471,0.998953008,0.991483129,0.789980982,SEKER
691.737,1.259739221,0.960270151,0.999097316,0.99113629,0.752056767,SEKER
694.803,1.289875422,0.951839994,0.998762478,0.991405254,0.778596372,SEKER
691.529,1.249964074,0.960926737,0.998762935,0.99145948,0.789669172,SEKER
705.861,1.323499216,0.922780249,0.998513726,0.989238881,0.751705293,SEKER
698.326,1.248704354,0.942852985,0.998492824,0.988597984,0.779351623,SEKER
698.499,1.233609808,0.94246327,0.99938232,0.990230834,0.779083631,SEKER
691.778,1.257798346,0.961022872,0.998333888,0.989911011,0.774790414,SEKER
693.853,1.243859317,0.955335703,0.99919934,0.991654926,0.770283069,SEKER
692.969,1.311636089,0.957800813,0.998963588,0.991252302,0.787219856,SEKER
700.229,1.30703204,0.93817089,0.999428038,0.989592063,0.780012785,SEKER
728.404,1.280424807,0.867991553,0.997629629,0.982599137,0.76033195,SEKER
697.963,1.242682752,0.945536474,0.998360038,0.990060233,0.778799983,SEKER
690.331,1.226270786,0.967139045,0.999330737,0.991779562,0.777664695,SEKER
698.444,1.303708029,0.945522593,0.998631675,0.989966826,0.771761985,SEKER
697.665,1.276124698,0.947686914,0.998676764,0.990100879,0.786202317,SEKER
701.528,1.27842304,0.937380812,0.999119585,0.991064197,0.755152837,SEKER
695.806,1.315219041,0.953510306,0.998727306,0.992248062,0.750786838,SEKER
708.732,1.222434477,0.919146911,0.996833052,0.989549666,0.753548281,SEKER
701.775,1.27078241,0.937614142,0.998883048,0.989791246,0.759230563,SEKER
699.477,1.274648498,0.944350019,0.999439655,0.988971973,0.781732364,SEKER
691.274,1.278143941,0.967079328,0.999163582,0.992872378,0.755179991,SEKER
699.632,1.280708303,0.944522104,0.997173679,0.990096612,0.791340446,SEKER
692.839,1.26134987,0.963526877,0.998467649,0.992557036,0.756624525,SEKER
691.769,1.256985463,0.966693687,0.997705408,0.992264151,0.778303981,SEKER
692.49,1.230513111,0.965153438,0.998880163,0.991973929,0.782256866,SEKER
693.645,1.223581275,0.962150869,0.999165591,0.991014984,0.793772894,SEKER
699.211,1.230139094,0.947202068,0.997583568,0.990671541,0.768930621,SEKER
693.273,1.225782165,0.963628176,0.999244379,0.992727469,0.790816436,SEKER
698.915,1.317498297,0.948338973,0.99916748,0.991100954,0.74662778,SEKER
692.977,1.280373837,0.964817918,0.999489634,0.992783672,0.755145929,SEKER
697.864,1.322592426,0.951816836,0.998324916,0.99147964,0.77758806,SEKER
697.906,1.264168223,0.951805478,0.998535718,0.99172043,0.765330678,SEKER
695.299,1.221475636,0.959112345,0.997434082,0.990550336,0.775803705,SEKER
702.412,1.290233155,0.939989487,0.998863135,0.989490053,0.779232296,SEKER
706.713,1.316788714,0.928909988,0.999268419,0.988566379,0.770462039,SEKER
697.608,1.265157207,0.953703341,0.998873634,0.992129368,0.77540309,SEKER
695.361,1.237313394,0.960006867,0.996607923,0.990773275,0.730337301,SEKER
696.83,1.245899902,0.956299952,0.999106716,0.991148544,0.786296415,SEKER
708.623,1.242560738,0.924810138,0.999144621,0.987837477,0.774656745,SEKER
696.21,1.278204865,0.958133577,0.998671586,0.991867955,0.76795362,SEKER
693.68,1.294675651,0.965422626,0.998927029,0.993416279,0.777782453,SEKER
694.805,1.236584342,0.962481026,0.999270617,0.992564158,0.777422678,SEKER
692.719,1.251421305,0.968312622,0.998974383,0.992271361,0.799377378,SEKER
708.896,1.267149988,0.924773139,0.998479318,0.98466372,0.760023839,SEKER
697.873,1.246804618,0.954372508,0.998484891,0.991316467,0.762167731,SEKER
694.774,1.274881072,0.963087575,0.998753076,0.991079083,0.741234222,SEKER
696.689,1.287705598,0.958033354,0.998694741,0.991267077,0.790768244,SEKER
691.802,1.244753887,0.971721592,0.999475336,0.992490882,0.79334591,SEKER
698.113,1.274080442,0.95472202,0.99919606,0.991936348,0.78626943,SEKER
700.842,1.273699645,0.947403672,0.999344602,0.989525158,0.764503076,SEKER
710.832,1.282567183,0.921259702,0.998618611,0.989132176,0.762892331,SEKER
710.523,1.315166051,0.922160738,0.99907098,0.98945035,0.797807735,SEKER
735.079,1.250759021,0.861718087,0.998316213,0.987211254,0.754858819,SEKER
704.024,1.274443865,0.939797076,0.999090493,0.989746876,0.80952173,SEKER
693.447,1.243493766,0.969259687,0.999228288,0.992348031,0.789232897,SEKER
691.978,1.22439299,0.973484312,0.999027913,0.992773793,0.759873812,SEKER
694.219,1.313700535,0.967600589,0.99933595,0.993042361,0.769002818,SEKER
699.991,1.314770186,0.951914229,0.998025207,0.991664218,0.750050519,SEKER
696.823,1.244238712,0.961055212,0.998019919,0.992277683,0.750611445,SEKER
707.772,1.344691818,0.931626043,0.999236206,0.990188237,0.750353578,SEKER
694.797,1.283399581,0.96711071,0.997582238,0.993209646,0.776848444,SEKER
710.014,1.338786872,0.926399882,0.998163437,0.98977309,0.744859101,SEKER
706.995,1.276119976,0.934906809,0.99768721,0.98999015,0.742611231,SEKER
700.253,1.248490709,0.953047197,0.998322332,0.990808334,0.784826422,SEKER
738.964,1.25436934,0.855833889,0.999053688,0.986289018,0.785659963,SEKER
701.519,1.260488493,0.950172221,0.99738666,0.990734578,0.792600324,SEKER
698.087,1.23375797,0.959563622,0.999082298,0.991394698,0.776738749,SEKER
697.179,1.275548473,0.962271534,0.998634728,0.992189374,0.762454933,SEKER
713.798,1.340990822,0.918108307,0.994421625,0.9892636,0.792898526,SEKER
698.145,1.226588895,0.959790925,0.998312032,0.991266143,0.782721137,SEKER
695.977,1.261063051,0.966117082,0.998162642,0.992352173,0.789953757,SEKER
703.557,1.306466725,0.945614767,0.998119454,0.989769617,0.735981031,SEKER
693.806,1.273767271,0.972590418,0.998985888,0.99344035,0.775068653,SEKER
714.729,1.31664203,0.916775805,0.999134217,0.989407173,0.751249798,SEKER
699.032,1.330453953,0.959259756,0.99828019,0.992602251,0.737742529,SEKER
702.527,1.234694179,0.950935749,0.996275288,0.990269124,0.815013639,SEKER
703.246,1.228556749,0.949093903,0.998157821,0.987860675,0.802750913,SEKER
714.562,1.462676393,0.919517812,0.999209117,0.991218529,0.739841584,SEKER
700.139,1.287279496,0.957869425,0.999212618,0.991824384,0.754848485,SEKER
702.379,1.283559108,0.951769567,0.998051667,0.990982628,0.784517511,SEKER
696.723,1.249988222,0.968010077,0.999245962,0.992725728,0.782280335,SEKER
697.345,1.223168162,0.966723308,0.999006134,0.991282228,0.753019324,SEKER
710.889,1.338105088,0.930710256,0.999306283,0.989844762,0.770841914,SEKER
699.619,1.258716132,0.960962633,0.997239883,0.991733347,0.736898059,SEKER
711.096,1.293731715,0.93039214,0.998578567,0.990344682,0.791835871,SEKER
698.809,1.267890865,0.963809252,0.999387444,0.991764862,0.753162139,SEKER
699.387,1.253296622,0.962345306,0.999173877,0.991687184,0.754005636,SEKER
705.803,1.251392169,0.945508898,0.999027642,0.989545383,0.777634855,SEKER
699.808,1.250785798,0.961803606,0.998799717,0.991797423,0.774762298,SEKER
701.925,1.233980199,0.956240318,0.997700788,0.991484635,0.771440329,SEKER
701.454,1.27233791,0.957524908,0.998521848,0.991117691,0.751402918,SEKER
695.177,1.234810224,0.974920642,0.999361864,0.99298162,0.78177193,SEKER
700.778,1.281348662,0.959731379,0.998268295,0.991907331,0.742972604,SEKER
712.467,1.312288892,0.928646822,0.998520385,0.989997625,0.790991903,SEKER
704.306,1.236776322,0.950292513,0.998333401,0.989501451,0.775730504,SEKER
708.078,1.250284439,0.940295135,0.998235693,0.990678391,0.779019062,SEKER
703.892,1.265533014,0.952323748,0.999283272,0.991209313,0.782739212,SEKER
697.113,1.253955256,0.971168069,0.999511441,0.993308649,0.765095339,SEKER
712.47,1.341944686,0.93017386,0.999030119,0.988763454,0.748113489,SEKER
704.505,1.269703757,0.951401451,0.998297449,0.991922498,0.75543806,SEKER
703.04,1.237831946,0.95544693,0.998972282,0.990668002,0.798894558,SEKER
698.245,1.229424087,0.968614511,0.998796677,0.991870777,0.786324071,SEKER
744.128,1.289684542,0.854004837,0.9974486,0.980280296,0.750353931,SEKER
703.354,1.308130465,0.95604193,0.998637355,0.991517163,0.786332108,SEKER
703.337,1.294401366,0.956316772,0.998779595,0.99222477,0.803577527,SEKER
704.416,1.322825985,0.953667886,0.997998117,0.991156266,0.747459309,SEKER
698.99,1.2307744,0.968839931,0.997333367,0.992935656,0.754950297,SEKER
707.574,1.223697921,0.945726372,0.998690757,0.990379813,0.778491736,SEKER
703.836,1.28192332,0.95584909,0.998199505,0.990458417,0.75443479,SEKER
715.569,1.265889953,0.924784993,0.998978187,0.987551432,0.774409667,SEKER
702.993,1.271943459,0.958371743,0.998229042,0.992442794,0.77936311,SEKER
709.359,1.324391072,0.941322419,0.998814116,0.991086454,0.775002056,SEKER
701.429,1.265754407,0.962726959,0.998326302,0.992051586,0.769967725,SEKER
717.777,1.305564281,0.919689549,0.99784403,0.989736725,0.767317867,SEKER
715.114,1.320522015,0.927215406,0.999408109,0.989276913,0.778610045,SEKER
722.21,1.316364727,0.909132584,0.997742833,0.98925154,0.791256029,SEKER
712.802,1.222140405,0.93417992,0.99824054,0.989935788,0.748592833,SEKER
700.671,1.255783005,0.966935595,0.996667547,0.993347182,0.735514019,SEKER
716.007,1.298232618,0.925982531,0.997708009,0.989600251,0.770518887,SEKER
713.544,1.246907275,0.932731687,0.999117247,0.990096675,0.764010189,SEKER
713.014,1.232593015,0.934588487,0.998765309,0.989220868,0.78152129,SEKER
703.919,1.252736331,0.959757517,0.999289793,0.991355373,0.767689062,SEKER
713.618,1.314137643,0.933969473,0.998188807,0.989697461,0.775530694,SEKER
708.716,1.278194672,0.947109324,0.998234581,0.990165307,0.744639836,SEKER
712.99,1.331854248,0.935912111,0.998927189,0.990451525,0.747871605,SEKER
707.053,1.224507201,0.951796025,0.99928532,0.990711669,0.779821237,SEKER
699.809,1.288129962,0.972090379,0.999156882,0.993157688,0.755398696,SEKER
703.214,1.257832258,0.962699343,0.998395018,0.992429204,0.799493511,SEKER
732.54,1.390211562,0.887911519,0.996388482,0.989792988,0.784912847,SEKER
701.737,1.224112654,0.967649302,0.997959936,0.992436139,0.75343745,SEKER
713.931,1.343210796,0.935813409,0.997063217,0.99112202,0.786429089,SEKER
709.268,1.313965078,0.948433428,0.999066523,0.991538703,0.785306528,SEKER
703.416,1.254513555,0.964330662,0.998155038,0.992913365,0.750039507,SEKER
701.371,1.234610791,0.970396566,0.999163504,0.991646435,0.775878268,SEKER
703.86,1.318333662,0.963748561,0.997923027,0.993021797,0.783402062,SEKER
723.824,1.256346452,0.911342838,0.99459135,0.983664276,0.767813119,SEKER
706.226,1.258302365,0.957352263,0.998593721,0.991959274,0.776177636,SEKER
727.603,1.263389214,0.901948292,0.995758672,0.983105224,0.753495013,SEKER
715.481,1.346137277,0.933015096,0.99898789,0.990101073,0.760464186,SEKER
707.111,1.251303926,0.955460022,0.998693129,0.990722644,0.757808918,SEKER
716.827,1.249519409,0.929783518,0.998393005,0.989511218,0.760273562,SEKER
713.907,1.246630109,0.937552953,0.998932892,0.989512855,0.789588438,SEKER
723.178,1.226495963,0.914077026,0.998489031,0.987898618,0.783886256,SEKER
710.956,1.293310815,0.945924011,0.996870711,0.991246353,0.769065955,SEKER
702.407,1.225014344,0.96934453,0.998878661,0.991997915,0.743146138,SEKER
707.292,1.26654214,0.956227049,0.999107505,0.9926206,0.786833402,SEKER
715.166,1.279003826,0.935704465,0.998888649,0.990017677,0.768581865,SEKER
716.472,1.254390264,0.932467691,0.996867165,0.989094025,0.781273716,SEKER
725.104,1.287873514,0.910470418,0.998018901,0.987479586,0.774331246,SEKER
707.285,1.277758404,0.956949338,0.999019346,0.991721553,0.776608974,SEKER
704.491,1.29256573,0.964782759,0.998997184,0.992886364,0.764910168,SEKER
722.078,1.292226858,0.918647623,0.997424855,0.988588028,0.756570067,SEKER
716.011,1.390574287,0.934330618,0.998943118,0.990901529,0.73011799,SEKER
707.806,1.276081217,0.956117991,0.998110314,0.990669751,0.758567164,SEKER
710.41,1.254381519,0.949221155,0.998741577,0.990670721,0.774837398,SEKER
717.612,1.262289484,0.930556702,0.998498844,0.989927833,0.778403756,SEKER
762.943,1.347217158,0.82349942,0.997518757,0.981196625,0.740277131,SEKER
707.153,1.260248756,0.958914913,0.997839817,0.991580698,0.750599945,SEKER
723.21,1.259007326,0.917071461,0.998214471,0.988424787,0.769106772,SEKER
712.28,1.340010073,0.94548203,0.998964299,0.991841189,0.744093567,SEKER
719.145,1.293075962,0.927687025,0.998817632,0.988632244,0.737672927,SEKER
721.729,1.248327531,0.921152636,0.99829298,0.988531041,0.798173001,SEKER
732.35,1.30983484,0.89472183,0.99860246,0.988660194,0.788287265,SEKER
706.192,1.285019533,0.962307644,0.998321619,0.991767731,0.796986519,SEKER
703.597,1.277526826,0.969444467,0.998849753,0.993574067,0.778566041,SEKER
706.381,1.295881907,0.96184313,0.997772564,0.992360858,0.814345722,SEKER
715.604,1.266374214,0.937847664,0.997829281,0.991002204,0.76436,SEKER
709.411,1.318684004,0.954343479,0.998344807,0.991131165,0.755918593,SEKER
709.963,1.245655139,0.952909903,0.999531481,0.991362988,0.780773788,SEKER
715.843,1.242222397,0.937319619,0.997157863,0.988619316,0.757936901,SEKER
705.456,1.245091289,0.965604412,0.998649423,0.992396325,0.781161907,SEKER
710.319,1.265607855,0.953225181,0.99861613,0.990630258,0.782999182,SEKER
716.131,1.283238996,0.938085069,0.997131606,0.989404042,0.783817538,SEKER
709.287,1.254840358,0.956300792,0.997648697,0.991608174,0.742331407,SEKER
725.536,1.419869288,0.91396997,0.999081644,0.990684676,0.735279432,SEKER
708.533,1.22946959,0.958462367,0.998920793,0.991172892,0.749799283,SEKER
704.69,1.229837944,0.969273719,0.998843548,0.992100083,0.753699331,SEKER
710.914,1.313095435,0.952475629,0.998984449,0.991972447,0.780469419,SEKER
718.737,1.249887912,0.932608377,0.999155694,0.988041854,0.764131388,SEKER
719.605,1.277450081,0.930505481,0.998420884,0.989752459,0.778558376,SEKER
705.936,1.232836958,0.966964651,0.998138026,0.99123714,0.77801899,SEKER
715.527,1.315294482,0.941387604,0.998646179,0.991008217,0.79630437,SEKER
706.076,1.230679405,0.967337417,0.9990357,0.991704998,0.794324626,SEKER
784.252,1.355101487,0.784157977,0.997515373,0.983951187,0.775839415,SEKER
709.443,1.279155391,0.958651666,0.997512979,0.991555406,0.74843086,SEKER
703.703,1.228550236,0.974633746,0.998830072,0.992711107,0.783816327,SEKER
718.102,1.259158003,0.936402943,0.998623619,0.989595673,0.775781313,SEKER
711.412,1.242455087,0.954097306,0.998825538,0.99038635,0.752094261,SEKER
706.251,1.224142788,0.968394903,0.998786453,0.991922789,0.755909538,SEKER
734.036,1.284873116,0.897263308,0.998605194,0.986486833,0.75346651,SEKER
708.856,1.275781065,0.962215732,0.999168105,0.992339833,0.764758497,SEKER
711.559,1.325710341,0.955217107,0.999031724,0.991039011,0.791327412,SEKER
714.189,1.268769189,0.948391983,0.998861931,0.990734783,0.770855861,SEKER
711.884,1.255884172,0.954940243,0.998148527,0.99188688,0.764289116,SEKER
711.112,1.269684023,0.95701478,0.998875082,0.992628296,0.805029474,SEKER
710.718,1.234465425,0.958101031,0.998545769,0.990534979,0.757662798,SEKER
719.241,1.290322751,0.93603872,0.998313783,0.989497201,0.784147334,SEKER
723.764,1.320427052,0.924592053,0.998760472,0.98975373,0.786571429,SEKER
717.555,1.321559141,0.940686668,0.997574481,0.991383302,0.783394309,SEKER
709.931,1.299937059,0.961273624,0.998522197,0.992585346,0.773865917,SEKER
741.248,1.259394965,0.881878099,0.995892933,0.984099842,0.77118,SEKER
707.74,1.222258599,0.967560741,0.997616965,0.991949588,0.779509257,SEKER
715.273,1.317003136,0.947877541,0.999306383,0.991393927,0.790734366,SEKER
725.607,1.387272643,0.921142306,0.99885031,0.99024991,0.808589985,SEKER
708.534,1.23169541,0.966069266,0.998974465,0.991496468,0.765936334,SEKER
716.517,1.310001229,0.944809325,0.996918576,0.991268618,0.715265167,SEKER
712.975,1.239544513,0.954269551,0.998939161,0.990328125,0.751596573,SEKER
710.915,1.256117524,0.959981938,0.998495954,0.992238699,0.773820499,SEKER
712.049,1.289521579,0.957025803,0.996488654,0.991984586,0.766587254,SEKER
715.538,1.314463842,0.948059159,0.997992717,0.992216799,0.773328795,SEKER
720.599,1.278311274,0.934813072,0.994630867,0.990106116,0.74025526,SEKER
718.184,1.245899863,0.941427261,0.998678028,0.990109411,0.753206503,SEKER
705.316,1.230160108,0.976319336,0.998622942,0.992756601,0.784373415,SEKER
713.967,1.270205376,0.952876887,0.998638107,0.991814636,0.772303143,SEKER
721.004,1.249394349,0.934754268,0.997490484,0.990167209,0.740700303,SEKER
711.562,1.222685174,0.95975093,0.998665361,0.991284286,0.763625592,SEKER
741.296,1.339882877,0.88446231,0.998938512,0.984999745,0.776896192,SEKER
710.617,1.256242015,0.962479435,0.999144077,0.992430463,0.774298813,SEKER
718.151,1.243169056,0.942975723,0.994116262,0.989162939,0.764600126,SEKER
714.602,1.28591485,0.952389981,0.998570758,0.991901174,0.79300877,SEKER
708.716,1.279004905,0.968275175,0.998517967,0.992257204,0.751072212,SEKER
716.994,1.306988288,0.94655928,0.996525264,0.991042408,0.755231798,SEKER
714.422,1.271419594,0.953953265,0.999250642,0.991047678,0.767916601,SEKER
709.626,1.236001323,0.96724077,0.998407973,0.992421139,0.769520935,SEKER
716.198,1.258244715,0.949840446,0.999012884,0.990167535,0.782114904,SEKER
721.177,1.305463589,0.937326057,0.998997175,0.990173307,0.779778894,SEKER
715.694,1.262601643,0.951767493,0.998890453,0.991185488,0.800871163,SEKER
716.355,1.281069306,0.950085324,0.998758933,0.991287463,0.792539935,SEKER
721.457,1.245209523,0.936743496,0.998032634,0.988887756,0.774512935,SEKER
722.477,1.275475687,0.93426888,0.99753742,0.98997449,0.754882509,SEKER
717.913,1.307397844,0.946356197,0.998753256,0.990254108,0.745992697,SEKER
730.463,1.25235632,0.914234829,0.996930643,0.987409065,0.780281407,SEKER
724.18,1.316890981,0.930263332,0.999573684,0.989852375,0.748568344,SEKER
721.732,1.255094181,0.936632894,0.998431573,0.990711679,0.760201284,SEKER
710.511,1.252957896,0.966575188,0.998912367,0.991750313,0.765123153,SEKER
724.363,1.297696061,0.929961003,0.998410529,0.989929892,0.761193445,SEKER
713.685,1.251448597,0.958095615,0.999549667,0.991903144,0.772600668,SEKER
715.528,1.296393495,0.953240032,0.999191858,0.991903765,0.787960558,SEKER
721.773,1.343520576,0.936912434,0.99890032,0.991626031,0.787147374,SEKER
708.154,1.231276503,0.973370958,0.998862777,0.992944785,0.780470163,SEKER
719.237,1.372467851,0.943701157,0.998510582,0.990767661,0.728076916,SEKER
716.903,1.278570433,0.949953722,0.995299868,0.990894948,0.744291188,SEKER
727.362,1.322800069,0.922901944,0.99948743,0.990491486,0.789799984,SEKER
711.966,1.265899697,0.963496247,0.999012484,0.991985502,0.762133543,SEKER
727.944,1.269131195,0.921687651,0.998278955,0.989762657,0.754914148,SEKER
719.796,1.280131931,0.942696786,0.998733605,0.989687309,0.781843418,SEKER
717.084,1.369922448,0.949938551,0.999061195,0.993228741,0.774322709,SEKER
710.41,1.227836594,0.968269321,0.997933088,0.990802079,0.808276693,SEKER
708.832,1.250656723,0.972835343,0.999361061,0.992903638,0.764079596,SEKER
728.258,1.311298388,0.921651232,0.99716496,0.99030016,0.738522878,SEKER
720.474,1.305640937,0.941698058,0.997985432,0.991941859,0.762321908,SEKER
717.454,1.282850274,0.950350556,0.998834867,0.99126582,0.801713485,SEKER
715.093,1.235280985,0.956660975,0.998429156,0.992352596,0.75030838,SEKER
712.513,1.243668678,0.963972923,0.99844333,0.99147127,0.76107094,SEKER
718.457,1.345573903,0.948453632,0.99853392,0.990415904,0.772996032,SEKER
716.507,1.255313227,0.953916891,0.997564663,0.991250159,0.754915445,SEKER
716.184,1.336768549,0.954900019,0.998584726,0.992235432,0.768939394,SEKER
719.366,1.274323288,0.946980961,0.999058437,0.991104786,0.784679464,SEKER
711.172,1.238284266,0.969574576,0.998798036,0.992623305,0.783594378,SEKER
712.794,1.263741855,0.965513228,0.998737596,0.991592156,0.741443495,SEKER
717.134,1.243136639,0.953935578,0.998792314,0.991718742,0.754746162,SEKER
724.031,1.259476941,0.936303532,0.997082232,0.989637174,0.763676534,SEKER
717.191,1.233667023,0.954370295,0.998873835,0.991497246,0.762283886,SEKER
715.415,1.274351378,0.959261892,0.998466319,0.991548867,0.769155052,SEKER
727.356,1.244281232,0.928095293,0.997191752,0.988214168,0.762072866,SEKER
781.022,1.289026047,0.804954257,0.99633518,0.98314211,0.728611919,SEKER
719.5,1.228620915,0.948691584,0.997924658,0.988691846,0.749328936,SEKER
716.009,1.291811132,0.958087646,0.997794939,0.992509268,0.782506857,SEKER
719.97,1.297683068,0.947598823,0.999114289,0.990321763,0.783420852,SEKER
717.854,1.236119779,0.95326664,0.999283698,0.990799412,0.745556149,SEKER
730.036,1.230472619,0.921906677,0.998101791,0.989923285,0.742508261,SEKER
715.945,1.299365836,0.958626686,0.998105498,0.99132948,0.751932618,SEKER
714.999,1.24382548,0.961214203,0.99877742,0.991631587,0.795556731,SEKER
717.398,1.314528477,0.954893962,0.998018395,0.992261437,0.787721312,SEKER
714.589,1.261774245,0.962809709,0.998462858,0.991711237,0.768584001,SEKER
714.71,1.302540682,0.962852743,0.998920395,0.992594659,0.79408781,SEKER
713.315,1.292382594,0.966671841,0.998307107,0.992418864,0.760758017,SEKER
711.099,1.244525273,0.972706113,0.999038866,0.992947563,0.759341171,SEKER
716.674,1.278478283,0.957729497,0.997113163,0.992067515,0.765208382,SEKER
725.519,1.325117194,0.934854184,0.998877344,0.990664845,0.753927609,SEKER
731.796,1.371842619,0.918908956,0.999237491,0.98926361,0.747256941,SEKER
719.195,1.343709572,0.95175584,0.997907993,0.992852979,0.756390948,SEKER
721.153,1.292838711,0.946787944,0.998483169,0.990294943,0.753765654,SEKER
713.669,1.226256679,0.966872701,0.999414787,0.991197896,0.763958203,SEKER
738.413,1.250480758,0.903320497,0.999391843,0.989348007,0.754040015,SEKER
723.947,1.255008779,0.939949547,0.998862432,0.988900661,0.783272393,SEKER
713.397,1.26674746,0.968103959,0.999050192,0.993387215,0.77639604,SEKER
721.759,1.321853784,0.945970661,0.998105237,0.987509758,0.738679174,SEKER
715.918,1.223563478,0.961690178,0.998368048,0.991381271,0.778439311,SEKER
726.769,1.404271103,0.933258965,0.9986108,0.990705897,0.739852886,SEKER
715.421,1.316388126,0.963272326,0.998366808,0.993215533,0.793086719,SEKER
715.008,1.224540258,0.964680415,0.999060795,0.991837044,0.778875923,SEKER
723.526,1.299443081,0.942364002,0.998227202,0.99163888,0.760455611,SEKER
742.362,1.339092639,0.895286174,0.993202736,0.987301348,0.781586543,SEKER
729.415,1.284867034,0.927586803,0.997452435,0.989344015,0.753540044,SEKER
720.452,1.354979075,0.950882846,0.998692979,0.991893325,0.745699639,SEKER
725.636,1.331410549,0.937345015,0.998445744,0.991793137,0.773987585,SEKER
720.153,1.318830229,0.951696834,0.998583237,0.991868482,0.772773777,SEKER
750.197,1.452219606,0.877107469,0.997441184,0.985375643,0.70901018,SEKER
727.618,1.269652459,0.932459017,0.997263212,0.989895681,0.784507549,SEKER
723.891,1.344033658,0.942157329,0.998814522,0.991720517,0.752759044,SEKER
729.001,1.25245636,0.929302738,0.998029876,0.988058126,0.764968078,SEKER
724.304,1.27370135,0.941514356,0.998644094,0.989975821,0.753103924,SEKER
747.5,1.24203488,0.884370227,0.998414582,0.984946398,0.768687935,SEKER
719.707,1.261861991,0.954041226,0.997997807,0.990304709,0.776376056,SEKER
722.8,1.354932638,0.94615823,0.998891742,0.991730537,0.775857988,SEKER
721.525,1.249696384,0.949577494,0.998734785,0.991281341,0.778928402,SEKER
732.772,1.367989805,0.920698693,0.99787532,0.98916323,0.768138863,SEKER
716.234,1.251018802,0.963756833,0.997706897,0.991781996,0.74407565,SEKER
714.687,1.239599004,0.968450265,0.998986678,0.99173637,0.78476874,SEKER
724.816,1.293456313,0.941619858,0.99898397,0.990563901,0.784433286,SEKER
728.934,1.223438988,0.931034488,0.999096281,0.989717418,0.767447754,SEKER
717.522,1.256093561,0.960983358,0.999025593,0.991837763,0.792300572,SEKER
748.882,1.331984258,0.882498406,0.997684836,0.987216443,0.767110748,SEKER
718.796,1.346265441,0.958212238,0.999424558,0.992817902,0.790184123,SEKER
715.247,1.262289075,0.967916926,0.998704604,0.992069287,0.789058432,SEKER
720.487,1.260577498,0.954276405,0.99742585,0.990153722,0.740420736,SEKER
726.064,1.308968889,0.940054243,0.996342322,0.991003669,0.779367589,SEKER
726.844,1.251908158,0.938228011,0.998370824,0.991653258,0.746225737,SEKER
725.307,1.327958888,0.942232514,0.998006676,0.988621269,0.753184014,SEKER
724.726,1.283478212,0.943767788,0.999559439,0.990359026,0.772632898,SEKER
747.706,1.301144839,0.886737633,0.999202831,0.986225344,0.748520036,SEKER
735.692,1.356610695,0.915981751,0.99791076,0.987534418,0.736429478,SEKER
717.993,1.298069378,0.961746211,0.998061821,0.99182986,0.796567737,SEKER
726.205,1.225777577,0.940141973,0.998271272,0.989814606,0.781581189,SEKER
737.717,1.361959073,0.912276145,0.998989879,0.987058735,0.773321589,SEKER
721.708,1.323253449,0.95331806,0.998419229,0.991468861,0.763334299,SEKER
721.543,1.229228559,0.953995485,0.998768256,0.991197492,0.750693257,SEKER
723.825,1.283473758,0.948253489,0.997462934,0.989785444,0.747947331,SEKER
726.291,1.318439599,0.942635114,0.996557007,0.991505463,0.734118738,SEKER
720.724,1.236911246,0.958342157,0.99922495,0.991043731,0.755415713,SEKER
733.765,1.301439485,0.924743552,0.998751253,0.990005247,0.783891263,SEKER
723.79,1.241046582,0.950432111,0.998923669,0.991640805,0.797544283,SEKER
723.609,1.238987746,0.95105164,0.99931012,0.991294777,0.752554218,SEKER
717.433,1.252531355,0.967667217,0.998698568,0.993258821,0.764121843,SEKER
715.39,1.247203647,0.973447549,0.999165957,0.992589069,0.772265077,SEKER
716.495,1.252515011,0.971010308,0.998846452,0.993239521,0.801535664,SEKER
722.087,1.235713024,0.956077311,0.999123612,0.990734497,0.796346482,SEKER
742.795,1.243928391,0.904150128,0.996873527,0.985967265,0.745082583,SEKER
718.722,1.272943194,0.965804962,0.999680521,0.992028986,0.77762761,SEKER
720.914,1.221962329,0.959989027,0.999417094,0.991261578,0.763768924,SEKER
720.946,1.276764091,0.959976339,0.999148273,0.992426704,0.783124926,SEKER
719.045,1.271132336,0.965131906,0.998767887,0.991584678,0.772338274,SEKER
739.568,1.304036277,0.912586026,0.99802204,0.986734567,0.784550357,SEKER
727.917,1.231152078,0.94219944,0.997786693,0.990007227,0.767557333,SEKER
727.157,1.295685831,0.944288809,0.99758992,0.992506182,0.761051946,SEKER
721.292,1.254811036,0.960214957,0.996533665,0.991594123,0.791912351,SEKER
737.943,1.394905442,0.917394193,0.997249862,0.988733585,0.733027252,SEKER
722.344,1.260274684,0.957660974,0.998748544,0.991893038,0.767422561,SEKER
736.601,1.270231836,0.92097161,0.997093136,0.988834734,0.749759602,SEKER
724.386,1.246902837,0.952341252,0.998875591,0.991275519,0.784854346,SEKER
719.021,1.256796099,0.966897808,0.998564315,0.992613849,0.775298199,SEKER
727.139,1.251062387,0.945999253,0.995888747,0.989090999,0.79115484,SEKER
723.396,1.316822902,0.956558592,0.999499816,0.992253083,0.774980545,SEKER
731.546,1.22690688,0.935387163,0.998766565,0.988976886,0.793778894,SEKER
724.609,1.286444999,0.953957035,0.998662091,0.991468086,0.785476402,SEKER
732.632,1.281218722,0.933388715,0.999265619,0.989354046,0.753876409,SEKER
743.961,1.300713999,0.905859099,0.997020624,0.986109738,0.761528478,SEKER
730.829,1.30941404,0.938776262,0.998223072,0.98970632,0.769324207,SEKER
737.776,1.257316607,0.921803545,0.99883703,0.988439163,0.748261839,SEKER
721.559,1.243761918,0.963752412,0.999355689,0.992444201,0.769319693,SEKER
737.056,1.26047607,0.923767292,0.998699043,0.989469772,0.782210992,SEKER
730.921,1.253046457,0.939457299,0.998538418,0.990305224,0.755981224,SEKER
739.057,1.230508069,0.919139963,0.998414341,0.988543574,0.755360182,SEKER
729.801,1.268473133,0.943381151,0.997550287,0.990855698,0.820891845,SEKER
720.425,1.238827625,0.968435252,0.999004793,0.992604725,0.78868185,SEKER
738.009,1.372591921,0.922882773,0.998545409,0.988386459,0.727563753,SEKER
742.191,1.376264662,0.912717113,0.997514941,0.98848672,0.777628766,SEKER
719.269,1.247853688,0.972109337,0.99883308,0.992682806,0.782332473,SEKER
723.751,1.352046255,0.960658353,0.99897307,0.99266237,0.781803983,SEKER
726.711,1.257583618,0.953324388,0.998017196,0.991609534,0.766452403,SEKER
727.083,1.336229961,0.952990941,0.998884398,0.989901235,0.786823151,SEKER
740.571,1.227933473,0.919051716,0.999274954,0.986886133,0.760311623,SEKER
726.074,1.23743451,0.956165868,0.998633218,0.99240475,0.783579466,SEKER
735.396,1.246538264,0.932124952,0.995116167,0.987737916,0.763658862,SEKER
724.693,1.269676487,0.959885329,0.99872393,0.991497776,0.778800233,SEKER
734.219,1.37112315,0.935209103,0.998891146,0.991277921,0.753408451,SEKER
724.676,1.29540172,0.960097867,0.998812229,0.992431176,0.794987121,SEKER
730.299,1.38098397,0.945440758,0.999116124,0.991181484,0.784584401,SEKER
721.437,1.224504011,0.96881066,0.998950325,0.992898325,0.760956553,SEKER
735.881,1.371288185,0.931523233,0.997914342,0.990133689,0.781855011,SEKER
721.446,1.239863586,0.96919693,0.998493712,0.991674901,0.747820417,SEKER
732.715,1.260725088,0.939684319,0.99820966,0.990061407,0.767257855,SEKER
722.163,1.233726337,0.96744202,0.99894818,0.992755236,0.765855985,SEKER
731.962,1.244835872,0.942087796,0.99751875,0.990750105,0.753866366,SEKER
737.07,1.280522155,0.929121698,0.99869659,0.988629092,0.79617847,SEKER
729.067,1.22941722,0.950293633,0.997169856,0.990195595,0.77297027,SEKER
742.209,1.286921069,0.91696144,0.998810875,0.989026401,0.76230301,SEKER
726.182,1.237369949,0.958002326,0.998996426,0.991271329,0.756757774,SEKER
727.238,1.241087224,0.956196358,0.999298963,0.991206897,0.795441967,SEKER
726.411,1.300962263,0.95849388,0.996508544,0.991965298,0.808452515,SEKER
725.14,1.282099501,0.961856854,0.99910276,0.992063101,0.757894737,SEKER
729.52,1.289513921,0.950743056,0.997411817,0.991040882,0.798433472,SEKER
722.923,1.240851789,0.968366511,0.998977738,0.99260592,0.778583304,SEKER
737.587,1.337045828,0.93052217,0.999080959,0.98854044,0.745562897,SEKER
729.425,1.269162764,0.952053544,0.998579805,0.991050794,0.751659581,SEKER
730.663,1.263725654,0.949206664,0.998539956,0.991761147,0.792991564,SEKER
724.982,1.225517494,0.964212749,0.996442382,0.992078916,0.790826732,SEKER
730.78,1.33527045,0.949185116,0.998527642,0.991739195,0.779342723,SEKER
732.176,1.258313725,0.945592489,0.996413062,0.989792663,0.803565737,SEKER
744.73,1.270995185,0.914185184,0.996894088,0.986865599,0.762117034,SEKER
736.091,1.401579016,0.936117333,0.997663427,0.992183083,0.740388143,SEKER
732.896,1.341032734,0.944390557,0.998035216,0.992427781,0.768895238,SEKER
724.736,1.25693763,0.966111528,0.998735188,0.99247917,0.747298098,SEKER
729.945,1.325085866,0.952537178,0.998543642,0.991871117,0.784537685,SEKER
736.057,1.387321863,0.93687646,0.998761136,0.991117436,0.768844221,SEKER
730.714,1.222263119,0.950651017,0.998055779,0.990874525,0.766834362,SEKER
724.683,1.236301745,0.96665963,0.999509033,0.992238542,0.792117647,SEKER
730.648,1.298805876,0.951340635,0.998847669,0.991292617,0.770837307,SEKER
726.959,1.302301288,0.961186863,0.998164702,0.992876793,0.782507695,SEKER
730.904,1.291863429,0.95138002,0.997006502,0.991420517,0.767981923,SEKER
742.366,1.351626892,0.922251341,0.997664131,0.986343462,0.732876712,SEKER
728.447,1.294428453,0.957998172,0.999199965,0.991470797,0.780704802,SEKER
732.301,1.322731344,0.948573775,0.998317822,0.991913747,0.784739454,SEKER
733.501,1.254987596,0.945566026,0.999169196,0.99089485,0.758681434,SEKER
733.929,1.264762946,0.944486839,0.997268329,0.991428921,0.792177044,SEKER
727.151,1.292915364,0.962628171,0.998339949,0.992404567,0.756207759,SEKER
733.046,1.267753275,0.947488549,0.998259627,0.990708138,0.772336491,SEKER
730.217,1.251854935,0.955103511,0.998926804,0.99211731,0.772531453,SEKER
755.94,1.238038528,0.891341157,0.998561114,0.985485047,0.767205482,SEKER
725.149,1.297768521,0.968978378,0.998584566,0.993336436,0.761989777,SEKER
737.031,1.397415785,0.938427099,0.998288423,0.990743681,0.788362873,SEKER
746.02,1.336622362,0.916422776,0.998837305,0.98864882,0.777528736,SEKER
727.926,1.232742136,0.962642765,0.997953755,0.991378468,0.795434058,SEKER
735.327,1.259449942,0.943478661,0.998310746,0.989591205,0.780392157,SEKER
730.855,1.264053326,0.955060015,0.998575038,0.992082111,0.768397941,SEKER
727.677,1.239286177,0.964488277,0.997783877,0.992211914,0.79055789,SEKER
741.995,1.237051111,0.927738798,0.997133298,0.989314835,0.736861188,SEKER
728.896,1.306584407,0.961430537,0.998805193,0.992140591,0.754501244,SEKER
727.588,1.240699418,0.964914149,0.999394936,0.99199551,0.758575001,SEKER
734.559,1.290775625,0.947315699,0.998661813,0.991009867,0.753482513,SEKER
732.945,1.290948742,0.951773117,0.998917982,0.991278078,0.798539831,SEKER
735.097,1.321817045,0.946301654,0.997257891,0.990820327,0.764312547,SEKER
730.309,1.27255935,0.958821163,0.998987568,0.992222168,0.759518477,SEKER
728.852,1.229980461,0.963013259,0.998484762,0.991258614,0.791576737,SEKER
744.134,1.259256381,0.924069575,0.998964794,0.988973356,0.756647775,SEKER
739.522,1.270075728,0.935907096,0.998947368,0.989938024,0.759396674,SEKER
724.96,1.225102517,0.9740266,0.998927116,0.993270426,0.748401675,SEKER
727.315,1.2840613,0.968037961,0.999372819,0.993684313,0.781894583,SEKER
725.165,1.24337515,0.974455735,0.999495236,0.993688622,0.802779746,SEKER
753.802,1.299507196,0.902088193,0.998778547,0.986075521,0.793579767,SEKER
757.35,1.390129362,0.893765408,0.999308841,0.988083416,0.740327381,SEKER
730.673,1.303225103,0.960408158,0.999085258,0.993063668,0.776076537,SEKER
732.103,1.304999703,0.957105406,0.999060992,0.99152316,0.784148754,SEKER
736.42,1.271112943,0.945963261,0.999097489,0.991379101,0.749339207,SEKER
737.916,1.341279064,0.942362367,0.998929278,0.991742362,0.749357704,SEKER
749.469,1.319994118,0.913779512,0.998048346,0.988743646,0.77141724,SEKER
737.982,1.271988616,0.942470703,0.998787787,0.990686393,0.77744152,SEKER
738.479,1.278306935,0.941548195,0.996909109,0.987624779,0.784009363,SEKER
737.27,1.334312081,0.944684928,0.997597667,0.991291058,0.809088209,SEKER
731.734,1.280522234,0.959784223,0.997655258,0.992067343,0.744411679,SEKER
732.606,1.232078378,0.957617843,0.998994264,0.991875834,0.79171506,SEKER
735.219,1.27225698,0.950846356,0.998091412,0.990530853,0.78935078,SEKER
732.558,1.275997374,0.957883841,0.998823488,0.991756776,0.774910965,SEKER
737.658,1.270143003,0.945077044,0.993982209,0.989099434,0.816924183,SEKER
732.474,1.271094875,0.959204391,0.996921633,0.992607494,0.802024989,SEKER
733.353,1.319410231,0.956976454,0.998984301,0.992295392,0.747031464,SEKER
727.564,1.251343156,0.972408202,0.998779212,0.993331232,0.782912844,SEKER
745.06,1.249570456,0.927342848,0.998451946,0.988823984,0.785311709,SEKER
783.467,1.374489951,0.838815044,0.998366068,0.987063358,0.773075472,SEKER
728.902,1.229814727,0.970260632,0.998767907,0.992211687,0.779530252,SEKER
750.784,1.377199984,0.914727947,0.99820682,0.988508239,0.742992177,SEKER
742.96,1.415302385,0.934163411,0.998217733,0.990513433,0.780499867,SEKER
731.336,1.22612326,0.964188943,0.998375573,0.991687207,0.762802283,SEKER
741.688,1.454214303,0.93759879,0.997911092,0.993200242,0.770866201,SEKER
736.776,1.357047958,0.950489428,0.997588654,0.992074806,0.787536443,SEKER
735.08,1.246222961,0.955461894,0.998882733,0.991409266,0.763302616,SEKER
735.676,1.235044158,0.953984063,0.99801476,0.98961896,0.766034007,SEKER
738.571,1.258954302,0.946612145,0.99878446,0.990049152,0.753534687,SEKER
746.459,1.384492402,0.927501067,0.998721057,0.989057502,0.770337348,SEKER
733.392,1.270951924,0.96145392,0.998553835,0.992331806,0.788790707,SEKER
728.657,1.222926273,0.974132076,0.998946354,0.992811656,0.770402815,SEKER
742.126,1.391423002,0.93934448,0.998903564,0.99075879,0.758875576,SEKER
732.169,1.281035508,0.965371836,0.998421067,0.992744016,0.781382817,SEKER
735.826,1.30332824,0.956055331,0.99895646,0.992028706,0.776640271,SEKER
738.357,1.244269974,0.949719529,0.997928029,0.99059938,0.759036145,SEKER
748.827,1.23460686,0.923795692,0.998001549,0.986384628,0.722116143,SEKER
738.928,1.344836882,0.948804675,0.999272636,0.991128741,0.742115495,SEKER
769.813,1.328759093,0.874199555,0.998113827,0.983186664,0.76384051,SEKER
744.176,1.392264453,0.935537813,0.997445883,0.99086736,0.796788033,SEKER
740.629,1.23928903,0.944840902,0.999074097,0.99132295,0.779022326,SEKER
736.602,1.285184853,0.955501108,0.99757736,0.991254205,0.784677711,SEKER
737.909,1.359289058,0.952257768,0.997818261,0.992447566,0.757100917,SEKER
732.882,1.24331349,0.965436253,0.998961878,0.991804067,0.774958684,SEKER
742.954,1.313026142,0.939574033,0.996969392,0.989759701,0.753739385,SEKER
734.41,1.266164984,0.961632783,0.9992368,0.992139612,0.791933689,SEKER
743.692,1.353276012,0.937823796,0.997645296,0.991448885,0.733795556,SEKER
737.859,1.335047821,0.95287154,0.998933563,0.992141312,0.767113869,SEKER
743.117,1.296842345,0.939480477,0.998916536,0.989359918,0.773040482,SEKER
748.997,1.317285772,0.924854797,0.99794393,0.990547479,0.792871683,SEKER
754.588,1.468022654,0.911487343,0.998593216,0.990170459,0.784593465,SEKER
742.837,1.253908295,0.940553224,0.996109889,0.991073357,0.780117865,SEKER
738.828,1.312898272,0.951271544,0.998737059,0.99274457,0.742773943,SEKER
795.35,1.303424565,0.820890324,0.999134261,0.982197186,0.739363035,SEKER
763.498,1.320454743,0.890811674,0.996192206,0.984255907,0.755392659,SEKER
733.765,1.300796103,0.964491117,0.998796956,0.993055055,0.790511717,SEKER
742.671,1.41886262,0.941543314,0.99752946,0.99100741,0.777886534,SEKER
743.053,1.3875964,0.940666517,0.998751022,0.992483731,0.736654487,SEKER
740.092,1.345621469,0.948254397,0.998359475,0.991817244,0.75007259,SEKER
734.848,1.296153221,0.961883037,0.998175699,0.992317665,0.783137552,SEKER
739.16,1.235266742,0.950854198,0.997635806,0.990630691,0.744185628,SEKER
745.823,1.363673682,0.934234375,0.999109038,0.988573341,0.772914175,SEKER
730.92,1.238765337,0.972743188,0.998350228,0.993608995,0.7924691,SEKER
734.84,1.273253144,0.962392682,0.998602367,0.993084072,0.79350308,SEKER
755.398,1.256890065,0.910832949,0.997860649,0.987277111,0.774386819,SEKER
733.668,1.288547682,0.965960156,0.998436936,0.992753971,0.762494471,SEKER
740.424,1.302350182,0.948458612,0.998143318,0.993159398,0.733028628,SEKER
750.344,1.318717769,0.923769196,0.998952459,0.989622687,0.78804265,SEKER
738.976,1.253037604,0.952432332,0.998562645,0.988889951,0.769240777,SEKER
737.397,1.261049017,0.956608058,0.99786947,0.990689771,0.76268126,SEKER
741.713,1.270182381,0.945621727,0.998572208,0.990335391,0.772927558,SEKER
738.127,1.351204805,0.955408783,0.997780871,0.993905511,0.754407372,SEKER
749.935,1.289545811,0.925782566,0.997320758,0.985209844,0.747834091,SEKER
738.189,1.284013606,0.955525031,0.999175211,0.992051141,0.7905029,SEKER
740.182,1.225705271,0.950478049,0.997232538,0.990534242,0.770814732,SEKER
740.397,1.322873388,0.950269973,0.9989605,0.992244722,0.78842862,SEKER
731.423,1.239945908,0.973778169,0.998284144,0.993362567,0.80522104,SEKER
737.975,1.272601534,0.956679212,0.99808066,0.990539217,0.771467912,SEKER
733.677,1.275484397,0.968037537,0.998662372,0.993268977,0.754805592,SEKER
735.254,1.229890146,0.964795992,0.998971072,0.992111868,0.768411893,SEKER
732.598,1.225191282,0.972342844,0.998814961,0.992258434,0.801822675,SEKER
734.376,1.234380943,0.967826667,0.999177275,0.99223621,0.793110691,SEKER
742.954,1.285714787,0.945607013,0.998876774,0.99147829,0.739482633,SEKER
736.546,1.276725635,0.962896683,0.999154432,0.993356752,0.763967507,SEKER
749.958,1.368928955,0.928876106,0.998977983,0.989715755,0.752470588,SEKER
745.494,1.298274,0.94030492,0.999050722,0.99009571,0.743762631,SEKER
747.919,1.368059516,0.93441943,0.996357527,0.990262832,0.713709677,SEKER
756.279,1.573057229,0.914138888,0.998164178,0.991043994,0.708204255,SEKER
748.956,1.240448006,0.932304092,0.997716438,0.988855887,0.774784503,SEKER
741.44,1.284526061,0.951370062,0.998388864,0.991518761,0.796383467,SEKER
813.48,1.41819969,0.790328685,0.996554567,0.985205,0.7599423,SEKER
740.681,1.325126566,0.953481202,0.999174517,0.992678797,0.763093732,SEKER
742.831,1.294738903,0.948038127,0.99812941,0.989917485,0.761153368,SEKER
738.396,1.236860483,0.95966809,0.998386859,0.992609898,0.796518412,SEKER
742.133,1.254927673,0.950187348,0.997923769,0.992374598,0.788955196,SEKER
741.375,1.277121735,0.952154194,0.999084466,0.99048661,0.755482993,SEKER
741.176,1.282419355,0.954426954,0.997374082,0.991964052,0.774483962,SEKER
778.322,1.493687461,0.865603136,0.999188185,0.986944182,0.783050911,SEKER
735.759,1.250939015,0.968811121,0.998891488,0.992508918,0.773988354,SEKER
744.211,1.242425376,0.947951526,0.999114355,0.990188178,0.763077148,SEKER
737.016,1.248093166,0.966573451,0.998514787,0.992257819,0.772391992,SEKER
744.664,1.257419804,0.947206453,0.997194668,0.991225574,0.778883423,SEKER
757.765,1.387070884,0.915568694,0.997941107,0.988937216,0.773966774,SEKER
754.738,1.309745084,0.923523133,0.995956635,0.989107835,0.784112832,SEKER
741.243,1.231580024,0.957593616,0.998728841,0.991428098,0.769198266,SEKER
754.125,1.34215929,0.925157717,0.99872627,0.98943662,0.78113806,SEKER
748.149,1.343186767,0.940333299,0.998804839,0.991525022,0.742703124,SEKER
745.189,1.364529349,0.948474677,0.99680339,0.991577752,0.736297519,SEKER
750.442,1.467980058,0.935354312,0.998812082,0.992752937,0.714714408,SEKER
741.282,1.330386291,0.958750641,0.999328665,0.992871522,0.798005177,SEKER
742.531,1.299818608,0.955641913,0.997892012,0.992237972,0.800171756,SEKER
752.911,1.395186102,0.929495822,0.998836827,0.990714269,0.757542909,SEKER
747.385,1.279054867,0.943314107,0.998561697,0.990223167,0.779966518,SEKER
748.883,1.236514394,0.939790512,0.998522084,0.989314778,0.750438361,SEKER
744.319,1.339530141,0.951509801,0.998674205,0.992570333,0.738642767,SEKER
754.72,1.522453854,0.926016029,0.998346843,0.99173046,0.803084223,SEKER
744.924,1.277267861,0.950802757,0.9980463,0.991522021,0.756913647,SEKER
741.939,1.280172134,0.959404726,0.99778075,0.991483439,0.762463716,SEKER
745.326,1.22938173,0.950772718,0.997250847,0.990502675,0.778765981,SEKER
746.014,1.290413215,0.949087594,0.998426682,0.990993752,0.758170996,SEKER
761.435,1.404454152,0.911207384,0.999162295,0.987712621,0.777759278,SEKER
776.18,1.316795696,0.877103751,0.998371784,0.986209484,0.770329932,SEKER
755.763,1.293283417,0.925155936,0.998950905,0.987947561,0.763453159,SEKER
749.694,1.28367321,0.940262475,0.999024905,0.991722674,0.773677239,SEKER
752.331,1.231749212,0.933749193,0.998534186,0.989553187,0.760579427,SEKER
762.413,1.344687681,0.909411613,0.998160937,0.989206349,0.727282158,SEKER
753.785,1.233270802,0.930504253,0.999044797,0.988836138,0.779620502,SEKER
750.704,1.43097149,0.938269272,0.997384621,0.991610501,0.749118747,SEKER
743.573,1.328500704,0.95671556,0.998250248,0.991496879,0.787569226,SEKER
761.563,1.384046497,0.912201125,0.998374156,0.988913161,0.716807982,SEKER
741.324,1.263952074,0.963626836,0.999221541,0.993025119,0.791488243,SEKER
746.003,1.343572062,0.95159941,0.998525192,0.992347179,0.803182771,SEKER
762.389,1.385265428,0.911457915,0.997507693,0.989067192,0.735241284,SEKER
751.793,1.420738741,0.937376175,0.997932412,0.992887758,0.77877937,SEKER
741.927,1.25400708,0.9627688,0.998954868,0.991699196,0.799700394,SEKER
751.217,1.37759324,0.939192757,0.999059288,0.992306606,0.730337662,SEKER
746.834,1.369155968,0.950271456,0.998693345,0.992797288,0.745260182,SEKER
749.314,1.278022332,0.944685465,0.998670794,0.990519325,0.76352158,SEKER
747.163,1.343875409,0.950155096,0.999327252,0.992335904,0.770536692,SEKER
740.738,1.286234818,0.966915578,0.998052771,0.993107828,0.775628307,SEKER
759.426,1.477869578,0.920152948,0.998512325,0.990709895,0.784652546,SEKER
743.56,1.31328589,0.960226531,0.998700723,0.993229105,0.75867828,SEKER
739.448,1.228816277,0.970958664,0.99858516,0.992249519,0.775420307,SEKER
743.905,1.346814494,0.960017325,0.99885526,0.993373904,0.794680451,SEKER
746.427,1.266026912,0.953608606,0.998990642,0.991859619,0.781486821,SEKER
756.137,1.315774947,0.929647808,0.998313715,0.990191029,0.754656723,SEKER
748.595,1.283004489,0.948586459,0.998163499,0.990795175,0.760923138,SEKER
741.757,1.274376703,0.966270648,0.998301561,0.993308603,0.753329772,SEKER
751.298,1.221997071,0.94199577,0.997942617,0.991099035,0.774945055,SEKER
744.441,1.222870656,0.959497045,0.998100801,0.992284964,0.798396226,SEKER
750.314,1.228305281,0.944646725,0.996539706,0.990451226,0.760330579,SEKER
744.146,1.240175814,0.960779879,0.998647271,0.991127654,0.750593908,SEKER
741.226,1.255143777,0.968387491,0.999382735,0.99210329,0.771202186,SEKER
746.022,1.293303573,0.956563499,0.996942949,0.9915044,0.769405398,SEKER
753.514,1.254604974,0.937746985,0.998284904,0.990740308,0.75190772,SEKER
757.59,1.316837601,0.929106725,0.999083851,0.991750023,0.757767857,SEKER
742.904,1.233141244,0.9666135,0.998604683,0.992449037,0.782875689,SEKER
747.718,1.30674311,0.954386771,0.99956213,0.991894038,0.759914811,SEKER
754.241,1.260810554,0.938104889,0.99777544,0.98907702,0.774059493,SEKER
747.511,1.330211741,0.955612586,0.999065674,0.991437038,0.764904954,SEKER
758.807,1.293370966,0.927591102,0.999157506,0.990537895,0.756721148,SEKER
748.99,1.240484945,0.952155901,0.997587467,0.990446454,0.799947305,SEKER
758.388,1.437541964,0.928922233,0.998327002,0.991557442,0.726520848,SEKER
746.807,1.23675735,0.958226248,0.998524921,0.991721661,0.788066339,SEKER
743.443,1.262757188,0.967076762,0.998778623,0.992996381,0.7606402,SEKER
751.032,1.267476959,0.948344268,0.996383111,0.990183535,0.788044283,SEKER
755.861,1.411342227,0.936771412,0.996319342,0.992265039,0.692520325,SEKER
748.901,1.356964528,0.95482446,0.998464256,0.993032577,0.76825311,SEKER
748.262,1.224932885,0.9564784,0.998501395,0.991623232,0.774273256,SEKER
755.012,1.238628597,0.939827286,0.997106014,0.989669901,0.749525316,SEKER
753.58,1.233254552,0.943601673,0.999209333,0.990476633,0.780845999,SEKER
765.967,1.338681992,0.913329133,0.998369174,0.988479102,0.770100412,SEKER
755.515,1.351255034,0.938972557,0.999185224,0.991860654,0.784256399,SEKER
761.493,1.319607437,0.924461233,0.99537441,0.990342426,0.791124216,SEKER
744.706,1.256224204,0.966858236,0.998643108,0.993157062,0.785241075,SEKER
753.464,1.29393285,0.944888328,0.999146305,0.99223635,0.767199856,SEKER
759.155,1.354781862,0.930992778,0.99884874,0.99104055,0.736663216,SEKER
751.454,1.32945497,0.950417221,0.999153436,0.991894465,0.787476491,SEKER
830.978,1.354703733,0.777303973,0.997593932,0.987104527,0.769936549,SEKER
751.259,1.303292659,0.951044266,0.99820792,0.992979357,0.757662835,SEKER
744.219,1.227922359,0.969235773,0.997964253,0.992080817,0.790156111,SEKER
748.355,1.249770356,0.95879868,0.998818573,0.99118534,0.754480445,SEKER
761.007,1.389310478,0.927421671,0.997940312,0.987979936,0.773242877,SEKER
771.732,1.325741007,0.901865653,0.997349776,0.986521107,0.742104624,SEKER
748.893,1.292952392,0.957712867,0.999166076,0.991624907,0.745430764,SEKER
752.754,1.285112276,0.948379245,0.999113502,0.990847795,0.772303691,SEKER
753.505,1.329472843,0.946666797,0.997775998,0.992435844,0.782338308,SEKER
746.717,1.282047427,0.964114057,0.999352249,0.992506148,0.763910714,SEKER
745.798,1.234293749,0.966830445,0.998538137,0.992946308,0.786480923,SEKER
759.767,1.439012068,0.931844643,0.998821964,0.990902357,0.768698931,SEKER
752.58,1.302928857,0.949860638,0.997333164,0.99168404,0.778353514,SEKER
750.13,1.285191024,0.956276444,0.996704747,0.991984432,0.802774653,SEKER
747.535,1.306394705,0.963017173,0.999276876,0.992628993,0.787437482,SEKER
755.253,1.35694597,0.943699784,0.996715159,0.991757733,0.722970464,SEKER
748.792,1.324507796,0.960279717,0.998127872,0.993392224,0.786396006,SEKER
742.672,1.225515686,0.976558641,0.998933868,0.993509955,0.794274067,SEKER
752.306,1.22473791,0.952151318,0.999181346,0.992616083,0.786439994,SEKER
764.207,1.494601114,0.923329001,0.998364315,0.990535768,0.751887999,SEKER
751.413,1.239861331,0.955395065,0.998482977,0.991935484,0.778791727,SEKER
750.704,1.336412111,0.957312048,0.998941468,0.99234912,0.760194776,SEKER
751.381,1.221788691,0.955899349,0.999012485,0.990886228,0.761534915,SEKER
746.785,1.225687405,0.969661864,0.996180837,0.993764866,0.744721722,SEKER
765.563,1.357467541,0.923234303,0.999101453,0.990499632,0.774526028,SEKER
773.258,1.535813978,0.904992816,0.998344484,0.990112897,0.704163396,SEKER
762.089,1.393222262,0.931822116,0.999404472,0.991618697,0.776061846,SEKER
753.398,1.237309872,0.954485164,0.997643325,0.990716272,0.798906699,SEKER
755.011,1.282786988,0.950675746,0.999453878,0.992131962,0.748697917,SEKER
749.909,1.240968132,0.96437064,0.998925903,0.992616956,0.771763233,SEKER
755.211,1.341746321,0.951053603,0.998123156,0.992709627,0.755729468,SEKER
755.838,1.238985771,0.949828321,0.999104739,0.991276601,0.78183958,SEKER
781.451,1.254760983,0.88905846,0.995231764,0.981775212,0.729181435,SEKER
756.121,1.305321708,0.949732892,0.997256039,0.992329421,0.750625391,SEKER
750.007,1.26463314,0.965771782,0.998903997,0.992287741,0.786490076,SEKER
754.895,1.299748167,0.953459749,0.998785919,0.991015356,0.775569507,SEKER
754.888,1.225268308,0.954557971,0.998542272,0.991615697,0.753393901,SEKER
752.142,1.257704632,0.961585125,0.998571821,0.992457242,0.782307762,SEKER
762.695,1.272153251,0.935461785,0.997556459,0.990303474,0.749575904,SEKER
754.79,1.2743529,0.95573228,0.998959817,0.9913515,0.765854779,SEKER
751.813,1.256088493,0.963427372,0.998243445,0.992146897,0.781637807,SEKER
761.958,1.260995172,0.938441105,0.998758589,0.988937548,0.787736192,SEKER
751.489,1.251671761,0.964881353,0.997855337,0.992674328,0.765139752,SEKER
768.891,1.418032213,0.921933872,0.998590931,0.989957319,0.721488456,SEKER
762.115,1.440776313,0.938400666,0.998922815,0.992744335,0.76705279,SEKER
757.02,1.367737561,0.951206246,0.999022133,0.991882746,0.793440884,SEKER
767.442,1.293993405,0.9260373,0.999185273,0.989287017,0.756461874,SEKER
766.597,1.288254324,0.928186836,0.99736064,0.989581434,0.780420712,SEKER
767.911,1.311340596,0.925588422,0.998937025,0.989384966,0.75795756,SEKER
756.574,1.23156119,0.953557453,0.997790372,0.98882211,0.773415242,SEKER
753.432,1.244197332,0.962080611,0.998993261,0.991965672,0.778769308,SEKER
758.113,1.27111069,0.950783093,0.998149274,0.991088522,0.758265327,SEKER
760.012,1.323883103,0.946799133,0.998378761,0.991343964,0.792540793,SEKER
764.419,1.451140552,0.935999721,0.99860404,0.992135677,0.715384615,SEKER
762.479,1.442091164,0.940790384,0.999125328,0.992339436,0.785649819,SEKER
753.988,1.243039091,0.963027418,0.997733996,0.991150241,0.77115194,SEKER
752.431,1.240196368,0.968104721,0.999075502,0.991949056,0.788259958,SEKER
782.4,1.432586637,0.895545427,0.998084037,0.988131101,0.766925092,SEKER
760.859,1.257531207,0.946993275,0.998523392,0.990689436,0.764416253,SEKER
767.847,1.291782979,0.930090735,0.997273301,0.988739096,0.741474521,SEKER
770.305,1.305995852,0.924418607,0.998711904,0.990447233,0.750128888,SEKER
760.603,1.227976726,0.948304223,0.998638524,0.990898361,0.77864379,SEKER
776.121,1.272913345,0.910782823,0.996385395,0.985708157,0.810402435,SEKER
767.382,1.254780109,0.931730416,0.998129081,0.98937255,0.786801939,SEKER
764.364,1.349235262,0.93916712,0.998746032,0.990360626,0.781182911,SEKER
764.703,1.302771694,0.938442068,0.999241084,0.991215925,0.768702693,SEKER
756.109,1.241090973,0.959940092,0.999194537,0.992387575,0.799707013,SEKER
766.754,1.268866658,0.933599279,0.995782385,0.989466054,0.784404576,SEKER
763.553,1.244718851,0.941658979,0.999144253,0.990904761,0.781818182,SEKER
755.343,1.260403942,0.962284501,0.998750188,0.992075206,0.7588363,SEKER
770.263,1.372196806,0.925599615,0.998857927,0.989964661,0.743290132,SEKER
759.328,1.221829141,0.952690232,0.997643764,0.992124197,0.786286043,SEKER
759.502,1.354378098,0.952275549,0.998719676,0.99239466,0.773024687,SEKER
771.484,1.442851889,0.923748885,0.998963143,0.991838955,0.772212221,SEKER
782.625,1.303997129,0.89765668,0.998564783,0.985938662,0.782491281,SEKER
771.185,1.338270019,0.925056957,0.998951211,0.990363299,0.788999423,SEKER
759.364,1.346492952,0.954321522,0.997726798,0.993556438,0.734945623,SEKER
766.59,1.367715645,0.93652206,0.999104864,0.99005335,0.76512928,SEKER
773.977,1.542902957,0.918919438,0.998257071,0.991175472,0.745211119,SEKER
756.08,1.247933907,0.963355051,0.998263469,0.991874703,0.751440329,SEKER
761.709,1.29072814,0.949255983,0.99790769,0.991045586,0.802710623,SEKER
764.879,1.3380766,0.941511404,0.997961853,0.990665823,0.742315704,SEKER
762.654,1.358793412,0.947704391,0.999337496,0.992039261,0.763506928,SEKER
765.193,1.290285308,0.941726103,0.997826223,0.991414176,0.755596501,SEKER
758.336,1.35808097,0.958855439,0.998604906,0.993232079,0.796746196,SEKER
760.634,1.247365303,0.95376551,0.997796292,0.9909731,0.780907668,SEKER
762.456,1.270943478,0.949320713,0.996725751,0.991555847,0.770230454,SEKER
813.374,1.364623926,0.834222186,0.998372602,0.988543261,0.770643973,SEKER
762.262,1.225905763,0.950041889,0.997712118,0.991155235,0.796359747,SEKER
769.228,1.326676611,0.933295232,0.997279434,0.985513097,0.757768045,SEKER
765.591,1.262944726,0.942205118,0.998311452,0.98986418,0.749322239,SEKER
764.043,1.380039561,0.946069974,0.999253138,0.993287529,0.75064904,SEKER
760.195,1.229475869,0.955715451,0.997907384,0.991539954,0.796386896,SEKER
795.449,1.26903037,0.873136981,0.998619132,0.986691205,0.778840703,SEKER
763.577,1.221664831,0.947634576,0.997535443,0.989623894,0.803200526,SEKER
774.627,1.425934886,0.921105661,0.998467147,0.991434303,0.796187683,SEKER
761.71,1.370579657,0.953390284,0.998764787,0.992514261,0.769038593,SEKER
768.937,1.341921453,0.935744545,0.998239181,0.990617617,0.779104953,SEKER
774.452,1.270504553,0.922758141,0.99954499,0.988863442,0.773480857,SEKER
763.489,1.308173997,0.949577661,0.99838733,0.992563883,0.761614939,SEKER
778.306,1.311122079,0.913974093,0.99896614,0.989667101,0.780312423,SEKER
765.323,1.312043603,0.947027306,0.998324842,0.991598338,0.797488708,SEKER
770.979,1.369171301,0.933288953,0.999214153,0.990709156,0.785935553,SEKER
774.123,1.303774953,0.926079967,0.998322993,0.989181562,0.752402208,SEKER
771.361,1.236240763,0.93276608,0.998624522,0.990180033,0.749473934,SEKER
769.732,1.350717218,0.937290979,0.998091091,0.991163145,0.798438968,SEKER
778.339,1.274466382,0.916779875,0.99838587,0.989167655,0.793696687,SEKER
768.598,1.275902665,0.940484246,0.997633857,0.991767424,0.752365394,SEKER
781.713,1.240489078,0.909355993,0.998499398,0.986129075,0.779756657,SEKER
771.799,1.358416836,0.933669615,0.998343201,0.990555058,0.766106976,SEKER
764.47,1.254240787,0.952345754,0.997117095,0.991692976,0.779040315,SEKER
776.883,1.346947732,0.922155812,0.998893017,0.989964014,0.790441176,SEKER
760.743,1.301294405,0.962025702,0.999459384,0.992762391,0.788625845,SEKER
772.196,1.231545719,0.934522225,0.997750905,0.989688881,0.750982252,SEKER
769.972,1.272141625,0.940076975,0.999108231,0.990574677,0.741903647,SEKER
780.415,1.308784781,0.915457713,0.997591905,0.986701359,0.789034713,SEKER
758.724,1.276447135,0.969422765,0.998510272,0.993534386,0.777958798,SEKER
769.784,1.362512763,0.94193585,0.999092904,0.990721121,0.74655439,SEKER
765.401,1.334723167,0.952754559,0.997938903,0.99238125,0.757503923,SEKER
759.18,1.23294819,0.968694615,0.999313443,0.992449796,0.771980122,SEKER
772.915,1.290149948,0.934719603,0.998828213,0.989820239,0.783703704,SEKER
766.629,1.223723763,0.950239264,0.998438942,0.991411426,0.792644646,SEKER
774.803,1.230718085,0.930672187,0.997057959,0.98960536,0.745998188,SEKER
760.049,1.281618669,0.967285647,0.999153642,0.992389582,0.770534415,SEKER
769.816,1.276677738,0.943278269,0.996938306,0.991883696,0.773917431,SEKER
761.329,1.228457344,0.96449113,0.997678377,0.992880418,0.783263201,SEKER
793.424,1.548462489,0.888199264,0.998549572,0.987395424,0.787020659,SEKER
809.186,1.331355862,0.85431793,0.998011463,0.982562631,0.771972114,SEKER
757.601,1.241265747,0.97461965,0.997369982,0.99408218,0.771744595,SEKER
761.462,1.237588224,0.965259544,0.99800438,0.991959732,0.785211826,SEKER
789.281,1.434564511,0.898496275,0.997953236,0.98793417,0.797729064,SEKER
764.877,1.28118903,0.95676686,0.998094266,0.991430734,0.785590829,SEKER
772.808,1.28523393,0.937503377,0.996630307,0.9907498,0.775170062,SEKER
761.869,1.25876434,0.964791401,0.998069377,0.992406191,0.759234019,SEKER
778.735,1.525955183,0.924053605,0.997658944,0.992146131,0.696199963,SEKER
774.05,1.249472566,0.93613319,0.996815168,0.989316429,0.738777807,SEKER
779.929,1.49726158,0.922445342,0.997887705,0.992002133,0.789755744,SEKER
767.062,1.227122092,0.954655622,0.999281775,0.991438394,0.756943033,SEKER
770.546,1.413315754,0.94614807,0.998978343,0.992539964,0.731138479,SEKER
773.551,1.248867128,0.93885338,0.998784666,0.990648821,0.78089083,SEKER
776.694,1.222808481,0.931603649,0.997404546,0.990345011,0.763851882,SEKER
765.1,1.245683406,0.960094759,0.998639534,0.992675456,0.808810764,SEKER
765.217,1.230933755,0.960080176,0.998617637,0.991929226,0.785135135,SEKER
769.137,1.247415976,0.950573692,0.998813168,0.991535751,0.781368954,SEKER
827.325,1.244168429,0.821691573,0.997681608,0.982245144,0.751948925,SEKER
765.251,1.302449693,0.960960503,0.998398969,0.992157037,0.74918861,SEKER
783.558,1.236640143,0.917482,0.998843535,0.987879055,0.752492866,SEKER
766.523,1.277933499,0.958779046,0.998658194,0.991792035,0.783189783,SEKER
827.094,1.297568735,0.823509972,0.998097139,0.985989839,0.786836332,SEKER
772.654,1.340859837,0.94518127,0.998101449,0.990121497,0.736307884,SEKER
766.3,1.272156673,0.961455745,0.99868397,0.99189756,0.794510858,SEKER
775.198,1.320872236,0.939698757,0.996112916,0.992205785,0.774175209,SEKER
772.411,1.289761681,0.946660702,0.993311617,0.992491995,0.786852241,SEKER
777.754,1.346537169,0.933947965,0.998760077,0.990875229,0.769192602,SEKER
769.437,1.278285276,0.955223937,0.998640208,0.99228276,0.757626263,SEKER
768.751,1.345947,0.95705708,0.998626317,0.991431341,0.743643123,SEKER
797.835,1.463005298,0.888572173,0.998337029,0.984384568,0.709053388,SEKER
772.981,1.273834441,0.946716252,0.998767583,0.990319884,0.774607654,SEKER
768.715,1.25320316,0.958358867,0.998069367,0.992118704,0.776036644,SEKER
782.275,1.268948762,0.925566072,0.998160961,0.989484545,0.793315263,SEKER
774.785,1.294929094,0.944887593,0.99895793,0.991586116,0.769101009,SEKER
787.312,1.234525867,0.915159766,0.996517785,0.987120334,0.790356468,SEKER
773.686,1.300281134,0.94793076,0.998318345,0.992395604,0.757642874,SEKER
766.629,1.223013123,0.965783658,0.996199069,0.992027585,0.809393255,SEKER
768.607,1.31431896,0.960925549,0.997327264,0.992202772,0.793570487,SEKER
765.944,1.269011758,0.968068787,0.997766606,0.993056624,0.785098843,SEKER
773.044,1.343200686,0.950830669,0.998385552,0.992885532,0.734734003,SEKER
788.51,1.259280744,0.913917098,0.998790688,0.989799492,0.784054654,SEKER
774.166,1.344695598,0.948642702,0.998722264,0.992192982,0.753689822,SEKER
786.514,1.255296535,0.919252305,0.992819567,0.989482431,0.714024236,SEKER
771.915,1.318740784,0.954900539,0.998870859,0.991503526,0.79355732,SEKER
795.88,1.50560698,0.89925164,0.99847476,0.989197565,0.778671064,SEKER
776.822,1.288420539,0.944519988,0.998069808,0.991604906,0.75568551,SEKER
779.489,1.422222317,0.938191838,0.996555286,0.991021104,0.818235931,SEKER
786.539,1.238924472,0.921692341,0.997894314,0.984850129,0.729372619,SEKER
767.7,1.234766704,0.967611106,0.999318375,0.992411652,0.770318441,SEKER
778.406,1.243362246,0.942463433,0.998376622,0.99064789,0.780727073,SEKER
777.58,1.334702223,0.944695417,0.999017334,0.9909741,0.789954814,SEKER
783.344,1.228079143,0.930966927,0.995529094,0.98901338,0.770338739,SEKER
773.603,1.260941274,0.954874468,0.998389147,0.991734636,0.771704453,SEKER
772.981,1.262533758,0.956453881,0.998932938,0.992362581,0.794496855,SEKER
778.457,1.400375761,0.943729309,0.998843633,0.992000349,0.782402393,SEKER
769.815,1.228500274,0.965461091,0.998553523,0.993389043,0.775744565,SEKER
785.8,1.29141589,0.926886425,0.997242993,0.988818932,0.762259414,SEKER
786.993,1.398036778,0.92521463,0.996600752,0.990249729,0.7518466,SEKER
774.694,1.305111008,0.954887957,0.997873411,0.991391304,0.779182613,SEKER
791.464,1.380928454,0.914891338,0.996893576,0.989541746,0.789440886,SEKER
770.991,1.257773661,0.964484131,0.998650072,0.991502586,0.750217881,SEKER
771.593,1.296047009,0.963465198,0.998665701,0.993319261,0.779274434,SEKER
777.821,1.222355421,0.948243462,0.996770023,0.992025206,0.748495729,SEKER
779.187,1.23373654,0.944942326,0.998218272,0.98946684,0.74842623,SEKER
771.851,1.270610923,0.96303214,0.99961172,0.992780725,0.75524383,SEKER
788.865,1.489518007,0.922222046,0.997659727,0.991791174,0.704468679,SEKER
773.561,1.245583219,0.959241174,0.999198661,0.991190001,0.77537302,SEKER
773.948,1.225629706,0.958575815,0.997672566,0.992764802,0.796333089,SEKER
778.722,1.309228218,0.947542481,0.998915702,0.99246831,0.744913087,SEKER
811.461,1.245183496,0.872645337,0.995075469,0.987133543,0.78090684,SEKER
776.332,1.223516741,0.953594136,0.998441211,0.991673714,0.753385168,SEKER
786.456,1.441580342,0.929261991,0.997793301,0.990857886,0.745598592,SEKER
777.912,1.359103444,0.949807484,0.999138196,0.992492134,0.780782165,SEKER
777.051,1.342013618,0.953058143,0.998648503,0.992436556,0.777342092,SEKER
786.056,1.273838149,0.93173331,0.99857289,0.990551351,0.754123457,SEKER
778.266,1.28674431,0.951495499,0.999118164,0.992855906,0.783095706,SEKER
784.353,1.263863399,0.937274801,0.997267561,0.989455526,0.761075451,SEKER
780.126,1.269487204,0.947872256,0.997716409,0.991083573,0.788722231,SEKER
777.532,1.277262298,0.954747822,0.997029826,0.991923293,0.776088132,SEKER
784.074,1.237569162,0.939270593,0.998398614,0.990835777,0.748107386,SEKER
779.419,1.366049514,0.950626919,0.999148338,0.992055954,0.744202617,SEKER
790.582,1.46935473,0.924533743,0.998533414,0.991825378,0.750269212,SEKER
774.279,1.226594546,0.963960916,0.998916394,0.992511061,0.799819124,SEKER
769.145,1.224534652,0.976893878,0.998470035,0.993819557,0.794832354,SEKER
773.877,1.248706408,0.965067574,0.999021525,0.992640394,0.768471178,SEKER
798.716,1.409843459,0.906291463,0.999150212,0.988314394,0.78642486,SEKER
775.166,1.310486433,0.962320769,0.999102374,0.991681214,0.785372931,SEKER
782.884,1.351709294,0.943563387,0.998030371,0.991148346,0.740482703,SEKER
779.136,1.30123576,0.954091506,0.995456004,0.993062139,0.76612367,SEKER
774.513,1.225135444,0.965557172,0.99870585,0.992591955,0.788261249,SEKER
784.568,1.261365094,0.941885333,0.998533897,0.989830727,0.770182292,SEKER
786.415,1.281450779,0.937750712,0.99745644,0.987208283,0.730468503,SEKER
792.175,1.395553801,0.924603838,0.998422641,0.990666838,0.782659547,SEKER
779.227,1.243662245,0.956497041,0.99811756,0.99278242,0.754563265,SEKER
782.848,1.345517486,0.948345763,0.998340088,0.992467973,0.795083376,SEKER
782.096,1.236797595,0.95107429,0.995328016,0.990881849,0.755894455,SEKER
784.808,1.329983633,0.945512262,0.998191753,0.991591065,0.776733038,SEKER
810.787,1.337737535,0.886426584,0.997578084,0.986742988,0.738626951,SEKER
793.148,1.463027755,0.926351811,0.998539774,0.992020878,0.712678654,SEKER
795.796,1.292613788,0.920296437,0.998340264,0.990010033,0.789765858,SEKER
809.834,1.609738945,0.888686527,0.997771167,0.99132219,0.772227772,SEKER
779.816,1.272710603,0.958627654,0.997214098,0.992299465,0.775233957,SEKER
783.759,1.390427546,0.949436029,0.998286423,0.992536356,0.791591335,SEKER
786.458,1.381242473,0.942991532,0.996896496,0.992218564,0.732856489,SEKER
780.558,1.246969597,0.957383481,0.998118094,0.990990606,0.767353821,SEKER
811.657,1.453268775,0.885595515,0.994430025,0.98835526,0.683795805,SEKER
777.498,1.311108613,0.9655579,0.999061272,0.993306388,0.787681454,SEKER
831.866,1.277606215,0.843688872,0.997177406,0.984051003,0.760343022,SEKER
783.172,1.309628767,0.95215053,0.999136693,0.991953213,0.78291779,SEKER
793.169,1.223376419,0.928420068,0.998846145,0.988326352,0.755919854,SEKER
783.891,1.274664581,0.952326992,0.996799924,0.991990457,0.769973545,SEKER
785.646,1.283969875,0.948932147,0.998768889,0.991322472,0.746859377,SEKER
785.298,1.328064564,0.950079016,0.997648781,0.99219016,0.735874369,SEKER
785.745,1.277963502,0.948998348,0.997153351,0.990314564,0.748346816,SEKER
796.926,1.377985174,0.923644225,0.998131938,0.988082891,0.726423903,SEKER
783.519,1.276225591,0.955913027,0.998561017,0.992202439,0.78567583,SEKER
781.494,1.263379022,0.960914503,0.998082339,0.992413617,0.753339141,SEKER
833.57,1.459642096,0.847133527,0.995746368,0.986853471,0.703571858,SEKER
789.514,1.279387448,0.945241191,0.998403277,0.990347246,0.762452232,SEKER
790.933,1.325274124,0.942475269,0.997187709,0.991064828,0.718059382,SEKER
796.12,1.360406015,0.930789316,0.997698645,0.990840017,0.767593198,SEKER
799.219,1.471964776,0.923742361,0.99846294,0.990695221,0.724889616,SEKER
781.213,1.263299968,0.967206571,0.998636923,0.992960724,0.751832645,SEKER
790.564,1.354261587,0.944501354,0.999280671,0.989989463,0.778401935,SEKER
792.003,1.303516335,0.942454629,0.998605455,0.992091778,0.779829593,SEKER
792.499,1.346546863,0.942535823,0.998525087,0.992164957,0.795457616,SEKER
792.111,1.276147777,0.944741207,0.998712444,0.991049856,0.762297996,SEKER
791.788,1.27601019,0.946293885,0.998597861,0.990371101,0.749781625,SEKER
853.59,1.260152829,0.814243736,0.997206665,0.985533567,0.791135316,SEKER
820.129,1.329456397,0.882564027,0.997519301,0.983121748,0.764682077,SEKER
809.261,1.309733691,0.907598526,0.998845714,0.989146574,0.774609829,SEKER
800.778,1.225026508,0.928281754,0.997598545,0.989327485,0.746344615,SEKER
795.724,1.264404565,0.940666773,0.998284899,0.99181803,0.778505962,SEKER
803.384,1.309050984,0.922989626,0.997075531,0.986125268,0.804364056,SEKER
808.47,1.408516519,0.911432518,0.999053795,0.990038426,0.732063992,SEKER
801.514,1.306729923,0.928455566,0.999325256,0.990401669,0.778165781,SEKER
794.213,1.317335268,0.945982663,0.998583286,0.992392576,0.744450019,SEKER
793.007,1.259955189,0.949101933,0.99832455,0.990222037,0.748675914,SEKER
785.966,1.263084079,0.966630509,0.998946197,0.992978643,0.795706487,SEKER
811.908,1.269308435,0.906112895,0.999411828,0.99010561,0.786380782,SEKER
800.405,1.290313836,0.932364015,0.998969065,0.989775945,0.777941441,SEKER
786.076,1.278153177,0.966685384,0.998341798,0.99372831,0.772157245,SEKER
802.028,1.385037977,0.92916087,0.997048764,0.992032371,0.733981481,SEKER
803.672,1.322984796,0.928145554,0.998998852,0.990963855,0.778539372,SEKER
799.753,1.418942573,0.937558862,0.999108136,0.992409275,0.779267436,SEKER
795.626,1.230731934,0.947608303,0.997828964,0.99156644,0.752324665,SEKER
816.963,1.417134645,0.899264797,0.997905315,0.987389399,0.717804596,SEKER
819.346,1.463965867,0.894359746,0.998883119,0.988578759,0.723924242,SEKER
802.135,1.306401936,0.93379564,0.998313102,0.990306545,0.746129838,SEKER
800.678,1.398849038,0.937530431,0.999033048,0.989040303,0.797375923,SEKER
905.348,1.296989619,0.735457435,0.996860613,0.981423515,0.741666667,SEKER
795.841,1.290549382,0.952433522,0.99834929,0.992289724,0.77520832,SEKER
809.638,1.324745734,0.920306871,0.999148919,0.985850994,0.741535372,SEKER
820.094,1.438061311,0.898614649,0.999384098,0.989303493,0.795270773,SEKER
788.422,1.263202887,0.972625846,0.998555471,0.993495364,0.801439232,SEKER
798.934,1.245528249,0.947416077,0.998806038,0.992247263,0.756960393,SEKER
792.906,1.253176463,0.963435188,0.998981104,0.992647967,0.788216248,SEKER
796.462,1.237665852,0.955307032,0.998849299,0.991406603,0.779377778,SEKER
813.952,1.610271775,0.914939894,0.999245503,0.992592135,0.77917232,SEKER
812.215,1.321114737,0.9205147,0.998084614,0.989252595,0.776700902,SEKER
803.021,1.36702257,0.941772261,0.998755518,0.991201083,0.771503831,SEKER
812.408,1.402953263,0.920286824,0.999212274,0.989214523,0.734730794,SEKER
820.651,1.427712394,0.902302598,0.998533082,0.990414747,0.740093971,SEKER
800.234,1.29150205,0.950011559,0.997291701,0.992354207,0.765407115,SEKER
809.471,1.230576396,0.929834632,0.996788953,0.986650387,0.781143262,SEKER
813.192,1.462840067,0.923510985,0.996610281,0.990017927,0.758537804,SEKER
805.113,1.333119094,0.942293224,0.998975517,0.99201992,0.738782831,SEKER
804.782,1.305335627,0.94316551,0.998181867,0.990868138,0.74623131,SEKER
835.917,1.679978719,0.874808167,0.996385938,0.989121373,0.718183429,SEKER
807.338,1.253215807,0.938398252,0.997912316,0.986541541,0.740026151,SEKER
795.84,1.255125834,0.965967315,0.99857365,0.992761159,0.795301959,SEKER
813.947,1.332540778,0.925876604,0.99816539,0.98980047,0.736155517,SEKER
800.747,1.321223908,0.957731538,0.998614298,0.993050193,0.755768636,SEKER
800.622,1.229713981,0.962284787,0.999022179,0.992357924,0.757975849,SEKER
805.611,1.339838478,0.950538724,0.998870882,0.990337092,0.739693828,SEKER
813.679,1.340990045,0.932028868,0.998871324,0.990959175,0.76312804,SEKER
908.723,1.415345912,0.7472766,0.99736494,0.987392677,0.742343159,SEKER
799.901,1.242431929,0.964472017,0.999042159,0.99298352,0.784447781,SEKER
799.631,1.307266055,0.967245979,0.99944589,0.99345983,0.760515499,SEKER
807.687,1.334760146,0.948259163,0.999011716,0.989527217,0.753017301,SEKER
801.151,1.241266348,0.963951199,0.998904265,0.992421036,0.791305047,SEKER
837.331,1.436563496,0.884241017,0.998748206,0.987806343,0.755952928,SEKER
802.838,1.26485739,0.962224432,0.998562149,0.992040201,0.78210573,SEKER
816.683,1.251159445,0.930045892,0.998578023,0.990628136,0.753507045,SEKER
800.422,1.237320294,0.968493098,0.998573636,0.993121342,0.794148868,SEKER
825.529,1.226592253,0.911861871,0.996947769,0.98602277,0.76598513,SEKER
833.546,1.410420771,0.897787893,0.998412924,0.991827845,0.734576397,SEKER
823.685,1.289019763,0.921061316,0.998416179,0.98902148,0.779594588,SEKER
831.839,1.271259661,0.90489054,0.998721067,0.987807779,0.78125686,SEKER
824.563,1.235984511,0.92179931,0.998534492,0.987956103,0.775054779,SEKER
822.009,1.339359119,0.9276107,0.997564709,0.989073747,0.779977482,SEKER
810.547,1.290290505,0.954222279,0.998561967,0.993309971,0.764391328,SEKER
823.828,1.404841768,0.924833526,0.998593043,0.990108627,0.757560591,SEKER
821.776,1.29747077,0.932007283,0.997946344,0.989978851,0.755376587,SEKER
827.876,1.327646862,0.919020079,0.997952663,0.988288182,0.792850364,SEKER
825.083,1.438573417,0.925344882,0.998453004,0.991612763,0.786682778,SEKER
828.968,1.564519807,0.917478182,0.998004719,0.992581162,0.688239894,SEKER
822.578,1.267263764,0.932642273,0.998478117,0.990122045,0.797820285,SEKER
818.361,1.297060171,0.942560273,0.999347555,0.990534971,0.777432135,SEKER
864.971,1.275713287,0.844051145,0.998123392,0.98483156,0.766753128,SEKER
820.444,1.282442258,0.939329768,0.998148578,0.991116276,0.773806594,SEKER
819.005,1.355556301,0.943008177,0.998187185,0.992311635,0.782222222,SEKER
827.936,1.344203415,0.923414954,0.997783554,0.990151753,0.784998519,SEKER
834.999,1.27815966,0.909445321,0.997629614,0.988713628,0.743596923,SEKER
835.946,1.509015024,0.907889474,0.998992505,0.990368394,0.713042864,SEKER
828.646,1.319145094,0.925127389,0.998370253,0.988791957,0.78359065,SEKER
813.194,1.302006907,0.96063825,0.998780067,0.993475356,0.768501064,SEKER
846.485,1.655108291,0.888194145,0.995682319,0.989875496,0.787917918,SEKER
820.94,1.237953426,0.944721173,0.998382948,0.990595734,0.773845707,SEKER
832.041,1.414299526,0.920207009,0.998214516,0.990930237,0.731571808,SEKER
842.609,1.395174064,0.898189658,0.997940905,0.987545488,0.74980792,SEKER
851.459,1.292940956,0.879840596,0.996967029,0.981533404,0.754145124,SEKER
830.882,1.408911909,0.924159389,0.997475314,0.989958273,0.742428895,SEKER
828.731,1.335601975,0.931561181,0.998439683,0.990236312,0.769043699,SEKER
817.975,1.295839623,0.958343779,0.998909723,0.992588558,0.779784828,SEKER
833.064,1.386239293,0.92475671,0.998987873,0.989115488,0.774753865,SEKER
828.387,1.326534672,0.938835904,0.996085937,0.991318135,0.730126178,SEKER
854.937,1.632024969,0.88270263,0.997947238,0.989286678,0.803738318,SEKER
866.227,1.379652294,0.860948432,0.997774056,0.986206764,0.743610143,SEKER
879.177,1.380056886,0.836064866,0.998490572,0.985757826,0.740731138,SEKER
826.672,1.33465536,0.949391924,0.998366724,0.991930836,0.771402958,SEKER
850.54,1.346649754,0.897202973,0.997891327,0.989596306,0.755912657,SEKER
838.558,1.314324611,0.924580848,0.997939244,0.987592342,0.740687187,SEKER
839.556,1.243588552,0.925307858,0.999293598,0.989287688,0.757678832,SEKER
840.789,1.495550941,0.928888687,0.997629372,0.991762987,0.802638855,SEKER
839.624,1.253756216,0.933072479,0.998068983,0.990782102,0.762601981,SEKER
831.059,1.312998678,0.955770343,0.998045289,0.99268666,0.749571918,SEKER
837.158,1.426100769,0.942755474,0.998641297,0.991888017,0.799179207,SEKER
839.524,1.32004004,0.941532092,0.998847191,0.992594124,0.768705601,SEKER
846.266,1.319375144,0.926975954,0.997716251,0.989158928,0.746805202,SEKER
853.987,1.390812279,0.913873945,0.998725468,0.990438664,0.766896093,SEKER
853.122,1.488557388,0.917661853,0.997699979,0.991419351,0.744216982,SEKER
835.257,1.295475764,0.95802118,0.999225009,0.992183711,0.78731404,SEKER
851.357,1.489646843,0.922216231,0.999040484,0.992443607,0.799062613,SEKER
843.007,1.316526788,0.946145884,0.998870705,0.991108971,0.753407491,SEKER
865.418,1.562454206,0.905025689,0.997661328,0.990688021,0.767509036,SEKER
873.614,1.533960403,0.890560825,0.998314573,0.987673934,0.769286568,SEKER
892.691,1.648372988,0.853677264,0.996144689,0.99083039,0.671870928,SEKER
860.505,1.521387005,0.923569507,0.997348502,0.991762798,0.785295815,SEKER
846.959,1.280557838,0.958130744,0.997866067,0.992973984,0.78651136,SEKER
871.432,1.539019348,0.906841403,0.99840648,0.989956103,0.730202934,SEKER
850.202,1.261962986,0.958015175,0.998365149,0.992650635,0.760096552,SEKER
862.202,1.257684371,0.932953665,0.997987941,0.989245577,0.754408267,SEKER
878.591,1.628238571,0.899237293,0.997529874,0.991331814,0.770168149,SEKER
881.138,1.600648049,0.90963266,0.996627969,0.992932987,0.784886319,SEKER
899.17,1.257049581,0.873561473,0.996959544,0.980359323,0.751671749,SEKER
877.951,1.432359838,0.921009153,0.998004545,0.989733527,0.712980375,SEKER
872.803,1.426073247,0.932433728,0.996596003,0.990658628,0.786511382,SEKER
933.372,1.281831714,0.817767348,0.99806872,0.981918008,0.777425813,SEKER
878.194,1.358636974,0.931106953,0.998691813,0.991721768,0.78873706,SEKER
896.189,1.416630568,0.901991457,0.993309056,0.98688693,0.789160997,SEKER
906.71,1.563090372,0.886453823,0.998836411,0.992011769,0.787362876,SEKER
910.603,1.276218517,0.899970909,0.997734968,0.988201817,0.790882576,SEKER
896.72,1.225581922,0.955636245,0.998095861,0.992050616,0.779278705,SEKER
759.552,1.514250001,0.903685555,0.997744232,0.987691941,0.708433653,BARBUNYA
799.426,1.358409969,0.848367064,0.998309207,0.98477586,0.766123304,BARBUNYA
813.833,1.527094039,0.835330551,0.994622271,0.986290015,0.756217795,BARBUNYA
817.215,1.388788397,0.845309254,0.997856609,0.98147339,0.79427157,BARBUNYA
854.166,1.557753938,0.775271133,0.996690746,0.981915752,0.779820169,BARBUNYA
802.744,1.507962074,0.888541202,0.997982047,0.987944493,0.746461337,BARBUNYA
841.132,1.581129618,0.810869331,0.99796852,0.979657089,0.772431179,BARBUNYA
846.308,1.530092605,0.81194676,0.99755572,0.982506051,0.790995795,BARBUNYA
815.026,1.410099686,0.880218833,0.996005667,0.986703707,0.77828516,BARBUNYA
833.722,1.558552263,0.845613391,0.993193981,0.98583653,0.793909974,BARBUNYA
821.301,1.500119126,0.875650377,0.996246456,0.9857805,0.775780683,BARBUNYA
858.562,1.461874132,0.803681099,0.995804537,0.982227686,0.717986598,BARBUNYA
857.69,1.499041643,0.805418604,0.997977284,0.980412135,0.720767408,BARBUNYA
846.128,1.479226314,0.836690159,0.996825139,0.983859649,0.814754042,BARBUNYA
833.459,1.283298448,0.864599066,0.998544371,0.984874712,0.738131274,BARBUNYA
873.536,1.758516115,0.788550662,0.996537653,0.982154944,0.758446454,BARBUNYA
854.752,1.320679582,0.824570213,0.998386523,0.981813713,0.760107817,BARBUNYA
809.088,1.388543061,0.9210594,0.997247571,0.990299478,0.769777478,BARBUNYA
829.234,1.502244589,0.880120509,0.993303531,0.983861083,0.754043433,BARBUNYA
824.701,1.563709456,0.889914711,0.997735662,0.987837893,0.806905564,BARBUNYA
810.37,1.4373196,0.926911612,0.998340287,0.990917088,0.79979856,BARBUNYA
874.666,1.483496872,0.798915933,0.996664192,0.98173304,0.776865576,BARBUNYA
874.041,1.470144968,0.800058902,0.998339389,0.980683926,0.747747748,BARBUNYA
871.27,1.630798098,0.808350965,0.996682489,0.983266884,0.789009355,BARBUNYA
885.296,1.576247086,0.78353324,0.997066264,0.984289397,0.695877536,BARBUNYA
856.332,1.371700515,0.84253974,0.994953885,0.980027109,0.775978535,BARBUNYA
867.448,1.470277279,0.823472611,0.998347591,0.981566637,0.778456632,BARBUNYA
868.813,1.729712534,0.828312039,0.993587866,0.979757005,0.734282763,BARBUNYA
861.277,1.42123379,0.843243269,0.995801499,0.98392963,0.801910654,BARBUNYA
878.754,1.541140191,0.813127239,0.99840353,0.983854136,0.740120275,BARBUNYA
873.529,1.539679962,0.823015495,0.993653426,0.985719639,0.714796539,BARBUNYA
846.474,1.221934384,0.877518987,0.996930835,0.984902169,0.806391826,BARBUNYA
893.846,1.529502508,0.789030763,0.997059837,0.979632486,0.7625171,BARBUNYA
873.825,1.498714885,0.82561783,0.996837177,0.984883287,0.794598875,BARBUNYA
858.52,1.529821766,0.862273267,0.997066331,0.984160034,0.712123346,BARBUNYA
905.491,1.532869617,0.776790492,0.997306541,0.981981284,0.769883947,BARBUNYA
877.164,1.546535096,0.828245346,0.998668533,0.985579352,0.717538026,BARBUNYA
881.559,1.606688853,0.824308712,0.998927607,0.98403629,0.70891392,BARBUNYA
859.253,1.651609638,0.868291682,0.998033563,0.986407054,0.777418814,BARBUNYA
886.653,1.538722631,0.816926298,0.994135385,0.983223994,0.715884578,BARBUNYA
889.637,1.66561594,0.815027712,0.994677503,0.981810531,0.75168768,BARBUNYA
861.13,1.470264795,0.874017407,0.999181814,0.986647282,0.783948928,BARBUNYA
910.012,1.540762077,0.784129344,0.996890053,0.980196517,0.797721413,BARBUNYA
834.877,1.403855681,0.931958572,0.997509042,0.990135611,0.776450973,BARBUNYA
880.771,1.417821349,0.837398908,0.994498265,0.980669272,0.773483556,BARBUNYA
878.392,1.550758615,0.842576184,0.997922163,0.982938136,0.746522367,BARBUNYA
858.661,1.465584356,0.882561968,0.996922282,0.984804397,0.713663552,BARBUNYA
896.485,1.61420724,0.811598754,0.995350504,0.983552507,0.776327007,BARBUNYA
897.618,1.484665271,0.809956708,0.997183889,0.98158999,0.726402954,BARBUNYA
906.358,1.511970063,0.797042325,0.998707891,0.981095127,0.774113033,BARBUNYA
888.581,1.663332565,0.830525907,0.996710142,0.982490492,0.678154646,BARBUNYA
904.349,1.257617238,0.804229046,0.998072891,0.98004007,0.765723063,BARBUNYA
887.942,1.457645106,0.838288258,0.998379994,0.981744876,0.752920293,BARBUNYA
915.993,1.436274481,0.788615251,0.995579093,0.980613081,0.740951818,BARBUNYA
932.617,1.535666552,0.763366576,0.99848045,0.980787437,0.715789474,BARBUNYA
883.529,1.544178175,0.850595021,0.995126163,0.987847969,0.693015935,BARBUNYA
898.174,1.530970502,0.823331977,0.993389705,0.981431622,0.706551526,BARBUNYA
918.483,1.629547586,0.787905315,0.997905697,0.981718295,0.717888165,BARBUNYA
897.65,1.343246264,0.829705086,0.9983449,0.983364755,0.751865461,BARBUNYA
919.923,1.557489212,0.790712066,0.997349141,0.982544515,0.696684635,BARBUNYA
904.64,1.572170419,0.819404845,0.998438227,0.982418351,0.717244624,BARBUNYA
919.64,1.448875513,0.792907515,0.996472325,0.984067272,0.766525898,BARBUNYA
959.13,1.499463118,0.731158595,0.997980331,0.979235273,0.782872605,BARBUNYA
937.555,1.65270092,0.765582593,0.995221234,0.979299247,0.689214929,BARBUNYA
913.878,1.548807038,0.810611276,0.998090908,0.981704873,0.736587367,BARBUNYA
872.821,1.554348165,0.892608673,0.997683796,0.990155715,0.717755199,BARBUNYA
931.202,1.809067714,0.785266682,0.99719843,0.982289174,0.769133595,BARBUNYA
940.76,1.649431146,0.770001873,0.997012433,0.98105903,0.788673812,BARBUNYA
899.296,1.52013475,0.845658461,0.998342252,0.985745594,0.74840484,BARBUNYA
897.406,1.6631172,0.850753422,0.998586799,0.987270258,0.690492775,BARBUNYA
925.529,1.655311357,0.801186804,0.995996586,0.982531258,0.769753347,BARBUNYA
893.756,1.325074224,0.859431116,0.99791909,0.983332433,0.756243079,BARBUNYA
881.807,1.560038098,0.88386632,0.993185175,0.989399038,0.678224206,BARBUNYA
944.732,1.680077524,0.775212793,0.993399322,0.983723423,0.732859482,BARBUNYA
885.816,1.497518476,0.8860535,0.99665186,0.989430952,0.793013989,BARBUNYA
921.337,1.470687136,0.819789335,0.994157324,0.979863753,0.714025994,BARBUNYA
883.864,1.526056492,0.890936632,0.997543852,0.990025918,0.80264035,BARBUNYA
911.762,1.51834187,0.837884066,0.997086798,0.985351892,0.728763197,BARBUNYA
925.422,1.546464785,0.813404259,0.998716739,0.981827843,0.718876439,BARBUNYA
898.497,1.361577224,0.865577715,0.994007207,0.985520346,0.75650636,BARBUNYA
949.05,1.691316096,0.776322573,0.991129831,0.980027124,0.799135418,BARBUNYA
936.905,1.495245736,0.796823168,0.997611767,0.980395611,0.705449937,BARBUNYA
916.614,1.654921571,0.833404409,0.998604511,0.985636708,0.79728995,BARBUNYA
900.322,1.532134388,0.865002185,0.998277434,0.986265533,0.770131125,BARBUNYA
934.264,1.566263706,0.803422051,0.998051001,0.986023747,0.70937357,BARBUNYA
901.128,1.701532651,0.865250627,0.997951273,0.989557892,0.771157453,BARBUNYA
934.742,1.654806921,0.80763435,0.996852966,0.984312007,0.770016592,BARBUNYA
944.16,1.470855944,0.792899298,0.996406616,0.982548999,0.776356108,BARBUNYA
925.453,1.515133686,0.825293099,0.994145633,0.984096436,0.825295283,BARBUNYA
944.618,1.567456227,0.792553099,0.998933653,0.980298913,0.698243133,BARBUNYA
911.589,1.485822208,0.851706144,0.997455748,0.985874074,0.735802469,BARBUNYA
908.18,1.421821909,0.859072034,0.998770485,0.984340631,0.735789226,BARBUNYA
946.46,1.519876212,0.791617499,0.997059879,0.984576194,0.716571429,BARBUNYA
911.91,1.348359604,0.85388714,0.997143935,0.984562308,0.749476086,BARBUNYA
936.644,1.665678124,0.809600169,0.996487346,0.985493348,0.81489331,BARBUNYA
975.553,1.597287759,0.746624668,0.997330152,0.980237497,0.792024428,BARBUNYA
915.89,1.477225038,0.847395935,0.998407838,0.985693873,0.72307653,BARBUNYA
961.412,1.630021401,0.770095705,0.998523444,0.983027316,0.79567355,BARBUNYA
929.168,1.65898737,0.825635244,0.994710977,0.983818097,0.733237678,BARBUNYA
908.906,1.376347621,0.863678311,0.996774238,0.986671301,0.759226573,BARBUNYA
948.496,1.354446579,0.793712126,0.998581563,0.982450984,0.766035752,BARBUNYA
952.885,1.483038717,0.786887822,0.997122194,0.982563163,0.794047819,BARBUNYA
938.275,1.5857967,0.812097941,0.995970985,0.980677078,0.716419226,BARBUNYA
935.66,1.445631955,0.817146008,0.9979253,0.982601491,0.77012987,BARBUNYA
998.315,1.428255555,0.718324849,0.994901354,0.981057345,0.777991724,BARBUNYA
902.722,1.637831338,0.878790243,0.995068203,0.985065339,0.757718389,BARBUNYA
919.308,1.724846249,0.849076284,0.997640635,0.988300247,0.676639966,BARBUNYA
953.054,1.647203254,0.790039823,0.998833682,0.982434711,0.696062896,BARBUNYA
914.731,1.541275641,0.858030047,0.997606395,0.986957348,0.71932917,BARBUNYA
898.194,1.453004445,0.89077266,0.994423058,0.989103551,0.691917725,BARBUNYA
956.741,1.705074798,0.785266593,0.99775933,0.981519296,0.737893134,BARBUNYA
929.814,1.626283003,0.831523384,0.992697813,0.98361445,0.799787499,BARBUNYA
952.862,1.478934641,0.793762986,0.995146331,0.984025943,0.724256813,BARBUNYA
957.43,1.582086488,0.788468733,0.996822045,0.983028252,0.690261026,BARBUNYA
986.047,1.606083629,0.743974503,0.996838046,0.979312339,0.710926404,BARBUNYA
926.308,1.50661763,0.84332179,0.998862922,0.983249095,0.718082055,BARBUNYA
909.091,1.530204275,0.877589407,0.996627167,0.989965867,0.776504144,BARBUNYA
947.678,1.589983228,0.807969806,0.996755076,0.984434935,0.720880877,BARBUNYA
910.99,1.476807237,0.874615859,0.99563594,0.987536331,0.791268254,BARBUNYA
949.15,1.470502983,0.805953863,0.998019941,0.981417628,0.716443265,BARBUNYA
941.036,1.592320159,0.8203806,0.995731119,0.981011692,0.783211857,BARBUNYA
917.333,1.475983313,0.865071216,0.996934909,0.986747747,0.799152963,BARBUNYA
929.665,1.359203987,0.842563901,0.997862343,0.983553413,0.774646758,BARBUNYA
929.11,1.415157194,0.844240433,0.991949287,0.982999424,0.746002753,BARBUNYA
934.279,1.543173238,0.835039743,0.997325208,0.985406544,0.816207925,BARBUNYA
953.88,1.492702525,0.801626802,0.994868626,0.981036086,0.771745778,BARBUNYA
935.784,1.670924318,0.833432219,0.993201304,0.985475277,0.722120681,BARBUNYA
989.011,1.413607601,0.747101734,0.995668314,0.979204553,0.742050327,BARBUNYA
959.247,1.570253891,0.794702877,0.997958282,0.981762046,0.715650826,BARBUNYA
941.588,1.480181,0.825031844,0.996718159,0.982048859,0.788982867,BARBUNYA
952.149,1.371506803,0.80755203,0.996537405,0.982312971,0.735401782,BARBUNYA
917.877,1.570488512,0.869490308,0.993242539,0.987849723,0.703269393,BARBUNYA
913.932,1.629465217,0.877088066,0.997193524,0.990115657,0.71911928,BARBUNYA
978.773,1.880947017,0.765029728,0.998541732,0.983955595,0.726482312,BARBUNYA
919.022,1.446325093,0.868321937,0.99569432,0.983336142,0.717159429,BARBUNYA
951.946,1.712302182,0.810794704,0.994179829,0.984840573,0.705840456,BARBUNYA
926.502,1.625833087,0.856114656,0.995402296,0.984495472,0.697447823,BARBUNYA
962.837,1.349912458,0.793315143,0.995856022,0.982903112,0.765312794,BARBUNYA
926.523,1.667052108,0.858330182,0.997108519,0.986158297,0.728204173,BARBUNYA
910.692,1.583889799,0.888522006,0.998462884,0.99087545,0.704904436,BARBUNYA
968.674,1.446823301,0.787171537,0.998095769,0.984127516,0.719304901,BARBUNYA
921.619,1.629239288,0.870447902,0.998819457,0.988159221,0.77516469,BARBUNYA
931.858,1.400120133,0.851656048,0.99644474,0.982241509,0.725829726,BARBUNYA
953.918,1.353335396,0.812804124,0.995190257,0.983309944,0.771945701,BARBUNYA
934.994,1.419596999,0.846067661,0.994928566,0.984297134,0.740346155,BARBUNYA
993.443,1.708048066,0.750089315,0.996832571,0.979547722,0.761209459,BARBUNYA
928.906,1.551429782,0.858257304,0.998579463,0.985979588,0.719086317,BARBUNYA
930.106,1.400980095,0.856262017,0.996251306,0.985867675,0.776047289,BARBUNYA
931.901,1.494855293,0.853183632,0.994961019,0.986729144,0.700128242,BARBUNYA
924.535,1.619812581,0.867156275,0.997956898,0.988901184,0.684777561,BARBUNYA
931.54,1.235460401,0.85658199,0.994103314,0.984553671,0.79769932,BARBUNYA
930.748,1.671497397,0.858199956,0.997327659,0.987877371,0.806549242,BARBUNYA
934.803,1.53154593,0.851949873,0.997433365,0.987021642,0.704455463,BARBUNYA
922.943,1.43444416,0.874148277,0.998161081,0.985284337,0.747659424,BARBUNYA
964.167,1.6178704,0.801536698,0.996921172,0.98411671,0.776722557,BARBUNYA
927.16,1.283668322,0.868173455,0.999050888,0.986446308,0.764366707,BARBUNYA
960.008,1.603558978,0.809969263,0.99754905,0.985909181,0.730996887,BARBUNYA
973.613,1.721376712,0.788630927,0.996254793,0.981229485,0.692497526,BARBUNYA
928.142,1.547720091,0.868073237,0.992459746,0.988882796,0.783783784,BARBUNYA
970.618,1.70863792,0.79435901,0.994990471,0.981394812,0.77253269,BARBUNYA
943.815,1.446471762,0.840526075,0.99822819,0.983103983,0.743177169,BARBUNYA
944.089,1.481373485,0.840559917,0.997017708,0.982628187,0.737539432,BARBUNYA
925.853,1.579320813,0.874188649,0.999066777,0.989644185,0.793611924,BARBUNYA
936.462,1.345667369,0.854866376,0.996684237,0.982170198,0.774678613,BARBUNYA
971.509,1.583272974,0.794566897,0.997724058,0.984168343,0.764230557,BARBUNYA
964.218,1.617329493,0.806763835,0.996587257,0.984430664,0.728044496,BARBUNYA
976.903,1.689148637,0.787804979,0.993733548,0.982897979,0.674479167,BARBUNYA
997.552,1.6099992,0.755717346,0.996034239,0.979475597,0.77998045,BARBUNYA
1021.206,1.684636844,0.722041569,0.996803287,0.980575375,0.765274585,BARBUNYA
957.732,1.577421622,0.821153058,0.997827518,0.983848199,0.749225,BARBUNYA
933.665,1.534500314,0.864248483,0.993383145,0.987482088,0.804986774,BARBUNYA
959.984,1.653630105,0.818477618,0.99625774,0.984726438,0.717501225,BARBUNYA
974.654,1.536976262,0.794302216,0.995570676,0.981496314,0.728171235,BARBUNYA
956.542,1.644872197,0.824667018,0.989799271,0.983409217,0.807164942,BARBUNYA
937.1,1.604443921,0.859669993,0.997539323,0.984949093,0.771706039,BARBUNYA
949.622,1.556581025,0.837635466,0.995638634,0.984409289,0.727539003,BARBUNYA
966.054,1.483627267,0.80966522,0.996348146,0.982934205,0.743606549,BARBUNYA
959.281,1.622529054,0.821466599,0.997934108,0.98582432,0.681967622,BARBUNYA
963.531,1.668067927,0.815345755,0.994182107,0.982979765,0.77934327,BARBUNYA
973.071,1.436892904,0.799954395,0.99530244,0.983086784,0.798992577,BARBUNYA
941.694,1.661805407,0.854788735,0.998544781,0.988706769,0.691675267,BARBUNYA
980.964,1.549195797,0.787968816,0.997323116,0.987415929,0.787646199,BARBUNYA
950.902,1.532893983,0.838759023,0.993773359,0.986579266,0.78564176,BARBUNYA
1011.984,1.41820659,0.740893322,0.997772509,0.980083432,0.813790501,BARBUNYA
999.737,1.768420867,0.759508765,0.996301134,0.983779558,0.742477876,BARBUNYA
946.447,1.67287808,0.847459422,0.994188403,0.984372963,0.731414665,BARBUNYA
997.116,1.604520497,0.763607987,0.994882413,0.981783317,0.749708386,BARBUNYA
994.857,1.58852476,0.768984234,0.996940421,0.979271763,0.707877513,BARBUNYA
952.177,1.662084295,0.839799174,0.994531984,0.98393933,0.798339812,BARBUNYA
956.082,1.387626708,0.833021806,0.996670308,0.984452171,0.738495101,BARBUNYA
934.49,1.355795194,0.872335695,0.993520682,0.983979353,0.733590687,BARBUNYA
957.312,1.391708527,0.83195211,0.996921711,0.985959667,0.763163191,BARBUNYA
951.837,1.489765075,0.842341077,0.996332865,0.983896053,0.745748143,BARBUNYA
985.501,1.510287645,0.785854079,0.995940857,0.984695201,0.789353296,BARBUNYA
982.65,1.605083042,0.790681032,0.996757752,0.981978633,0.760153142,BARBUNYA
944.042,1.665387343,0.85747933,0.997530491,0.98667943,0.702520678,BARBUNYA
921.145,1.23654037,0.901541464,0.995158391,0.988567345,0.8203822,BARBUNYA
970.236,1.610992494,0.812699024,0.996275644,0.987189882,0.688423005,BARBUNYA
939.729,1.553024971,0.866862552,0.996765373,0.986574247,0.821661721,BARBUNYA
967.849,1.725708959,0.817598075,0.998354237,0.985973824,0.718380914,BARBUNYA
958.347,1.636381353,0.834534478,0.998513871,0.985474698,0.728274627,BARBUNYA
943.385,1.45544841,0.861498073,0.998027955,0.984874899,0.784874447,BARBUNYA
957.031,1.424076351,0.837969939,0.995722975,0.98527158,0.744103314,BARBUNYA
1024.175,1.671306915,0.732489095,0.996944035,0.98224814,0.772970923,BARBUNYA
982.982,1.428592986,0.7952971,0.996947504,0.980770156,0.743941606,BARBUNYA
988.076,1.399905628,0.787130843,0.997713739,0.979513711,0.746496582,BARBUNYA
967.954,1.554306968,0.82145778,0.99794416,0.983840136,0.793560508,BARBUNYA
961.239,1.543875558,0.83307011,0.99798263,0.984126474,0.786709649,BARBUNYA
984.768,1.418190018,0.794345734,0.997387257,0.981396987,0.788082535,BARBUNYA
957.18,1.442397564,0.840808855,0.997946226,0.983223199,0.740809668,BARBUNYA
971.046,1.468449256,0.817207611,0.996743625,0.982550594,0.770739065,BARBUNYA
952.52,1.616094252,0.849485295,0.995997152,0.985633246,0.686812018,BARBUNYA
949.061,1.628030639,0.855898014,0.998123385,0.986952815,0.73998842,BARBUNYA
993.965,1.583221111,0.78068051,0.993685146,0.981843486,0.769193172,BARBUNYA
960.455,1.300610689,0.83624249,0.999043726,0.986342529,0.803789347,BARBUNYA
946.924,1.345763085,0.86031209,0.998142534,0.982585034,0.767260774,BARBUNYA
992.086,1.453744132,0.784470408,0.996012871,0.979795564,0.709164358,BARBUNYA
971.295,1.898470647,0.818973165,0.997116776,0.988600003,0.807364026,BARBUNYA
963.843,1.591452965,0.831861833,0.993944736,0.982301733,0.684974382,BARBUNYA
991.2,1.598033806,0.787165298,0.995386893,0.982581346,0.828259582,BARBUNYA
954.856,1.49611659,0.848421269,0.997749707,0.985022323,0.722076246,BARBUNYA
972.702,1.682346166,0.817601732,0.998433085,0.986522436,0.774560874,BARBUNYA
1001.035,1.765555454,0.772112339,0.995926727,0.982400715,0.744354176,BARBUNYA
938.472,1.469742808,0.878574711,0.996982759,0.988696211,0.783748695,BARBUNYA
1002.53,1.628918184,0.770286381,0.998141571,0.982145135,0.800103896,BARBUNYA
952.199,1.421020588,0.854382371,0.993020133,0.986335781,0.795522003,BARBUNYA
972.795,1.60549931,0.818906109,0.997522804,0.98687769,0.723721116,BARBUNYA
973.472,1.362998687,0.818191829,0.997938677,0.982312297,0.728086944,BARBUNYA
969.593,1.666115371,0.825152526,0.992574986,0.979499548,0.773755656,BARBUNYA
966.634,1.359236739,0.830951757,0.995633862,0.981400003,0.734219032,BARBUNYA
943.911,1.652767146,0.871454825,0.994479485,0.99012868,0.708176692,BARBUNYA
975.206,1.448256994,0.816434358,0.998538993,0.986178057,0.760187008,BARBUNYA
954.292,1.525294212,0.853370935,0.99684754,0.989076544,0.775908361,BARBUNYA
988.708,1.540708979,0.795509054,0.991806804,0.979921141,0.680736145,BARBUNYA
977.874,1.395779522,0.81324695,0.997111924,0.982675665,0.724569127,BARBUNYA
941.725,1.605892328,0.877885803,0.99804521,0.988827707,0.74689572,BARBUNYA
933.915,1.444327234,0.892687723,0.994241504,0.989428466,0.822304507,BARBUNYA
991.559,1.659080472,0.792104116,0.993702591,0.98008951,0.794905341,BARBUNYA
1036.289,1.583464959,0.725246506,0.996919515,0.979192669,0.774453941,BARBUNYA
969.081,1.628007851,0.829463597,0.996048994,0.984483443,0.701864831,BARBUNYA
960.799,1.549584597,0.844056446,0.995862678,0.984941147,0.798714431,BARBUNYA
990.706,1.531540298,0.794224102,0.996723105,0.981581404,0.710865878,BARBUNYA
1006.857,1.548619192,0.770633986,0.998353572,0.984683857,0.746075749,BARBUNYA
977.978,1.487369799,0.817344065,0.994548056,0.981477683,0.779874135,BARBUNYA
998.572,1.578937062,0.784054408,0.996571493,0.98129367,0.765139217,BARBUNYA
969.459,1.507758041,0.831892133,0.995326917,0.981588704,0.794427845,BARBUNYA
992.583,1.350398705,0.794603188,0.997545846,0.983347276,0.801157407,BARBUNYA
974.133,1.423069503,0.825716011,0.998261064,0.984464057,0.767421538,BARBUNYA
950.295,1.633953636,0.867800657,0.998276913,0.989731789,0.69052839,BARBUNYA
965.276,1.475064418,0.841450928,0.99935081,0.984100696,0.738932184,BARBUNYA
972.588,1.723601432,0.829045559,0.996292678,0.986812144,0.746983625,BARBUNYA
971.942,1.324855815,0.830294299,0.995456302,0.981646326,0.737528063,BARBUNYA
947.305,1.638668173,0.874281653,0.996031921,0.989084803,0.786877395,BARBUNYA
971.606,1.395945377,0.83118814,0.991158932,0.982394588,0.71593515,BARBUNYA
1002.996,1.569466264,0.780700631,0.998406007,0.980391849,0.723745006,BARBUNYA
989.399,1.645389954,0.803589633,0.991226461,0.979165037,0.780614026,BARBUNYA
993.13,1.655052677,0.797907111,0.996891943,0.984654571,0.768483183,BARBUNYA
963.789,1.519919168,0.84755328,0.994703189,0.987173831,0.746010955,BARBUNYA
951.734,1.570061688,0.869867615,0.995217356,0.990411954,0.705361562,BARBUNYA
1018.346,1.928771012,0.759935472,0.994930452,0.984289167,0.720143769,BARBUNYA
1026.847,1.578440482,0.747976996,0.992732744,0.97946221,0.711575964,BARBUNYA
996.026,1.497315641,0.795047298,0.996528235,0.981255374,0.702080537,BARBUNYA
942.187,1.610995275,0.888802733,0.996709338,0.989878447,0.81130637,BARBUNYA
983.751,1.734234481,0.815349495,0.993779278,0.98236831,0.711008447,BARBUNYA
998.256,1.509827363,0.792192727,0.995203374,0.980490393,0.779368526,BARBUNYA
997.065,1.501998813,0.794263382,0.997734484,0.981950305,0.783947999,BARBUNYA
982.208,1.524706104,0.818512439,0.99526824,0.982980321,0.707635135,BARBUNYA
952.704,1.620561136,0.870007811,0.997005117,0.991417257,0.798706086,BARBUNYA
961.969,1.466019164,0.853873109,0.998177693,0.983991111,0.729361682,BARBUNYA
996.486,1.56597678,0.79638889,0.997764262,0.983050847,0.771721136,BARBUNYA
992.28,1.688344068,0.803205593,0.997136456,0.979243169,0.678892353,BARBUNYA
1008.734,1.691441067,0.777870801,0.997377323,0.980815646,0.740413777,BARBUNYA
970.092,1.541658912,0.841449309,0.998721848,0.984747855,0.709668337,BARBUNYA
967.121,1.59803779,0.847070488,0.997865512,0.986728434,0.751752754,BARBUNYA
960.073,1.481318814,0.859607544,0.997133129,0.987223649,0.81346923,BARBUNYA
950.0,1.593211902,0.878337091,0.995654685,0.988854402,0.684294455,BARBUNYA
989.856,1.532210116,0.809619528,0.999036677,0.982490817,0.718528046,BARBUNYA
965.899,1.535168884,0.850777618,0.997175449,0.986952921,0.71455722,BARBUNYA
999.886,1.445948929,0.794513992,0.998238553,0.980410708,0.725462517,BARBUNYA
1029.742,1.47359513,0.749252344,0.993193088,0.979366432,0.73378598,BARBUNYA
1006.449,1.530399834,0.784706856,0.994129177,0.982372492,0.783920781,BARBUNYA
1028.037,1.587709328,0.752393642,0.992637686,0.980932598,0.767731916,BARBUNYA
979.067,1.709360855,0.83005213,0.99755216,0.988710181,0.719184462,BARBUNYA
993.072,1.44301459,0.806843484,0.998066138,0.981842428,0.739762837,BARBUNYA
972.487,1.345824377,0.841854156,0.994219511,0.983376793,0.76490402,BARBUNYA
951.177,1.586148204,0.880678796,0.996621836,0.989404697,0.781169919,BARBUNYA
1022.604,1.583472028,0.763221645,0.996644541,0.981319819,0.696747299,BARBUNYA
977.519,1.476735753,0.835484321,0.995656897,0.984518589,0.691505573,BARBUNYA
990.734,1.492387729,0.813600645,0.998164815,0.982483806,0.725655431,BARBUNYA
1023.845,1.704027487,0.761912022,0.996025236,0.983367372,0.714115572,BARBUNYA
972.463,1.282893796,0.845231029,0.997375957,0.9857579,0.780791987,BARBUNYA
1016.303,1.553229153,0.774430281,0.998095893,0.982982009,0.716667793,BARBUNYA
1010.611,1.600017752,0.78379359,0.996725902,0.982904137,0.723634587,BARBUNYA
1018.891,1.430278923,0.771457418,0.996731722,0.979603129,0.767106799,BARBUNYA
1027.779,1.415559058,0.758576805,0.99542653,0.980246268,0.76447034,BARBUNYA
1014.158,1.614498657,0.779212479,0.996171636,0.983833148,0.68985062,BARBUNYA
1001.82,1.615520811,0.798573664,0.997519086,0.985049731,0.793638943,BARBUNYA
1027.994,1.673976204,0.75971027,0.994048108,0.981819858,0.808831721,BARBUNYA
1043.617,1.659112885,0.737134719,0.997456831,0.981699166,0.779625856,BARBUNYA
1016.103,1.785074536,0.778447398,0.997107957,0.982608696,0.758020741,BARBUNYA
995.08,1.72507071,0.811788814,0.992009053,0.982354296,0.793229167,BARBUNYA
992.483,1.508055304,0.816323402,0.995055238,0.982828004,0.790287521,BARBUNYA
1012.38,1.435343175,0.784551192,0.994646698,0.979323222,0.81523761,BARBUNYA
971.208,1.572859599,0.852652602,0.995344899,0.988508765,0.703965242,BARBUNYA
963.416,1.556489332,0.866636082,0.999335142,0.987656416,0.76008122,BARBUNYA
1005.371,1.533612071,0.796087868,0.997075343,0.982990743,0.768703481,BARBUNYA
1028.773,1.538669682,0.760317426,0.997524519,0.981800898,0.77692849,BARBUNYA
960.565,1.346419153,0.873122842,0.995006706,0.984550411,0.705580013,BARBUNYA
1001.764,1.558041688,0.803684333,0.998353066,0.985308115,0.784858268,BARBUNYA
971.191,1.461853849,0.855120553,0.998200951,0.982789245,0.743601923,BARBUNYA
977.412,1.385974676,0.844769756,0.997632774,0.983386161,0.716299717,BARBUNYA
990.631,1.599242795,0.822490175,0.998116793,0.987576685,0.780924012,BARBUNYA
963.98,1.434015633,0.86877315,0.997427691,0.987533625,0.751268798,BARBUNYA
984.886,1.676856625,0.832489294,0.997699579,0.985537475,0.744801688,BARBUNYA
1038.268,1.505636749,0.749365713,0.997508688,0.980596742,0.73023446,BARBUNYA
997.796,1.458495443,0.811767889,0.99622331,0.983996328,0.730840909,BARBUNYA
981.442,1.626954674,0.839085786,0.995319562,0.985323631,0.821207865,BARBUNYA
987.745,1.419246173,0.828604404,0.997979008,0.982392914,0.782970644,BARBUNYA
979.195,1.436441163,0.843766856,0.997744176,0.986243451,0.796506161,BARBUNYA
990.697,1.601711464,0.824313917,0.99757542,0.985624837,0.78629702,BARBUNYA
1004.419,1.6359946,0.802293594,0.995426283,0.982174172,0.757363749,BARBUNYA
974.54,1.307841889,0.852270212,0.997006919,0.986431437,0.746243411,BARBUNYA
998.511,1.347096223,0.81185353,0.996113008,0.984080666,0.75831744,BARBUNYA
1001.027,1.530160816,0.808254146,0.997576284,0.98430031,0.800593759,BARBUNYA
974.289,1.58830727,0.85358313,0.996903527,0.987896059,0.687325445,BARBUNYA
989.333,1.475179582,0.828231826,0.99672418,0.986300951,0.785940546,BARBUNYA
989.617,1.557406686,0.827846343,0.996661345,0.982412596,0.713715209,BARBUNYA
1004.942,1.676689325,0.802951908,0.997541344,0.983059626,0.697923426,BARBUNYA
1016.789,1.527642907,0.784787483,0.995504766,0.984357849,0.799777035,BARBUNYA
1039.574,1.559067097,0.750879393,0.994516059,0.980117172,0.701531776,BARBUNYA
1036.017,1.546355098,0.756091126,0.998881464,0.979806102,0.717603396,BARBUNYA
1000.066,1.438621845,0.811579879,0.997670917,0.983779338,0.786020249,BARBUNYA
1013.236,1.699453852,0.790655949,0.997247307,0.98342062,0.68092934,BARBUNYA
1003.301,1.362239879,0.807752858,0.995148723,0.980452768,0.795632286,BARBUNYA
954.219,1.313162543,0.893165875,0.999145761,0.988060886,0.789992798,BARBUNYA
954.98,1.520029398,0.891853191,0.996867648,0.991452599,0.802860403,BARBUNYA
1018.798,1.698855997,0.783874685,0.997068768,0.982622816,0.799037394,BARBUNYA
1000.168,1.798432704,0.813549918,0.996147033,0.983089441,0.709642779,BARBUNYA
984.123,1.630365157,0.840501776,0.996332396,0.986627269,0.801956051,BARBUNYA
1059.216,1.526806001,0.725607654,0.997664118,0.980505819,0.730855144,BARBUNYA
1010.288,1.529643471,0.798145553,0.995262005,0.982838084,0.743406266,BARBUNYA
959.372,1.547439092,0.885699457,0.998583367,0.990245764,0.769342979,BARBUNYA
1040.559,1.425448434,0.753369658,0.997491413,0.980514478,0.715326295,BARBUNYA
1008.429,1.382078175,0.804439761,0.996572608,0.982063119,0.742325762,BARBUNYA
974.379,1.32942605,0.862439112,0.99569524,0.987332374,0.840576906,BARBUNYA
978.084,1.728189543,0.856062111,0.991735869,0.985751452,0.701386198,BARBUNYA
1026.265,1.581757752,0.778296119,0.994432329,0.983238624,0.824957001,BARBUNYA
1017.685,1.301542209,0.791523446,0.994517344,0.984441493,0.752786817,BARBUNYA
980.668,1.29719492,0.852510582,0.998538891,0.985186639,0.757494485,BARBUNYA
1009.049,1.592863395,0.80564838,0.991910702,0.983220617,0.801968156,BARBUNYA
1032.586,1.405425621,0.769491927,0.994980823,0.98033033,0.750796334,BARBUNYA
1011.629,1.538968132,0.801838961,0.998582195,0.982901094,0.773177201,BARBUNYA
974.886,1.424795294,0.863803292,0.995835409,0.986128092,0.76049124,BARBUNYA
996.042,1.574065169,0.827688504,0.997187267,0.98457111,0.710611597,BARBUNYA
984.708,1.262282917,0.84788834,0.995425248,0.984782347,0.816424578,BARBUNYA
1022.133,1.793493657,0.78733177,0.996113529,0.984597335,0.684477999,BARBUNYA
1000.764,1.443439563,0.821326588,0.992516332,0.985486955,0.713488473,BARBUNYA
1011.661,1.52448239,0.804010616,0.996864731,0.983183688,0.793894425,BARBUNYA
988.059,1.60331672,0.843060777,0.99711488,0.987039605,0.7891845,BARBUNYA
992.787,1.55944467,0.835432485,0.99721389,0.986510494,0.697560041,BARBUNYA
975.528,1.609896777,0.86533408,0.99802195,0.987210196,0.703170771,BARBUNYA
977.31,1.370874341,0.862457594,0.99712728,0.987214241,0.755358131,BARBUNYA
1033.627,1.57871198,0.771153779,0.993991449,0.979517136,0.814447205,BARBUNYA
977.81,1.472761345,0.862416954,0.993627989,0.985121907,0.715491391,BARBUNYA
973.379,1.457550002,0.87029985,0.995541874,0.987984823,0.812989394,BARBUNYA
1015.675,1.481895087,0.800153215,0.997706552,0.982764296,0.771723295,BARBUNYA
1000.653,1.548501805,0.824621207,0.993437245,0.983593551,0.819994759,BARBUNYA
974.417,1.725871466,0.869955436,0.997638516,0.98760461,0.765411398,BARBUNYA
983.841,1.466824837,0.855511148,0.994696418,0.986393438,0.8185556,BARBUNYA
1011.416,1.444538583,0.809559586,0.997986753,0.985420997,0.747035752,BARBUNYA
990.132,1.54964749,0.844815365,0.997274288,0.988244467,0.71800682,BARBUNYA
1076.99,1.779480205,0.71405431,0.997483327,0.979651595,0.666413889,BARBUNYA
988.981,1.719251786,0.846821486,0.998415542,0.988496956,0.746190422,BARBUNYA
1024.555,1.598990969,0.789264166,0.997469865,0.982841639,0.752634162,BARBUNYA
1007.87,1.610879017,0.815674411,0.993926682,0.985560754,0.681766482,BARBUNYA
1020.876,1.660480276,0.795493604,0.994737852,0.985480835,0.766141769,BARBUNYA
1008.537,1.559255563,0.815238304,0.997647771,0.982885486,0.77998818,BARBUNYA
1024.72,1.400984705,0.789775926,0.996478596,0.981980507,0.754544831,BARBUNYA
1010.329,1.439190049,0.812829044,0.995012858,0.981857657,0.771412882,BARBUNYA
1020.017,1.612114422,0.797631155,0.994184674,0.981438274,0.722617354,BARBUNYA
995.358,1.552870438,0.837654415,0.997316061,0.984188251,0.720719836,BARBUNYA
1010.706,1.515300393,0.812665633,0.996366592,0.981969528,0.708629659,BARBUNYA
1020.543,1.566061239,0.797207313,0.99810036,0.981899511,0.755992631,BARBUNYA
1045.614,1.520599946,0.759585299,0.994973063,0.981188663,0.72976435,BARBUNYA
1012.844,1.53514292,0.810475579,0.998705236,0.982331893,0.720855487,BARBUNYA
974.533,1.569897312,0.875490917,0.996279112,0.988939706,0.711768503,BARBUNYA
1035.179,1.356708434,0.776137256,0.998460094,0.982191882,0.733408685,BARBUNYA
1010.746,1.589389888,0.815541152,0.99881551,0.986225772,0.699090037,BARBUNYA
1027.756,1.581039691,0.788923781,0.998536861,0.983114168,0.732978159,BARBUNYA
1007.809,1.38757894,0.820957184,0.997309439,0.98196025,0.769553721,BARBUNYA
1009.445,1.406315559,0.818433957,0.997954649,0.982559259,0.793460067,BARBUNYA
1004.139,1.357783273,0.827168546,0.996730541,0.981267649,0.720535869,BARBUNYA
1029.266,1.573926601,0.787524041,0.998552537,0.985512194,0.686424731,BARBUNYA
967.29,1.455951272,0.892102907,0.998646188,0.989851574,0.754995567,BARBUNYA
1008.386,1.495362178,0.821093113,0.998197597,0.981432243,0.747603295,BARBUNYA
1010.092,1.488168714,0.818629789,0.992763346,0.984564792,0.780392157,BARBUNYA
1030.876,1.65996606,0.786153975,0.997508825,0.98248803,0.701519468,BARBUNYA
986.389,1.242533828,0.858962593,0.995617596,0.985668341,0.762124129,BARBUNYA
1002.344,1.654856338,0.832009939,0.997075554,0.985320911,0.741640931,BARBUNYA
1032.397,1.355271289,0.784688132,0.996990068,0.979946111,0.734173166,BARBUNYA
1029.494,1.410364807,0.790151277,0.993988627,0.98392169,0.735270753,BARBUNYA
1020.511,1.494073728,0.804822886,0.995740339,0.984719864,0.795012992,BARBUNYA
1033.42,1.685326243,0.786288835,0.996368021,0.982460009,0.752375698,BARBUNYA
990.128,1.625716541,0.857166121,0.995058353,0.986807349,0.80186824,BARBUNYA
1028.361,1.484866211,0.794745211,0.994931175,0.981451589,0.736456131,BARBUNYA
1022.644,1.453582469,0.803679985,0.995422825,0.980905171,0.771548542,BARBUNYA
1019.347,1.595590711,0.809153342,0.998110628,0.984954658,0.756410256,BARBUNYA
996.008,1.482866387,0.847569345,0.998019864,0.987616053,0.779037817,BARBUNYA
1037.359,1.365435026,0.781590045,0.997074605,0.979826963,0.779699914,BARBUNYA
1039.622,1.350327993,0.778330613,0.996647595,0.979744464,0.798518501,BARBUNYA
996.779,1.63754633,0.846701346,0.999288445,0.987709876,0.747754892,BARBUNYA
1009.144,1.354114879,0.826572859,0.998527248,0.983092886,0.729763591,BARBUNYA
1056.519,1.489800868,0.754174252,0.996190955,0.983772909,0.813352921,BARBUNYA
1010.404,1.709112415,0.82484497,0.994841521,0.985354664,0.807801726,BARBUNYA
990.719,1.597294722,0.858601924,0.995781422,0.984960418,0.717711901,BARBUNYA
1023.333,1.599308401,0.804986101,0.997566104,0.986529214,0.789592627,BARBUNYA
1019.709,1.590130629,0.810742208,0.993527002,0.983939572,0.770233188,BARBUNYA
1084.612,1.508624539,0.716637327,0.994789982,0.983247838,0.7901047,BARBUNYA
1025.963,1.892570244,0.801497051,0.995250337,0.985728549,0.744540928,BARBUNYA
1026.783,1.572359655,0.800527297,0.997476136,0.985155631,0.697424714,BARBUNYA
983.06,1.589988977,0.873333059,0.996281048,0.989043839,0.758389792,BARBUNYA
1017.512,1.596537147,0.815824958,0.998159938,0.986135563,0.704080029,BARBUNYA
990.278,1.566270668,0.861558065,0.996942411,0.987907195,0.752436909,BARBUNYA
1008.387,1.378532319,0.830916257,0.99706511,0.982565871,0.755036496,BARBUNYA
1030.013,1.721304536,0.796959504,0.997646553,0.984447013,0.794642857,BARBUNYA
1023.514,1.875557581,0.807412423,0.996062653,0.983230349,0.774976109,BARBUNYA
1037.096,1.632861817,0.786426226,0.998237521,0.987008226,0.756907196,BARBUNYA
1028.02,1.631940994,0.800944396,0.991118521,0.980180731,0.762721652,BARBUNYA
1052.897,1.652536177,0.764144162,0.995735215,0.983743397,0.792150411,BARBUNYA
1077.615,1.500107488,0.729501623,0.994411866,0.979512663,0.736030134,BARBUNYA
1041.175,1.680072103,0.781736955,0.995610459,0.982287737,0.799983392,BARBUNYA
998.962,1.485488485,0.849225545,0.999079211,0.983118795,0.746080915,BARBUNYA
1006.165,1.679574097,0.8372218,0.993767388,0.984010271,0.725809229,BARBUNYA
1014.674,1.376016696,0.823312119,0.998739755,0.982349343,0.731676628,BARBUNYA
1006.963,1.316803942,0.836738096,0.995923518,0.985275447,0.791772211,BARBUNYA
997.712,1.48436273,0.852541473,0.99505081,0.980529663,0.747377158,BARBUNYA
990.949,1.431214812,0.864243577,0.996543456,0.986070756,0.748343417,BARBUNYA
1010.848,1.60360023,0.830589329,0.998453001,0.985956204,0.698392017,BARBUNYA
985.555,1.476990536,0.873871888,0.998521633,0.987861238,0.801713906,BARBUNYA
1071.834,1.588373641,0.738868752,0.998791537,0.98271648,0.719713598,BARBUNYA
1031.662,1.536692735,0.79760169,0.99860611,0.983404664,0.730716395,BARBUNYA
992.572,1.588337816,0.862542013,0.996329251,0.98719708,0.684554179,BARBUNYA
1041.652,1.438488069,0.783256391,0.993840404,0.981995063,0.713667637,BARBUNYA
1068.824,1.54951336,0.744246199,0.995162346,0.980266589,0.762051721,BARBUNYA
1058.219,1.58814376,0.759249175,0.996213521,0.980565217,0.661514094,BARBUNYA
1005.38,1.382449716,0.841239943,0.995484505,0.984318631,0.731935791,BARBUNYA
1044.47,1.573856234,0.77968068,0.998299483,0.980061683,0.708383046,BARBUNYA
1046.454,1.447473086,0.777094262,0.998003277,0.981164334,0.7664569,BARBUNYA
969.983,1.496594503,0.904532591,0.996027563,0.991740862,0.799310736,BARBUNYA
988.59,1.490983764,0.871073266,0.996844046,0.988660576,0.765471577,BARBUNYA
1020.165,1.605832149,0.818167873,0.997039962,0.983525655,0.721595689,BARBUNYA
1064.282,1.876357192,0.752098767,0.995576756,0.984919367,0.803099049,BARBUNYA
1015.657,1.456008011,0.825946337,0.996847308,0.982751373,0.781567723,BARBUNYA
1032.304,1.527828096,0.799605143,0.993362606,0.985610047,0.749027925,BARBUNYA
1034.662,1.437326954,0.796129027,0.993911297,0.984539899,0.77528578,BARBUNYA
1001.425,1.742488315,0.850178379,0.997131997,0.98870641,0.800566372,BARBUNYA
1022.629,1.75565125,0.815299369,0.997590588,0.987153,0.750641678,BARBUNYA
1036.144,1.602649479,0.794251212,0.996692299,0.98267972,0.810201547,BARBUNYA
1076.897,1.635590817,0.735816765,0.997355314,0.979531194,0.755703443,BARBUNYA
1012.437,1.334285595,0.833145451,0.995278371,0.984427963,0.807420873,BARBUNYA
1017.31,1.490852027,0.825182894,0.99768288,0.983558868,0.769472028,BARBUNYA
1003.526,1.429389357,0.848019768,0.995818028,0.986271152,0.71730893,BARBUNYA
1030.513,1.498410401,0.80449325,0.99831245,0.982698062,0.722870813,BARBUNYA
1047.09,1.390929894,0.7793483,0.994544757,0.982828648,0.795984782,BARBUNYA
993.761,1.725135747,0.86546731,0.997570025,0.991111111,0.777509774,BARBUNYA
1022.207,1.458436887,0.818209564,0.997413311,0.982554193,0.797017408,BARBUNYA
1030.992,1.684251913,0.804502509,0.99631622,0.98395026,0.724059414,BARBUNYA
1054.621,1.485250106,0.768924066,0.994533792,0.982063233,0.716801483,BARBUNYA
1016.666,1.613774924,0.827480886,0.992991181,0.983896149,0.737383805,BARBUNYA
1029.885,1.592480239,0.806671285,0.995079005,0.982212926,0.700029816,BARBUNYA
1054.03,1.681372397,0.770386074,0.996595557,0.980168952,0.750760582,BARBUNYA
1027.932,1.488243308,0.81010811,0.997923592,0.983057207,0.735178889,BARBUNYA
1010.368,1.566978129,0.838542999,0.998418493,0.984649186,0.706316619,BARBUNYA
1036.382,1.468472789,0.797103846,0.995249748,0.984594708,0.776917463,BARBUNYA
1001.023,1.457602065,0.85443546,0.996715761,0.985592154,0.704894627,BARBUNYA
1020.991,1.6385761,0.821377251,0.998135617,0.985464486,0.799830962,BARBUNYA
1047.464,1.360762869,0.780406781,0.993397965,0.98235345,0.782296211,BARBUNYA
1029.375,1.476239876,0.808253527,0.997951649,0.984059373,0.761996869,BARBUNYA
1030.906,1.556107341,0.806091117,0.992981508,0.981358323,0.771231404,BARBUNYA
1052.896,1.626812694,0.77293059,0.99321833,0.980966767,0.757330401,BARBUNYA
1005.139,1.695769861,0.848509284,0.997365432,0.988294266,0.748472181,BARBUNYA
1000.45,1.411926034,0.857159637,0.997119628,0.984342109,0.779067246,BARBUNYA
1027.342,1.609260678,0.81299151,0.996673261,0.9861071,0.79592027,BARBUNYA
1097.068,1.665163204,0.713215375,0.994683342,0.979691646,0.70008814,BARBUNYA
1005.668,1.507055665,0.849679425,0.995763097,0.988679573,0.743854153,BARBUNYA
985.315,1.525797458,0.885144501,0.998481572,0.988308066,0.7482493,BARBUNYA
1030.293,1.358851959,0.80960768,0.995959323,0.982784141,0.792006856,BARBUNYA
1002.041,1.687602766,0.856680098,0.992838866,0.986752198,0.720233586,BARBUNYA
1005.058,1.619699789,0.851606825,0.991802374,0.984935902,0.78641669,BARBUNYA
1022.328,1.577395406,0.823125863,0.987884198,0.98021248,0.703669442,BARBUNYA
1015.665,1.346480373,0.834082901,0.991182628,0.981831739,0.811948582,BARBUNYA
1070.054,1.487859957,0.751535573,0.99013242,0.984063115,0.686806078,BARBUNYA
1019.038,1.397546411,0.828788258,0.998795767,0.98296376,0.761155381,BARBUNYA
1007.14,1.318550667,0.848634622,0.99823017,0.985526429,0.766433566,BARBUNYA
1015.202,1.474393433,0.835368162,0.99750084,0.987133677,0.816710177,BARBUNYA
1025.494,1.449242254,0.819138637,0.998219092,0.983740887,0.727810337,BARBUNYA
1035.111,1.540813598,0.80421129,0.994459746,0.981408064,0.707636739,BARBUNYA
1010.432,1.482207895,0.844000098,0.997807197,0.985640569,0.743989237,BARBUNYA
1034.797,1.561362478,0.805110167,0.998721834,0.983034576,0.709337552,BARBUNYA
1034.512,1.55320894,0.805682992,0.994107329,0.980606805,0.778948324,BARBUNYA
1004.91,1.374431232,0.854246911,0.996232143,0.984624211,0.728863407,BARBUNYA
1082.871,1.58918638,0.735972199,0.994985442,0.983136256,0.706630448,BARBUNYA
1029.691,1.468606529,0.814619894,0.99715581,0.982966978,0.790250072,BARBUNYA
1045.125,1.433082117,0.791105717,0.997348337,0.982946667,0.725060365,BARBUNYA
1032.496,1.423010021,0.810647659,0.995505049,0.983721462,0.755050505,BARBUNYA
1058.95,1.676745448,0.771032424,0.996446022,0.983870045,0.764488889,BARBUNYA
1054.403,1.54196742,0.777911511,0.994349659,0.980510322,0.705153689,BARBUNYA
981.885,1.427501895,0.897439484,0.994426649,0.989779049,0.77400063,BARBUNYA
1033.621,1.448537932,0.809966109,0.998543746,0.981989305,0.7214609,BARBUNYA
1003.476,1.446238567,0.859610343,0.995454467,0.987881309,0.778855721,BARBUNYA
1040.782,1.549023398,0.799229894,0.99491945,0.981549815,0.783197863,BARBUNYA
1003.207,1.580362693,0.860308634,0.996207193,0.98709206,0.709675758,BARBUNYA
1031.296,1.529383189,0.81435482,0.996768563,0.985769247,0.7713416,BARBUNYA
1025.523,1.649002944,0.823692542,0.997037762,0.984785932,0.771536335,BARBUNYA
1009.649,1.622041114,0.850055701,0.996348025,0.986255328,0.702925586,BARBUNYA
1054.813,1.57548045,0.779057503,0.993974046,0.983138781,0.823598242,BARBUNYA
1043.643,1.408223895,0.795938459,0.998088447,0.979915343,0.739516337,BARBUNYA
1012.123,1.7372396,0.846420303,0.995671065,0.990567934,0.676440889,BARBUNYA
1037.299,1.5496687,0.805867468,0.998139006,0.984364746,0.714476532,BARBUNYA
1050.088,1.578844915,0.786483072,0.994618491,0.980716214,0.737751884,BARBUNYA
1103.241,1.774281906,0.713546924,0.994917474,0.979950656,0.675581623,BARBUNYA
1053.271,1.433323895,0.782982741,0.993370669,0.980885483,0.725883687,BARBUNYA
1021.744,1.620806523,0.833227396,0.99686664,0.98696799,0.820542911,BARBUNYA
1028.211,1.583233282,0.822874172,0.99396173,0.982487263,0.776937321,BARBUNYA
1021.513,1.305647612,0.833736752,0.997055139,0.98141559,0.77967476,BARBUNYA
1003.29,1.63159749,0.864348467,0.996679759,0.990274043,0.703589285,BARBUNYA
1031.231,1.585929412,0.819361433,0.996122094,0.983727265,0.711453812,BARBUNYA
1088.995,1.573895673,0.7349023,0.996267671,0.980407125,0.758464567,BARBUNYA
1064.746,1.506493817,0.769034575,0.995808528,0.980206273,0.738129435,BARBUNYA
1036.784,1.581856937,0.811157416,0.997928178,0.987110909,0.715260597,BARBUNYA
1065.193,1.665407512,0.768533249,0.998623473,0.98037609,0.7613781,BARBUNYA
1047.174,1.505664901,0.795496006,0.991202843,0.979926312,0.790266393,BARBUNYA
993.332,1.585426818,0.884465209,0.997142837,0.991760086,0.783227509,BARBUNYA
1021.704,1.389581653,0.836326253,0.997356874,0.98334041,0.756893678,BARBUNYA
1073.845,1.54837695,0.757190622,0.994345408,0.982452916,0.74408867,BARBUNYA
1046.853,1.569750085,0.797038868,0.994109962,0.985328306,0.731365741,BARBUNYA
1025.929,1.484388501,0.830037109,0.99618015,0.984312615,0.786216724,BARBUNYA
1014.682,1.359475006,0.848576399,0.995643607,0.98593247,0.749886748,BARBUNYA
1008.883,1.302681467,0.858804028,0.998615323,0.985394946,0.798450413,BARBUNYA
1025.985,1.308834496,0.830519521,0.994380251,0.983085336,0.783225443,BARBUNYA
1012.777,1.394310095,0.852445512,0.995586303,0.984910681,0.817069447,BARBUNYA
1026.872,1.671978728,0.829311783,0.995482202,0.983256563,0.739097649,BARBUNYA
1026.093,1.276986966,0.83067889,0.991071479,0.984315556,0.782729962,BARBUNYA
997.465,1.470842041,0.87971478,0.997010059,0.989093853,0.746183431,BARBUNYA
1063.011,1.705404131,0.774816495,0.994313996,0.983165411,0.744488967,BARBUNYA
1023.301,1.543333077,0.836610034,0.998032751,0.983952238,0.73056327,BARBUNYA
1033.067,1.339313922,0.821020246,0.997077854,0.985067247,0.722821749,BARBUNYA
1007.023,1.303590032,0.864048843,0.996236705,0.984274865,0.79434951,BARBUNYA
1033.122,1.664222177,0.821097661,0.994116985,0.984764191,0.768241904,BARBUNYA
1095.057,1.674716847,0.731179168,0.992786732,0.981957638,0.762446455,BARBUNYA
1037.342,1.513777328,0.814944481,0.99578469,0.985093378,0.758549099,BARBUNYA
1052.445,1.4596239,0.791961006,0.995189209,0.981662213,0.719093484,BARBUNYA
1028.089,1.509219937,0.830048372,0.993073137,0.9851555,0.765643849,BARBUNYA
1055.572,1.698066233,0.78747879,0.997381971,0.984226774,0.688395938,BARBUNYA
1094.715,1.599598221,0.732464484,0.995189988,0.989124894,0.76881253,BARBUNYA
1020.927,1.503711237,0.842217379,0.998368706,0.984414194,0.789761679,BARBUNYA
1084.538,1.667585449,0.746638708,0.995216803,0.979714858,0.777686281,BARBUNYA
1052.973,1.704872837,0.792141674,0.998209375,0.982470937,0.684269784,BARBUNYA
1039.311,1.67999704,0.81319742,0.997791192,0.984798321,0.742771526,BARBUNYA
1053.345,1.519692519,0.791933366,0.994684506,0.984221046,0.756087803,BARBUNYA
1080.634,1.600634856,0.752871804,0.991007079,0.980904311,0.78246136,BARBUNYA
1009.03,1.605185986,0.86378702,0.996419962,0.986663095,0.702547783,BARBUNYA
1048.285,1.631802646,0.80050043,0.996564015,0.983367516,0.705750696,BARBUNYA
1031.181,1.511379141,0.827477061,0.998310691,0.982295422,0.737414694,BARBUNYA
1025.656,1.472704426,0.836463755,0.996256983,0.985545391,0.719808799,BARBUNYA
1018.064,1.550165137,0.849034278,0.997147016,0.986754407,0.779880167,BARBUNYA
1048.175,1.470034372,0.80110309,0.994279394,0.981557262,0.782919741,BARBUNYA
1025.456,1.791034372,0.837017121,0.998759775,0.990090892,0.657165375,BARBUNYA
1110.954,1.615038515,0.713183111,0.995977794,0.980473398,0.700712256,BARBUNYA
1097.408,1.559782361,0.73100266,0.994511127,0.979160552,0.708280255,BARBUNYA
1042.494,1.565062518,0.810158626,0.996663329,0.985540271,0.723523337,BARBUNYA
1020.397,1.567894817,0.845820107,0.998108711,0.986320263,0.794526449,BARBUNYA
1011.797,1.540178105,0.860652498,0.996938493,0.985605443,0.775580186,BARBUNYA
1026.311,1.68189422,0.836732616,0.997526982,0.989279921,0.755179171,BARBUNYA
1018.018,1.518382114,0.850432686,0.997321501,0.985970141,0.727582057,BARBUNYA
1067.05,1.665738946,0.774921755,0.99633309,0.982082413,0.674865436,BARBUNYA
1079.405,1.460678002,0.757531651,0.992097524,0.982857783,0.721553318,BARBUNYA
1056.843,1.593413599,0.790367475,0.996792115,0.982434795,0.706233035,BARBUNYA
1075.449,1.70412424,0.763723447,0.993968359,0.981457693,0.77441389,BARBUNYA
1019.184,1.57925543,0.850641319,0.998330003,0.985742524,0.708082415,BARBUNYA
1037.985,1.591574359,0.820455006,0.994227288,0.983543295,0.82135351,BARBUNYA
1067.18,1.738751542,0.77650945,0.998804644,0.985713085,0.792339391,BARBUNYA
1081.527,1.514553716,0.756108978,0.991598899,0.98064624,0.80008185,BARBUNYA
1068.42,1.526580381,0.775137404,0.993133129,0.981625796,0.716627992,BARBUNYA
1051.738,1.593513766,0.800523992,0.991521936,0.982282504,0.779836211,BARBUNYA
1024.772,1.401687594,0.843340141,0.997372283,0.984590668,0.793177572,BARBUNYA
1068.725,1.529280021,0.77546519,0.994485454,0.979651688,0.791010605,BARBUNYA
1045.719,1.525363114,0.810363465,0.994492496,0.981256523,0.807211538,BARBUNYA
1023.438,1.378728555,0.846067961,0.996352221,0.985673553,0.760514623,BARBUNYA
1054.957,1.505628947,0.79627846,0.997442748,0.9840096,0.729882738,BARBUNYA
1049.016,1.728231288,0.805905684,0.996938232,0.983664367,0.672636294,BARBUNYA
1055.918,1.629930173,0.795415795,0.994073413,0.988085404,0.71413104,BARBUNYA
1017.479,1.495770986,0.857548767,0.99562516,0.988194483,0.770997032,BARBUNYA
1028.338,1.584667599,0.839569027,0.996310547,0.984326237,0.763926733,BARBUNYA
1076.783,1.747481871,0.765788213,0.996630475,0.980693427,0.717038766,BARBUNYA
1028.213,1.704581002,0.839927693,0.99890282,0.989068514,0.701560701,BARBUNYA
1041.369,1.470773359,0.818966978,0.9892604,0.981651758,0.761419953,BARBUNYA
1081.066,1.493244509,0.760001197,0.998557255,0.982049073,0.793716031,BARBUNYA
1006.43,1.589460891,0.877027043,0.998223056,0.989488123,0.787865279,BARBUNYA
1060.02,1.454318909,0.790882043,0.998259224,0.981308541,0.73175224,BARBUNYA
1034.348,1.412647355,0.830921467,0.995454441,0.986405087,0.752041077,BARBUNYA
1060.894,1.651514737,0.79022705,0.995657752,0.983300453,0.775763422,BARBUNYA
1026.542,1.434403573,0.845216317,0.99756317,0.986416901,0.732998263,BARBUNYA
1019.768,1.3851233,0.85651888,0.997775007,0.985087695,0.758572346,BARBUNYA
1079.045,1.680419169,0.765462592,0.992550651,0.984535939,0.827343249,BARBUNYA
1050.316,1.617511388,0.807921649,0.996920272,0.983007859,0.772275395,BARBUNYA
1038.128,1.43825252,0.827481668,0.997086368,0.984626911,0.764398582,BARBUNYA
1053.128,1.511614168,0.804213395,0.9932173,0.982081829,0.802446525,BARBUNYA
1076.435,1.466475491,0.770035846,0.994527545,0.979905878,0.716160332,BARBUNYA
1022.124,1.427055138,0.854126517,0.994247185,0.985811861,0.804773562,BARBUNYA
1068.488,1.586542118,0.781675991,0.996086715,0.983342334,0.733537851,BARBUNYA
1038.418,1.55780537,0.827905234,0.998432827,0.988520461,0.719572968,BARBUNYA
1069.422,1.556065089,0.780695778,0.99528218,0.982249257,0.802292231,BARBUNYA
1097.521,1.703316653,0.741514052,0.99887274,0.980318599,0.6818426,BARBUNYA
1078.031,1.735679303,0.768600909,0.994433593,0.980887589,0.697693365,BARBUNYA
1049.342,1.620633584,0.811248151,0.995070236,0.98529371,0.799426451,BARBUNYA
1050.271,1.482383535,0.810360458,0.997721312,0.983369277,0.72135686,BARBUNYA
1049.648,1.603606355,0.811550808,0.997444781,0.982423439,0.690557761,BARBUNYA
1028.27,1.384847998,0.845658177,0.997793271,0.985580719,0.749739213,BARBUNYA
1023.921,1.566299798,0.853108835,0.999050427,0.985325673,0.715686275,BARBUNYA
1032.165,1.559966544,0.839795033,0.998671718,0.985821299,0.775566449,BARBUNYA
1034.189,1.36750581,0.83654639,0.992426554,0.986258865,0.788465372,BARBUNYA
1077.275,1.411061616,0.771217657,0.988260844,0.981641513,0.796945284,BARBUNYA
1055.392,1.306820368,0.80367747,0.990266694,0.981455457,0.826422887,BARBUNYA
1053.652,1.336123851,0.80641328,0.996755699,0.979406387,0.761403471,BARBUNYA
1075.675,1.418409594,0.773915476,0.99027666,0.979559295,0.713484721,BARBUNYA
1008.785,1.515623654,0.880136148,0.995122139,0.985168906,0.790127152,BARBUNYA
1075.003,1.683977053,0.775775021,0.997658041,0.981590534,0.723872722,BARBUNYA
1042.468,1.637764275,0.825208292,0.991675147,0.984358189,0.821635811,BARBUNYA
1067.432,1.639712261,0.787105513,0.996571049,0.983612884,0.711545364,BARBUNYA
1066.275,1.559560289,0.789002491,0.99565283,0.983928547,0.701117703,BARBUNYA
1014.658,1.327781315,0.871881026,0.996371188,0.987325151,0.75454219,BARBUNYA
1051.138,1.256584908,0.812527214,0.992443545,0.984171373,0.749769111,BARBUNYA
1083.116,1.38504948,0.76526795,0.998428728,0.979529718,0.787326427,BARBUNYA
1066.064,1.486249479,0.790022505,0.991880683,0.98207634,0.708777255,BARBUNYA
1005.776,1.533409671,0.887658731,0.99321549,0.988846143,0.801552492,BARBUNYA
1013.813,1.276115793,0.873701823,0.996334811,0.986008969,0.788439472,BARBUNYA
1051.294,1.564483989,0.812672673,0.994943132,0.985875667,0.783167514,BARBUNYA
1073.571,1.579564846,0.779372389,0.996823742,0.981315981,0.800649642,BARBUNYA
1028.478,1.480497786,0.84921283,0.994003969,0.983665662,0.734935176,BARBUNYA
1048.599,1.653250131,0.816946763,0.997589606,0.985931617,0.760684034,BARBUNYA
1093.388,1.517985813,0.751387608,0.998002634,0.979756031,0.720413202,BARBUNYA
1036.269,1.640210529,0.836620251,0.997349085,0.987036117,0.766812536,BARBUNYA
1042.205,1.462008429,0.827487469,0.99826939,0.98305341,0.751937007,BARBUNYA
1020.47,1.279995865,0.863244923,0.99735298,0.987479812,0.790260931,BARBUNYA
1076.261,1.789407108,0.776284139,0.995869323,0.98199484,0.713092699,BARBUNYA
1066.952,1.748912487,0.790352791,0.996161157,0.982706086,0.664038879,BARBUNYA
1107.086,1.742217285,0.734118611,0.996110183,0.979654663,0.643801252,BARBUNYA
1026.442,1.63115343,0.854064066,0.997028536,0.988787318,0.77616632,BARBUNYA
1065.545,1.688439175,0.792552093,0.995281386,0.984898083,0.702039216,BARBUNYA
1058.745,1.615203717,0.803157802,0.997776966,0.984391102,0.725969236,BARBUNYA
1097.198,1.524934914,0.747984177,0.995466951,0.979683356,0.803498542,BARBUNYA
1019.105,1.513497939,0.867228699,0.995027746,0.987871103,0.674572475,BARBUNYA
1058.192,1.642057335,0.804435134,0.994397545,0.985075858,0.765391761,BARBUNYA
1119.481,1.612731827,0.718884668,0.994245504,0.981544865,0.757824639,BARBUNYA
1088.317,1.510488953,0.760740197,0.994848775,0.980339345,0.774665082,BARBUNYA
1062.753,1.884295873,0.797934603,0.996142451,0.986818025,0.679138258,BARBUNYA
1057.855,1.416848709,0.805621518,0.997986428,0.982323059,0.730094439,BARBUNYA
1027.656,1.36050429,0.854058345,0.995422114,0.986340337,0.815032249,BARBUNYA
1065.587,1.467537169,0.794581291,0.99587054,0.983210769,0.695356991,BARBUNYA
1073.977,1.541708489,0.783130274,0.997562564,0.980453938,0.781281249,BARBUNYA
1066.553,1.434136454,0.79419207,0.99389412,0.98154115,0.719207683,BARBUNYA
1092.347,1.658808436,0.757180451,0.998277438,0.979883608,0.719236117,BARBUNYA
1074.336,1.482368651,0.782792068,0.99498998,0.983489501,0.750940007,BARBUNYA
1033.77,1.732388201,0.845926145,0.995223252,0.989464418,0.768959436,BARBUNYA
1065.618,1.568539087,0.79644955,0.99864759,0.982955011,0.74290846,BARBUNYA
1022.505,1.568596128,0.865064697,0.996673688,0.989387587,0.803046025,BARBUNYA
1052.401,1.543032379,0.816829847,0.997802973,0.982450394,0.773242825,BARBUNYA
1065.356,1.638786892,0.797406,0.995582107,0.982309938,0.704899581,BARBUNYA
1090.037,1.753927595,0.761757399,0.993523066,0.980986625,0.808545032,BARBUNYA
1009.725,1.565629146,0.887976481,0.993333382,0.990813071,0.735090351,BARBUNYA
1065.249,1.54576521,0.797876274,0.995844925,0.984477694,0.722259536,BARBUNYA
1082.571,1.459599327,0.772654462,0.997399474,0.984641242,0.735746375,BARBUNYA
1078.081,1.476217942,0.779147027,0.994169827,0.98269514,0.735967564,BARBUNYA
1062.088,1.307732764,0.803111665,0.998667708,0.983117414,0.752840434,BARBUNYA
1072.061,1.550762708,0.788348383,0.998390234,0.982316076,0.70845206,BARBUNYA
1066.766,1.664056181,0.796536219,0.993438715,0.982029325,0.705029713,BARBUNYA
1099.699,1.735059149,0.750041162,0.992092688,0.979548909,0.714076551,BARBUNYA
1085.425,1.531453285,0.770153859,0.996347154,0.981539633,0.708419999,BARBUNYA
1079.909,1.549468502,0.778246328,0.998220547,0.983844163,0.714558496,BARBUNYA
1060.96,1.526156835,0.806606498,0.993069734,0.982512443,0.758002077,BARBUNYA
1067.662,1.461432993,0.796544784,0.99314273,0.981192287,0.710108892,BARBUNYA
1042.893,1.731464672,0.834922849,0.996014797,0.989754968,0.703988387,BARBUNYA
1097.796,1.530661599,0.753498797,0.998311068,0.980515339,0.719392733,BARBUNYA
1077.446,1.692710272,0.782284767,0.998204288,0.979905085,0.686997357,BARBUNYA
1055.163,1.401357972,0.815685611,0.994298917,0.982382927,0.80427573,BARBUNYA
1071.542,1.538734615,0.791520004,0.996735562,0.982809464,0.720396047,BARBUNYA
1036.092,1.7357513,0.846669031,0.996602036,0.9902789,0.674572604,BARBUNYA
1046.653,1.631799671,0.82984108,0.995950113,0.986863106,0.819609354,BARBUNYA
1060.571,1.305059385,0.808617148,0.992366847,0.980213976,0.806361408,BARBUNYA
1021.256,1.318108213,0.872591817,0.995143383,0.984770607,0.756144417,BARBUNYA
1086.063,1.73082327,0.771678322,0.998403134,0.981902722,0.707526252,BARBUNYA
1130.101,1.830630093,0.713475789,0.993627148,0.979640088,0.658532377,BARBUNYA
1103.397,1.60927579,0.748469517,0.997202115,0.9820026,0.698065075,BARBUNYA
1068.047,1.757820508,0.799418674,0.996166308,0.984520208,0.79794159,BARBUNYA
1080.984,1.533516904,0.781000834,0.992154413,0.981816707,0.725072633,BARBUNYA
1071.572,1.566118211,0.794879199,0.99483606,0.984253676,0.716641013,BARBUNYA
1044.995,1.693780675,0.835997737,0.992620009,0.983923613,0.688150043,BARBUNYA
1068.024,1.702090673,0.800367484,0.997704983,0.985994056,0.794052069,BARBUNYA
1058.689,1.680323295,0.814555418,0.998276783,0.984818088,0.738355844,BARBUNYA
1020.748,1.384380089,0.876499864,0.998365065,0.987311162,0.722118442,BARBUNYA
1036.035,1.503253758,0.851609067,0.995227257,0.982933355,0.800363096,BARBUNYA
1090.293,1.444190906,0.769116681,0.997679735,0.982008125,0.809677491,BARBUNYA
1074.004,1.685781987,0.792808586,0.995768628,0.985669976,0.747117704,BARBUNYA
1047.307,1.494946884,0.833765778,0.998847861,0.98627148,0.786892868,BARBUNYA
1065.022,1.396752029,0.806303955,0.991566328,0.98024136,0.729153517,BARBUNYA
1060.865,1.660256377,0.812735832,0.994826236,0.986501138,0.69625605,BARBUNYA
1057.896,1.535852423,0.817753285,0.996662477,0.986107726,0.715951318,BARBUNYA
1078.61,1.427887501,0.786710852,0.997876647,0.979162185,0.779390048,BARBUNYA
1052.169,1.487502677,0.826781803,0.99734019,0.985935893,0.784450356,BARBUNYA
1083.134,1.775598951,0.781106071,0.995426841,0.984182468,0.689931502,BARBUNYA
1041.775,1.629906725,0.844369396,0.998041827,0.987741944,0.725467569,BARBUNYA
1113.897,1.711807322,0.738699307,0.997143812,0.979769757,0.784049621,BARBUNYA
1063.457,1.567976739,0.810690009,0.994363563,0.982930739,0.776566757,BARBUNYA
1094.517,1.739489318,0.765583391,0.996956796,0.982671568,0.675377554,BARBUNYA
1081.342,1.538014051,0.784750312,0.997018954,0.98400442,0.709348073,BARBUNYA
1093.992,1.503018655,0.767021852,0.995743864,0.982251146,0.734505711,BARBUNYA
1041.289,1.364275377,0.846687587,0.997419728,0.984701648,0.742303237,BARBUNYA
1093.025,1.566887157,0.768516361,0.997320747,0.980224852,0.723334323,BARBUNYA
1012.867,1.531258477,0.895141462,0.996439897,0.989827845,0.790237467,BARBUNYA
1052.343,1.457311025,0.829424691,0.995824608,0.98409963,0.775771856,BARBUNYA
1028.668,1.512337527,0.868078415,0.992485799,0.987557081,0.731606498,BARBUNYA
1079.089,1.549843075,0.788883205,0.997069684,0.98494954,0.79466887,BARBUNYA
1060.231,1.80435835,0.817397247,0.997160998,0.988054377,0.805974427,BARBUNYA
1103.919,1.48087849,0.7540933,0.995973458,0.980728482,0.720979986,BARBUNYA
1038.185,1.361895404,0.852865667,0.994688653,0.984681447,0.796435415,BARBUNYA
1095.733,1.489376298,0.766009801,0.995653884,0.981624797,0.69623661,BARBUNYA
1073.038,1.589227547,0.798798684,0.999100217,0.984808934,0.693096591,BARBUNYA
1084.621,1.480058605,0.781978102,0.997149353,0.984110127,0.762591802,BARBUNYA
1134.894,1.502897903,0.714330725,0.9950673,0.979517299,0.776248688,BARBUNYA
1061.6,1.733875172,0.816450072,0.995541261,0.986952419,0.696053082,BARBUNYA
1051.986,1.421901366,0.8314866,0.993599986,0.985704286,0.824115966,BARBUNYA
1070.181,1.689697482,0.803464391,0.997992327,0.986408212,0.794908815,BARBUNYA
1091.178,1.727643389,0.772924987,0.997001374,0.986250269,0.805550361,BARBUNYA
1044.036,1.53173545,0.844658968,0.993123204,0.987053229,0.735454728,BARBUNYA
1127.766,1.715134337,0.724554939,0.996640831,0.981253512,0.761774666,BARBUNYA
1082.968,1.411902622,0.785888568,0.996270908,0.983678451,0.814830862,BARBUNYA
1059.701,1.552006059,0.820844809,0.994523135,0.982349239,0.67776361,BARBUNYA
1058.56,1.270154922,0.82327696,0.998428828,0.985052197,0.799259662,BARBUNYA
1011.417,1.506934696,0.902623617,0.996780861,0.990897199,0.776001183,BARBUNYA
1079.891,1.487412901,0.791914451,0.992115916,0.981502504,0.805246318,BARBUNYA
1071.953,1.524475737,0.803784831,0.998484326,0.985096031,0.743766444,BARBUNYA
1073.069,1.397602238,0.802332081,0.99730842,0.979300148,0.769872768,BARBUNYA
1080.363,1.496200504,0.792073188,0.996668313,0.983963728,0.695096372,BARBUNYA
1062.467,1.630250542,0.819415136,0.996380707,0.98654372,0.734698766,BARBUNYA
1071.166,1.65053714,0.806171096,0.996870702,0.981610391,0.763634289,BARBUNYA
1116.098,1.625081863,0.742587991,0.996477667,0.981192184,0.773891377,BARBUNYA
1101.269,1.950370743,0.762845424,0.995667792,0.981888745,0.754504089,BARBUNYA
1085.142,1.599457546,0.786061708,0.9984318,0.982565197,0.798616532,BARBUNYA
1072.943,1.558306562,0.804103329,0.99571419,0.985352934,0.79526709,BARBUNYA
1092.816,1.515153211,0.775229024,0.993776125,0.981691717,0.813897481,BARBUNYA
1033.627,1.634261749,0.868108168,0.996837552,0.989064887,0.691391101,BARBUNYA
1063.155,1.672117987,0.821034319,0.995708151,0.985744224,0.732985281,BARBUNYA
1055.692,1.478191631,0.832931681,0.996760727,0.986406548,0.768536918,BARBUNYA
1070.969,1.66486509,0.809513503,0.99662513,0.98552793,0.702181041,BARBUNYA
1094.529,1.729844099,0.775269403,0.996726516,0.985243148,0.770366896,BARBUNYA
1062.106,1.401417464,0.823369868,0.997150748,0.98679608,0.727060791,BARBUNYA
1082.44,1.677231427,0.792876017,0.998034003,0.989334083,0.803886388,BARBUNYA
1067.612,1.442952862,0.815240808,0.995812318,0.981483694,0.718796174,BARBUNYA
1108.007,1.655932932,0.756932515,0.994840261,0.980794992,0.797844335,BARBUNYA
1043.225,1.312910509,0.854193924,0.995833438,0.985296076,0.731839541,BARBUNYA
1088.087,1.553609498,0.786259683,0.997615641,0.984176542,0.749706501,BARBUNYA
1071.243,1.537787577,0.811990377,0.992713525,0.986732847,0.773356834,BARBUNYA
1093.586,1.632944067,0.779191883,0.997957972,0.982458697,0.800464162,BARBUNYA
1096.388,1.694890936,0.775391983,0.997746889,0.983296214,0.78430792,BARBUNYA
1082.991,1.500941136,0.794833696,0.995398992,0.983416406,0.780861858,BARBUNYA
1092.082,1.763774399,0.781982276,0.996600573,0.982342819,0.737674936,BARBUNYA
1065.145,1.431848481,0.822266905,0.993779224,0.982373725,0.746730909,BARBUNYA
1073.76,1.747610344,0.810542298,0.997825398,0.986012039,0.675572311,BARBUNYA
1041.935,1.523404413,0.861276118,0.996392807,0.987223033,0.737615861,BARBUNYA
1065.064,1.512960907,0.824751578,0.996382136,0.987636306,0.797348241,BARBUNYA
1068.695,1.387901788,0.82029003,0.998258649,0.983030063,0.732527634,BARBUNYA
1057.513,1.405535885,0.837773963,0.995451085,0.984978994,0.786665401,BARBUNYA
1115.534,1.826779752,0.752891971,0.994844089,0.980136194,0.735276134,BARBUNYA
1046.325,1.723040206,0.857255036,0.999110867,0.990661768,0.745336966,BARBUNYA
1110.564,1.751174122,0.761194435,0.994416552,0.982353947,0.790270373,BARBUNYA
1093.874,1.460608487,0.784757321,0.996119492,0.983042374,0.796096438,BARBUNYA
1062.473,1.519627236,0.831940538,0.994046444,0.987160859,0.826740121,BARBUNYA
1036.381,1.299422098,0.874591829,0.996327092,0.987438082,0.817949055,BARBUNYA
1074.036,1.584264835,0.815518115,0.996480645,0.981964138,0.755030206,BARBUNYA
1038.26,1.396556673,0.872711395,0.996425449,0.98739119,0.787039665,BARBUNYA
1059.737,1.415968577,0.837875525,0.998509541,0.985379848,0.758063536,BARBUNYA
1116.179,1.547898734,0.755421247,0.992444094,0.984178296,0.790496396,BARBUNYA
1101.567,1.551796142,0.77589542,0.995948567,0.983280182,0.774253886,BARBUNYA
1119.975,1.656371306,0.750619701,0.995903741,0.984210595,0.753325491,BARBUNYA
1081.712,1.457006763,0.804747598,0.998980311,0.985467792,0.728211856,BARBUNYA
1082.572,1.577136058,0.803598186,0.996109479,0.979429946,0.732571551,BARBUNYA
1138.087,1.515855248,0.727558776,0.993179864,0.981416288,0.767878353,BARBUNYA
1108.267,1.622193402,0.767524648,0.998024189,0.983971879,0.744132759,BARBUNYA
1077.341,1.429593556,0.812568479,0.996938344,0.981944499,0.79215351,BARBUNYA
1114.942,1.67000371,0.758756284,0.997588413,0.984586728,0.764275823,BARBUNYA
1062.917,1.59313021,0.834949517,0.998732262,0.986322069,0.700016785,BARBUNYA
1084.945,1.592343965,0.8019977,0.994020383,0.986151039,0.751991992,BARBUNYA
1047.276,1.341548326,0.860900525,0.997712576,0.985429508,0.786087921,BARBUNYA
1059.084,1.438277755,0.842270076,0.994059863,0.983941262,0.765518084,BARBUNYA
1029.627,1.593984303,0.89129538,0.997882622,0.991324984,0.81462141,BARBUNYA
1082.347,1.727844983,0.806860788,0.994346814,0.987592401,0.820798778,BARBUNYA
1074.138,1.691904365,0.81937133,0.995929533,0.98760732,0.678817956,BARBUNYA
1137.956,1.725820402,0.730433764,0.997158943,0.983240369,0.716215959,BARBUNYA
1044.47,1.675782551,0.867099004,0.9969478,0.988899107,0.673095838,BARBUNYA
1124.613,1.52224047,0.747958508,0.993927993,0.982062254,0.789253512,BARBUNYA
1064.37,1.436675701,0.835610929,0.997903694,0.987416767,0.758821456,BARBUNYA
1095.258,1.730228228,0.789343462,0.995205109,0.98775644,0.794305532,BARBUNYA
1079.007,1.312171225,0.813504304,0.993367305,0.9806779,0.760667716,BARBUNYA
1085.018,1.547801135,0.804931938,0.994093289,0.986731743,0.823143509,BARBUNYA
1070.292,1.501562125,0.827607191,0.994976862,0.983419149,0.736101083,BARBUNYA
1109.067,1.627135281,0.771485067,0.993134485,0.982462303,0.792350874,BARBUNYA
1059.166,1.47414241,0.846015434,0.997092161,0.986893857,0.761965295,BARBUNYA
1077.868,1.678617681,0.817301227,0.995386511,0.982243136,0.679917937,BARBUNYA
1108.609,1.690706705,0.773359843,0.997129587,0.981571844,0.682309004,BARBUNYA
1073.393,1.497983113,0.825057195,0.995270834,0.984845921,0.713455753,BARBUNYA
1039.343,1.604295541,0.880351241,0.994742941,0.990394053,0.825897632,BARBUNYA
1085.308,1.400564451,0.80738233,0.996459955,0.979194431,0.764372576,BARBUNYA
1082.381,1.566259016,0.812012349,0.99654284,0.98666684,0.780443299,BARBUNYA
1077.037,1.398145628,0.820166193,0.995684832,0.982340958,0.776098901,BARBUNYA
1097.632,1.572111325,0.789781488,0.996108207,0.982955357,0.703848299,BARBUNYA
1094.38,1.786432377,0.794597621,0.996353428,0.985836837,0.772072017,BARBUNYA
1051.198,1.497649225,0.861482345,0.991590899,0.986804226,0.723623755,BARBUNYA
1073.277,1.375171576,0.826686451,0.99614564,0.982166001,0.742722729,BARBUNYA
1096.146,1.733810896,0.792750516,0.996850889,0.984031988,0.796877628,BARBUNYA
1095.858,1.672567504,0.793742777,0.994819022,0.982513859,0.812489289,BARBUNYA
1061.687,1.342480571,0.845848674,0.994822522,0.985632072,0.808514493,BARBUNYA
1140.196,1.62050533,0.734197538,0.995048319,0.980140654,0.763162125,BARBUNYA
1091.585,1.602565052,0.801076486,0.998937141,0.982601159,0.706647937,BARBUNYA
1131.395,1.517941579,0.746577439,0.993330775,0.982101117,0.831027625,BARBUNYA
1094.85,1.558858794,0.797511347,0.990534432,0.980436127,0.820470233,BARBUNYA
1119.386,1.69199867,0.762942983,0.995069731,0.985082937,0.678151186,BARBUNYA
1133.565,1.672227359,0.743995633,0.99448748,0.981930121,0.800700957,BARBUNYA
1073.575,1.533159867,0.829694722,0.997906956,0.986300305,0.714052472,BARBUNYA
1067.403,1.407208072,0.840034394,0.996738092,0.98591604,0.777094174,BARBUNYA
1161.501,1.718676138,0.709801737,0.997315632,0.980720721,0.715108859,BARBUNYA
1067.935,1.474786386,0.839792659,0.996053127,0.98739474,0.736438827,BARBUNYA
1103.271,1.510907992,0.787159105,0.994253656,0.98371781,0.770792264,BARBUNYA
1164.13,1.599345579,0.707554501,0.997391765,0.980406013,0.7114022,BARBUNYA
1101.834,1.537389201,0.790124531,0.997040145,0.981964598,0.688214505,BARBUNYA
1057.34,1.512962055,0.858595529,0.993549053,0.985295066,0.823557951,BARBUNYA
1065.907,1.404454594,0.845623664,0.994822217,0.988582586,0.765215738,BARBUNYA
1065.587,1.422265586,0.846408305,0.988761607,0.982768147,0.747035496,BARBUNYA
1099.381,1.604465137,0.795380327,0.995310484,0.983960796,0.785751702,BARBUNYA
1103.519,1.519381778,0.78944708,0.995175165,0.984632414,0.800096218,BARBUNYA
1051.538,1.475208888,0.869653468,0.994519394,0.988273279,0.730827269,BARBUNYA
1104.39,1.582475438,0.788645374,0.997663206,0.981044294,0.710711036,BARBUNYA
1087.242,1.835225512,0.813718612,0.99578176,0.983868895,0.801938188,BARBUNYA
1124.781,1.720921568,0.760320013,0.996123254,0.98438786,0.788857514,BARBUNYA
1053.004,1.593054204,0.867517006,0.995712654,0.989810564,0.703072331,BARBUNYA
1093.031,1.405703897,0.805553321,0.992567438,0.983372068,0.780263667,BARBUNYA
1061.077,1.347143937,0.855772879,0.997738213,0.986097178,0.791014134,BARBUNYA
1131.072,1.566106354,0.753368987,0.995726361,0.979652574,0.799126865,BARBUNYA
1058.497,1.608712284,0.860577801,0.994071807,0.990077163,0.805503065,BARBUNYA
1090.653,1.514134612,0.810834141,0.997652686,0.980342819,0.712285163,BARBUNYA
1151.651,1.63394523,0.727272882,0.995354602,0.979331198,0.723118229,BARBUNYA
1076.634,1.483613785,0.832152631,0.999247158,0.984645184,0.733202789,BARBUNYA
1060.544,1.557748151,0.857605283,0.994608594,0.987355775,0.744628219,BARBUNYA
1133.819,1.583599927,0.750544017,0.995780641,0.983602567,0.803240959,BARBUNYA
1092.1,1.370562224,0.809076743,0.991052407,0.983881714,0.710255651,BARBUNYA
1070.925,1.599844685,0.841421072,0.997472229,0.987589701,0.821245241,BARBUNYA
1136.843,1.748519219,0.746877302,0.998644685,0.982879517,0.670384528,BARBUNYA
1094.611,1.382037876,0.805977313,0.996934374,0.983390065,0.790048319,BARBUNYA
1111.913,1.76104455,0.781252158,0.998241676,0.983292823,0.760337119,BARBUNYA
1129.184,1.614864253,0.757930461,0.996608481,0.981331428,0.707013689,BARBUNYA
1108.051,1.519738999,0.787290998,0.993118995,0.980747409,0.740023474,BARBUNYA
1130.503,1.539377682,0.757037979,0.997569691,0.983860662,0.794569603,BARBUNYA
1099.457,1.739677323,0.800437028,0.998146458,0.986622416,0.79293335,BARBUNYA
1133.607,1.597218182,0.753220569,0.997089685,0.979824963,0.703562294,BARBUNYA
1076.62,1.352327255,0.835383325,0.998340092,0.984351048,0.737072182,BARBUNYA
1129.944,1.641987676,0.75847616,0.993362882,0.981806831,0.691024032,BARBUNYA
1129.233,1.609998228,0.759471,0.992810945,0.981395171,0.715219066,BARBUNYA
1075.07,1.552809931,0.838533259,0.992277346,0.985799013,0.667165522,BARBUNYA
1124.1,1.571465135,0.767029449,0.990596309,0.983073315,0.821953429,BARBUNYA
1118.397,1.580958141,0.775766107,0.997958067,0.981193692,0.705178082,BARBUNYA
1106.588,1.517807918,0.793581578,0.995435658,0.980486877,0.691146504,BARBUNYA
1098.053,1.576392814,0.80622686,0.98890954,0.979462635,0.740163809,BARBUNYA
1096.711,1.508558213,0.808880269,0.995413874,0.983760912,0.773243446,BARBUNYA
1109.772,1.597842315,0.789983358,0.997377494,0.985401739,0.715735759,BARBUNYA
1095.843,1.610501186,0.810528432,0.991984362,0.984944049,0.835681764,BARBUNYA
1134.539,1.849349984,0.756532997,0.991807528,0.982590503,0.736280024,BARBUNYA
1065.949,1.313422324,0.857235901,0.993479601,0.985192435,0.782876131,BARBUNYA
1152.75,1.331549306,0.733111738,0.99710808,0.980497059,0.802756521,BARBUNYA
1106.223,1.500068811,0.796087252,0.994143803,0.982497941,0.790738474,BARBUNYA
1129.375,1.67599742,0.763999237,0.996373295,0.980440747,0.672698567,BARBUNYA
1084.672,1.495699546,0.828666103,0.997491522,0.986120114,0.725698732,BARBUNYA
1070.451,1.642680939,0.851411341,0.997203518,0.98757203,0.699549468,BARBUNYA
1121.666,1.62395566,0.776314853,0.995714232,0.983574195,0.702196283,BARBUNYA
1104.594,1.465197069,0.80112514,0.997885802,0.983201456,0.75759199,BARBUNYA
1121.69,1.636161907,0.778249204,0.998344328,0.983242691,0.696127217,BARBUNYA
1137.739,1.688120585,0.756506268,0.996592617,0.982141057,0.773945257,BARBUNYA
1073.069,1.614887491,0.850656004,0.99642995,0.988247078,0.80095152,BARBUNYA
1091.403,1.444146053,0.824479144,0.998164139,0.987303713,0.816481748,BARBUNYA
1130.225,1.619919238,0.769077589,0.99407331,0.981580996,0.676523018,BARBUNYA
1095.037,1.655302766,0.820671781,0.997914965,0.986123004,0.736023911,BARBUNYA
1066.6,1.349702141,0.865733572,0.994828375,0.986394986,0.80632716,BARBUNYA
1114.515,1.62247443,0.793319723,0.994045243,0.982619919,0.687446305,BARBUNYA
1110.736,1.54182803,0.79923633,0.997198777,0.984900213,0.817364583,BARBUNYA
1111.104,1.503936313,0.799063261,0.996295385,0.984758583,0.730604572,BARBUNYA
1162.368,1.467854831,0.730451443,0.997325876,0.979593873,0.791717491,BARBUNYA
1108.853,1.688463235,0.803618985,0.995781377,0.984129765,0.805635246,BARBUNYA
1149.889,1.587038311,0.747541665,0.996947892,0.979344091,0.785094023,BARBUNYA
1110.302,1.391378384,0.801838829,0.998055123,0.981226455,0.767244743,BARBUNYA
1088.013,1.409325329,0.836004859,0.996956425,0.985928365,0.741051265,BARBUNYA
1082.774,1.713816718,0.844200195,0.997494045,0.987400647,0.745101935,BARBUNYA
1164.715,1.703704488,0.729872733,0.994256703,0.979950997,0.807897381,BARBUNYA
1085.724,1.696199486,0.840279848,0.995769514,0.986582389,0.751124452,BARBUNYA
1088.405,1.499855313,0.836410526,0.996878123,0.989074123,0.734576758,BARBUNYA
1091.875,1.355056744,0.831397851,0.995384934,0.984534731,0.81780856,BARBUNYA
1120.043,1.423516865,0.790286289,0.99579578,0.980939237,0.733843063,BARBUNYA
1104.024,1.821817218,0.814087291,0.99760533,0.987555811,0.777200339,BARBUNYA
1077.94,1.448284078,0.854254556,0.997654586,0.986622533,0.784399206,BARBUNYA
1147.917,1.514211121,0.753564478,0.995692046,0.982627835,0.700448534,BARBUNYA
1077.848,1.52565927,0.854897961,0.99493553,0.987184772,0.798817465,BARBUNYA
1121.923,1.696404866,0.789077579,0.994452867,0.984774483,0.704890839,BARBUNYA
1091.785,1.63157251,0.833306035,0.998845862,0.988643186,0.791247072,BARBUNYA
1091.847,1.698219521,0.833822784,0.996824354,0.987380325,0.683871079,BARBUNYA
1105.067,1.441956789,0.814382982,0.995331207,0.983325464,0.755729565,BARBUNYA
1121.15,1.610388719,0.791435702,0.995455839,0.984627057,0.786865856,BARBUNYA
1179.638,1.508504691,0.715424222,0.998095587,0.980106642,0.721107197,BARBUNYA
1088.437,1.741639156,0.840922468,0.996388609,0.987444885,0.757568229,BARBUNYA
1104.444,1.502527059,0.817238784,0.99138459,0.984535955,0.812245943,BARBUNYA
1108.267,1.517333678,0.812295811,0.993922672,0.98335377,0.74759887,BARBUNYA
1178.357,1.571391219,0.718763433,0.997677596,0.980530143,0.717304913,BARBUNYA
1159.254,1.618602758,0.742955766,0.998643748,0.982526649,0.727245268,BARBUNYA
1114.478,1.452242315,0.804329492,0.996366431,0.982767572,0.78420928,BARBUNYA
1120.351,1.653085367,0.795998924,0.993229552,0.984887524,0.706888581,BARBUNYA
1135.829,1.704785814,0.774559648,0.997750143,0.985341132,0.811335578,BARBUNYA
1088.996,1.519427109,0.842878006,0.995442928,0.988124224,0.828583333,BARBUNYA
1096.596,1.361060241,0.831496545,0.998195066,0.984679545,0.794173129,BARBUNYA
1131.686,1.630551437,0.781163544,0.996918031,0.983726677,0.779320066,BARBUNYA
1109.573,1.464991607,0.812875252,0.996356759,0.983112571,0.760872473,BARBUNYA
1142.445,1.559668525,0.767058748,0.992614236,0.981459581,0.771836853,BARBUNYA
1082.378,1.455179146,0.854900797,0.996501143,0.987547394,0.819412744,BARBUNYA
1101.326,1.528387552,0.826296664,0.995977082,0.984350123,0.805020591,BARBUNYA
1160.791,1.775072783,0.744132486,0.997628793,0.980209088,0.680529139,BARBUNYA
1075.684,1.423811235,0.866801238,0.997074096,0.98681998,0.789956055,BARBUNYA
1153.44,1.568670734,0.753940394,0.99777248,0.984375,0.718137652,BARBUNYA
1115.52,1.650009806,0.80679625,0.994865554,0.981486486,0.768394022,BARBUNYA
1119.069,1.585665259,0.802680456,0.99693232,0.984589631,0.715108171,BARBUNYA
1100.196,1.531307731,0.830881018,0.996523157,0.984815485,0.80065026,BARBUNYA
1129.156,1.450838352,0.788827278,0.99599221,0.980544699,0.800830498,BARBUNYA
1078.541,1.588605837,0.864764558,0.996929175,0.990656519,0.807998224,BARBUNYA
1124.684,1.596951096,0.795341359,0.995264637,0.986701505,0.729059284,BARBUNYA
1128.926,1.511622637,0.789858655,0.994891551,0.980970108,0.705459125,BARBUNYA
1079.668,1.332981289,0.864361584,0.99496538,0.986903648,0.811324955,BARBUNYA
1194.35,1.546608983,0.706664138,0.993953042,0.979785519,0.751011122,BARBUNYA
1123.513,1.508204017,0.798602939,0.990990258,0.982149197,0.795712897,BARBUNYA
1140.603,1.400092415,0.775681496,0.99754653,0.981159969,0.751391813,BARBUNYA
1099.039,1.592202604,0.835658786,0.993823353,0.986854068,0.779224307,BARBUNYA
1110.875,1.659767881,0.818496211,0.997622757,0.986862784,0.711832585,BARBUNYA
1137.745,1.779598055,0.780408555,0.997326647,0.984918097,0.669710173,BARBUNYA
1097.037,1.526703354,0.83941117,0.99407989,0.987446722,0.741744402,BARBUNYA
1161.915,1.665565563,0.748557586,0.997761366,0.979775828,0.679733922,BARBUNYA
1122.763,1.669814979,0.801982933,0.995837505,0.984073979,0.814809188,BARBUNYA
1088.685,1.690520691,0.853272909,0.99637977,0.989414802,0.789071692,BARBUNYA
1134.764,1.555684945,0.786465943,0.994432711,0.979829542,0.795911313,BARBUNYA
1116.248,1.685732932,0.812965302,0.9968205,0.986984523,0.822456892,BARBUNYA
1149.201,1.665435488,0.767124855,0.996421344,0.985827831,0.797501286,BARBUNYA
1071.17,1.68172081,0.884088489,0.997358376,0.992548875,0.799722607,BARBUNYA
1130.935,1.429056256,0.793755609,0.997055938,0.984931423,0.783294551,BARBUNYA
1136.801,1.484658136,0.786528256,0.996790109,0.982830897,0.71949191,BARBUNYA
1114.025,1.371419737,0.819493718,0.993720358,0.984322931,0.717395736,BARBUNYA
1107.182,1.511920757,0.829839396,0.996054583,0.984338331,0.779927355,BARBUNYA
1102.058,1.5372429,0.838184438,0.994427998,0.985343307,0.751846902,BARBUNYA
1107.628,1.406184025,0.829877999,0.996410473,0.987338378,0.804025087,BARBUNYA
1141.82,1.681634872,0.781315661,0.994158146,0.986131556,0.749135907,BARBUNYA
1135.253,1.638801033,0.790615034,0.997238747,0.981112214,0.767327201,BARBUNYA
1113.605,1.498924126,0.821702901,0.993783192,0.982230459,0.706500431,BARBUNYA
1149.98,1.864785835,0.771008099,0.99783966,0.981456841,0.767598505,BARBUNYA
1125.616,1.576371015,0.805073618,0.998106243,0.985623391,0.768965517,BARBUNYA
1136.169,1.463268583,0.790849615,0.989273807,0.980780375,0.721786876,BARBUNYA
1150.387,1.513303217,0.77304544,0.994905333,0.983581008,0.725840533,BARBUNYA
1133.606,1.476468914,0.797637211,0.995093031,0.985656456,0.796593617,BARBUNYA
1103.915,1.390497725,0.84128586,0.991843709,0.986553159,0.763837915,BARBUNYA
1137.112,1.510441561,0.793387028,0.994952963,0.982642818,0.790985195,BARBUNYA
1132.599,1.620074752,0.802406508,0.998300592,0.984826624,0.71960712,BARBUNYA
1186.252,1.600584776,0.73222292,0.998683831,0.982611509,0.76777939,BARBUNYA
1141.172,1.575259818,0.791235224,0.990122072,0.979969644,0.822874748,BARBUNYA
1144.548,1.686790927,0.786910142,0.998131422,0.982089838,0.755776672,BARBUNYA
1144.187,1.640440535,0.787445168,0.993867166,0.979791706,0.701888278,BARBUNYA
1153.754,1.450188178,0.775129361,0.993519807,0.981953646,0.717911727,BARBUNYA
1145.17,1.686196186,0.788614027,0.996599235,0.981058077,0.770503314,BARBUNYA
1166.127,1.455398074,0.760708464,0.995636151,0.983206927,0.69030608,BARBUNYA
1149.477,1.432264423,0.783162349,0.996803519,0.982156914,0.770597043,BARBUNYA
1136.792,1.427601475,0.801447701,0.992589437,0.984248489,0.70901114,BARBUNYA
1180.392,1.808704061,0.744931544,0.997474113,0.981113249,0.657402101,BARBUNYA
1160.196,1.664587062,0.771353319,0.998273391,0.982788357,0.70739726,BARBUNYA
1104.57,1.396674735,0.851082462,0.992206995,0.987511503,0.764113518,BARBUNYA
1101.047,1.411113569,0.856537561,0.998889697,0.984945468,0.760435839,BARBUNYA
1143.233,1.585164031,0.7952403,0.99576706,0.984654579,0.701383942,BARBUNYA
1130.202,1.473140205,0.814618526,0.996429608,0.98415698,0.724656072,BARBUNYA
1137.84,1.544233744,0.804106869,0.997451118,0.985933093,0.757633954,BARBUNYA
1142.012,1.670186179,0.798473721,0.996640525,0.98675891,0.687002587,BARBUNYA
1162.581,1.446693955,0.770544002,0.994384232,0.984626534,0.825986426,BARBUNYA
1156.62,1.60577538,0.778582092,0.993968908,0.984850285,0.810325949,BARBUNYA
1154.249,1.543736518,0.782415979,0.996724417,0.98006829,0.708918743,BARBUNYA
1186.993,1.44056307,0.740254704,0.990008136,0.981713664,0.787726358,BARBUNYA
1139.263,1.618959533,0.803677534,0.997804446,0.987661372,0.80023137,BARBUNYA
1139.537,1.460358359,0.804297531,0.9988144,0.985031111,0.747309266,BARBUNYA
1093.874,1.583158752,0.873006288,0.996220422,0.990078609,0.695140614,BARBUNYA
1154.625,1.510090826,0.783942498,0.998145546,0.981078658,0.71336181,BARBUNYA
1111.879,1.503427258,0.845449395,0.994165415,0.984191407,0.802731265,BARBUNYA
1136.826,1.509124435,0.80940219,0.994521194,0.984692912,0.705590167,BARBUNYA
1157.753,1.606058617,0.781268406,0.996865986,0.985454803,0.787150036,BARBUNYA
1156.057,1.625548479,0.78484118,0.993758257,0.985117607,0.814262023,BARBUNYA
1218.142,1.505647733,0.707809514,0.996931961,0.979319234,0.797458209,BARBUNYA
1206.297,1.86578727,0.724593421,0.995682543,0.979352203,0.647547752,BARBUNYA
1174.925,1.583088483,0.764497003,0.996987425,0.981442094,0.741956003,BARBUNYA
1170.688,1.583554131,0.770251702,0.995534762,0.980645086,0.798526616,BARBUNYA
1146.398,1.457565031,0.803658561,0.997435237,0.983719569,0.788082513,BARBUNYA
1169.542,1.61479861,0.773130813,0.996536395,0.984337899,0.7574822,BARBUNYA
1135.22,1.54448581,0.82075263,0.996295975,0.983501396,0.735047288,BARBUNYA
1175.084,1.550269054,0.76613756,0.994715792,0.98024033,0.680673356,BARBUNYA
1129.158,1.459804539,0.830150666,0.995202313,0.983914491,0.74514314,BARBUNYA
1151.256,1.696373265,0.799194358,0.996614989,0.98656367,0.718761192,BARBUNYA
1131.241,1.458487925,0.828687097,0.998030981,0.986164022,0.773588538,BARBUNYA
1151.132,1.481181154,0.800760591,0.994727683,0.981346753,0.727765568,BARBUNYA
1141.272,1.72275592,0.815467097,0.994842832,0.985426649,0.780049097,BARBUNYA
1213.89,1.652238541,0.721185498,0.997824923,0.981442581,0.787085125,BARBUNYA
1126.361,1.437485777,0.837804857,0.995165854,0.985551827,0.803572107,BARBUNYA
1143.2,1.453334523,0.814074621,0.995231506,0.982408912,0.759134559,BARBUNYA
1159.78,1.609320407,0.7913016,0.998070666,0.984734866,0.805010645,BARBUNYA
1178.198,1.693701916,0.769244633,0.998333975,0.984726455,0.750145659,BARBUNYA
1161.055,1.677678201,0.793284072,0.99209259,0.987101414,0.799607239,BARBUNYA
1117.431,1.574135849,0.86023618,0.99609818,0.989431647,0.791483018,BARBUNYA
1160.758,1.703526426,0.797476702,0.99305423,0.982217729,0.739381204,BARBUNYA
1167.001,1.539561696,0.789483867,0.997429791,0.98519235,0.734051132,BARBUNYA
1156.399,1.581181105,0.804082768,0.997893124,0.983868,0.711575884,BARBUNYA
1136.724,1.517138216,0.832489267,0.994498458,0.983885613,0.781594397,BARBUNYA
1156.716,1.513651535,0.804844279,0.997977976,0.981176794,0.713275014,BARBUNYA
1116.254,1.634580413,0.864582617,0.996460963,0.988150675,0.736039563,BARBUNYA
1200.368,1.441454319,0.74842677,0.994988141,0.983012406,0.801898781,BARBUNYA
1149.584,1.602165726,0.81667793,0.994203501,0.987047912,0.784741194,BARBUNYA
1152.016,1.589285114,0.813271297,0.996932628,0.98511263,0.714654197,BARBUNYA
1173.178,1.439291614,0.784241694,0.995825895,0.979742446,0.800885781,BARBUNYA
1125.237,1.636043762,0.852679448,0.997894938,0.989496234,0.813086766,BARBUNYA
1181.857,1.739331072,0.774106282,0.99764825,0.984823166,0.695574849,BARBUNYA
1137.663,1.551325626,0.836261467,0.997075294,0.981773624,0.695418029,BARBUNYA
1130.325,1.675083595,0.847292326,0.997850823,0.989194589,0.788065354,BARBUNYA
1179.304,1.5850158,0.779286733,0.994573609,0.979589519,0.799551303,BARBUNYA
1150.904,1.600743954,0.820915336,0.995396507,0.986512832,0.686631593,BARBUNYA
1178.19,1.633522151,0.783902384,0.993316924,0.980668177,0.770949074,BARBUNYA
1185.231,1.461494105,0.776807969,0.996559013,0.982875123,0.708736992,BARBUNYA
1181.978,1.637710259,0.782321949,0.996108222,0.985563576,0.784406566,BARBUNYA
1189.561,1.654811392,0.773924932,0.997875389,0.983578619,0.811783336,BARBUNYA
1179.474,1.535874907,0.792602611,0.994590873,0.981981982,0.713652482,BARBUNYA
1180.408,1.473543087,0.792178534,0.996602097,0.981046306,0.777889955,BARBUNYA
1147.645,1.513989066,0.839304293,0.996848519,0.985039864,0.695718195,BARBUNYA
1224.156,1.560454655,0.738800243,0.997314305,0.982952327,0.701099758,BARBUNYA
1188.866,1.495150284,0.785836947,0.991190643,0.980759202,0.783100613,BARBUNYA
1123.692,1.573383929,0.879657291,0.997677308,0.989233472,0.777285319,BARBUNYA
1174.734,1.584725566,0.807079723,0.993217318,0.980637523,0.768512417,BARBUNYA
1143.46,1.715837354,0.857674712,0.995216432,0.989817762,0.759804172,BARBUNYA
1240.715,1.548875393,0.732182773,0.995675101,0.989028196,0.774341708,BARBUNYA
1219.789,1.550939195,0.7585758,0.997421721,0.982272141,0.796610169,BARBUNYA
1233.517,1.548866872,0.743032229,0.994023348,0.980128987,0.784547635,BARBUNYA
1167.663,1.525182578,0.829640056,0.996961868,0.985590873,0.771178164,BARBUNYA
1181.556,1.518182287,0.811693768,0.996195358,0.982405682,0.784493858,BARBUNYA
1159.796,1.717356544,0.842951177,0.995214258,0.990809066,0.692975854,BARBUNYA
1196.254,1.534205779,0.792607883,0.997246033,0.98480137,0.74560534,BARBUNYA
1208.656,1.582798254,0.778438352,0.997083497,0.982871914,0.686288488,BARBUNYA
1182.444,1.621673358,0.814276881,0.997958338,0.985189374,0.754614359,BARBUNYA
1245.103,1.557560128,0.737609293,0.998423511,0.980930513,0.704125849,BARBUNYA
1196.528,1.580972921,0.79882794,0.997923703,0.985564688,0.699259328,BARBUNYA
1202.076,1.626534838,0.796445632,0.997295545,0.984371641,0.753538046,BARBUNYA
1251.82,1.703693496,0.7351197,0.996839268,0.982824612,0.685534168,BARBUNYA
1214.367,1.621351249,0.781223107,0.997444629,0.98139505,0.684649565,BARBUNYA
1193.866,1.652005457,0.811484118,0.995889461,0.98243086,0.684065403,BARBUNYA
1209.112,1.64735661,0.799228595,0.995243311,0.984165458,0.808460134,BARBUNYA
1170.46,1.646305226,0.85643571,0.99735017,0.988167559,0.73505377,BARBUNYA
1241.752,1.766713769,0.762385512,0.993744019,0.981914748,0.836086086,BARBUNYA
1189.983,1.584574993,0.835832615,0.998111239,0.98725407,0.788756574,BARBUNYA
1217.589,1.602916433,0.799208786,0.993222921,0.980654623,0.81100818,BARBUNYA
1276.178,1.919278538,0.735704648,0.995927664,0.984583135,0.692666449,BARBUNYA
1220.012,1.639246326,0.812120763,0.996360433,0.988196135,0.811870157,BARBUNYA
793.417,1.505104618,0.908356725,0.998849589,0.98981989,0.737779075,CALI
789.77,1.297228104,0.920029115,0.998356721,0.99114468,0.748377581,CALI
825.148,1.584499629,0.892789726,0.992510513,0.986680537,0.806539282,CALI
822.642,1.446594363,0.914429543,0.998512046,0.9904465,0.777225379,CALI
865.763,1.663574204,0.854260064,0.990133089,0.985494352,0.733805697,CALI
855.523,1.441760121,0.886661697,0.999368219,0.990486968,0.786066547,CALI
882.474,1.69321992,0.84632069,0.995857534,0.988056215,0.789190165,CALI
893.456,1.83458753,0.843919906,0.995179922,0.991199039,0.795385757,CALI
905.416,1.823564653,0.829865519,0.989618804,0.988460626,0.763245453,CALI
867.59,1.3325716,0.907244614,0.998692167,0.989728086,0.74044855,CALI
899.793,1.782917341,0.848697943,0.992887978,0.987538378,0.756607168,CALI
898.191,1.668954551,0.864516475,0.987872995,0.984164982,0.784799208,CALI
924.19,1.804491868,0.817192715,0.997406809,0.98823948,0.769137033,CALI
914.595,1.698366019,0.834504078,0.989114338,0.98287241,0.806437095,CALI
918.716,1.696395243,0.827912767,0.989220515,0.987919272,0.759495746,CALI
897.584,1.417422626,0.869133231,0.988642027,0.98212775,0.779274177,CALI
909.933,1.689660051,0.848980993,0.99785089,0.987187632,0.73155995,CALI
897.386,1.640321709,0.873417943,0.99657348,0.989551474,0.80088141,CALI
921.455,1.707373231,0.834364582,0.996507111,0.988497686,0.682650392,CALI
922.876,1.754206245,0.8355005,0.996931779,0.98859986,0.792185445,CALI
898.464,1.640832953,0.882266994,0.995103711,0.991168241,0.753977756,CALI
911.133,1.73724105,0.857962864,0.98951993,0.985190593,0.810301939,CALI
910.081,1.608212401,0.862299217,0.997473768,0.988262707,0.806453444,CALI
903.261,1.729475329,0.878188425,0.994387088,0.989037104,0.66864856,CALI
901.703,1.61103942,0.890499083,0.996352661,0.991806242,0.819004975,CALI
930.73,1.730552575,0.839244151,0.991048468,0.984949861,0.807957656,CALI
915.319,1.744886675,0.868552301,0.989031568,0.981491212,0.808711804,CALI
922.37,1.644805792,0.85808598,0.992558992,0.989828083,0.784672322,CALI
942.69,1.816917869,0.830626927,0.989085623,0.983903117,0.753424658,CALI
936.527,1.744131156,0.844761475,0.992871103,0.989677051,0.813816425,CALI
931.502,1.702504201,0.855058809,0.98873484,0.983590444,0.749688905,CALI
934.857,1.647063888,0.850974353,0.992770055,0.987387177,0.786338754,CALI
958.477,1.82425668,0.809891542,0.995432949,0.986191848,0.742736715,CALI
940.712,1.632111278,0.842615415,0.994159511,0.98898315,0.793076717,CALI
930.813,1.715461707,0.86134348,0.9932047,0.991816557,0.820035902,CALI
965.459,1.948192633,0.800767989,0.99848766,0.989603639,0.673909097,CALI
920.796,1.594507178,0.880571242,0.994514505,0.989837229,0.713763981,CALI
950.19,1.716259621,0.827072397,0.991125637,0.981387283,0.785146134,CALI
945.536,1.80061518,0.835866769,0.995464119,0.989368959,0.746710196,CALI
939.011,1.631632574,0.848207756,0.989546993,0.981415827,0.760102171,CALI
927.753,1.514925,0.870407315,0.993314587,0.984802934,0.780595745,CALI
934.18,1.576982751,0.860646334,0.988551884,0.980430432,0.7676372,CALI
977.357,1.98853934,0.786428636,0.993072634,0.987560504,0.766685477,CALI
929.595,1.497359021,0.869433423,0.995415173,0.988345759,0.70504717,CALI
942.016,1.646702782,0.850550934,0.993429701,0.989049532,0.694707257,CALI
921.726,1.608329477,0.889075137,0.996233882,0.992749434,0.80944814,CALI
931.443,1.549575301,0.876516983,0.995613105,0.989195109,0.769607407,CALI
919.006,1.621636911,0.901547178,0.996861383,0.993181222,0.812170766,CALI
957.86,1.718514138,0.830452593,0.994618705,0.985005523,0.705773484,CALI
920.166,1.572299209,0.902570365,0.995643621,0.991214774,0.796328305,CALI
951.012,1.744163446,0.846943288,0.997269737,0.990961113,0.747137989,CALI
973.886,1.805884462,0.808539807,0.992064003,0.983164169,0.721796419,CALI
962.336,1.716294895,0.829150081,0.993030977,0.988082533,0.674604489,CALI
964.969,1.750902193,0.824955328,0.998958384,0.989206421,0.750113507,CALI
953.807,1.802817674,0.84541249,0.993250484,0.991768214,0.767150073,CALI
982.269,1.925142042,0.797741474,0.993143486,0.986837017,0.792893204,CALI
968.493,1.682513023,0.82288822,0.993197594,0.985748676,0.712949206,CALI
964.166,1.732168153,0.830709788,0.993787725,0.987387127,0.802331806,CALI
948.743,1.662051018,0.858091332,0.995273632,0.988787182,0.789518304,CALI
964.033,1.803065243,0.831236491,0.997283053,0.990142864,0.803132839,CALI
957.394,1.752047768,0.843051571,0.996097556,0.988999148,0.753000098,CALI
953.732,1.7022506,0.850063029,0.990323008,0.990502407,0.772623966,CALI
929.716,1.512298241,0.895361268,0.998884004,0.992234449,0.735016112,CALI
959.365,1.715258566,0.8415435,0.990575951,0.987424104,0.719475183,CALI
961.198,1.713167748,0.839302622,0.996921063,0.988339873,0.779473252,CALI
977.621,1.820289888,0.81151161,0.992916578,0.988912389,0.749866356,CALI
952.441,1.632231427,0.85536123,0.989598284,0.981919089,0.745646661,CALI
954.989,1.795834071,0.852580424,0.997607526,0.992095432,0.801388403,CALI
960.372,1.575832543,0.843621821,0.996202995,0.988679004,0.753920709,CALI
955.718,1.645590082,0.852215795,0.990594693,0.985224182,0.70713136,CALI
952.938,1.565502661,0.859077375,0.993105335,0.988975977,0.724345137,CALI
961.586,1.636472194,0.844156752,0.996619067,0.989139436,0.768357249,CALI
937.54,1.576592655,0.888214023,0.994142711,0.988528059,0.735817325,CALI
962.323,1.750977088,0.843325611,0.996423826,0.990690557,0.774140508,CALI
955.511,1.597576176,0.855447951,0.993371021,0.987621363,0.76004598,CALI
946.201,1.70137405,0.874161474,0.996429038,0.99124622,0.728915522,CALI
970.321,1.77399498,0.831455795,0.995115465,0.987931554,0.81117752,CALI
970.848,1.784767871,0.830953342,0.994584202,0.9873895,0.8016412,CALI
949.778,1.608902833,0.86823024,0.995998546,0.985095386,0.798539398,CALI
951.604,1.583222677,0.86576178,0.992818262,0.991198246,0.802934363,CALI
932.813,1.622798818,0.901325847,0.996710968,0.991894598,0.754530617,CALI
994.395,1.976516899,0.794188097,0.988466899,0.979299213,0.758124977,CALI
952.384,1.705976004,0.865923642,0.992555364,0.988408318,0.810598397,CALI
950.343,1.643947951,0.870954938,0.990076852,0.982052087,0.791172679,CALI
947.788,1.648489948,0.875894835,0.992714217,0.987711383,0.802278202,CALI
954.496,1.74232191,0.864082053,0.989698158,0.984767743,0.790625473,CALI
937.448,1.58967993,0.89679637,0.996045728,0.990570657,0.775037074,CALI
964.622,1.639095105,0.847021948,0.989150917,0.988089799,0.797180843,CALI
981.369,1.713102058,0.818477292,0.989993172,0.981935443,0.770993117,CALI
955.337,1.708219726,0.864392642,0.995954403,0.992098484,0.751664272,CALI
950.094,1.620952955,0.875796694,0.993968698,0.984784685,0.777254757,CALI
962.629,1.685634433,0.85443845,0.991501075,0.987880213,0.786074307,CALI
959.999,1.618841288,0.859549177,0.99667267,0.989343503,0.794539886,CALI
972.177,1.639206193,0.838495417,0.992867258,0.981846489,0.733985102,CALI
971.167,1.767899485,0.841239642,0.989765547,0.9833663,0.714630116,CALI
970.643,1.646613436,0.842548311,0.990651462,0.987771888,0.720811082,CALI
964.795,1.592122589,0.853387304,0.990910252,0.98283502,0.798143939,CALI
934.028,1.56522387,0.910793921,0.996185773,0.991470012,0.761158995,CALI
965.707,1.76147602,0.853218005,0.988716431,0.982604243,0.77526783,CALI
989.467,1.749929273,0.813644771,0.996320678,0.986231253,0.697931232,CALI
990.243,1.719041915,0.812600726,0.987934254,0.980880192,0.764369063,CALI
964.004,1.624951933,0.857871445,0.99056239,0.979602236,0.728302797,CALI
967.614,1.622614397,0.85158962,0.992873354,0.989334664,0.765210994,CALI
996.603,1.726120648,0.802781046,0.99364825,0.984911987,0.791196459,CALI
954.362,1.587703461,0.875610636,0.994275165,0.98993901,0.738726574,CALI
966.595,1.601269408,0.855309428,0.989750751,0.985433583,0.695055305,CALI
977.03,1.771591472,0.837768905,0.993395837,0.983920841,0.756970216,CALI
956.09,1.608745877,0.875032868,0.993060143,0.98521832,0.783988176,CALI
979.012,1.706101716,0.835376661,0.994356737,0.98816669,0.752255018,CALI
944.139,1.564038723,0.898636624,0.997877335,0.991707894,0.788562168,CALI
966.163,1.623929233,0.859130338,0.991604175,0.989610631,0.740703343,CALI
981.088,1.681941169,0.833516162,0.991028975,0.981400068,0.741027903,CALI
979.26,1.743291592,0.83817725,0.993750003,0.990139166,0.81929038,CALI
985.876,1.740763433,0.827133422,0.990273785,0.984336775,0.792515237,CALI
982.049,1.683883723,0.833801065,0.990774195,0.981171131,0.771515035,CALI
972.943,1.774758524,0.849508129,0.994154838,0.98824783,0.791600693,CALI
988.352,1.781664339,0.823740507,0.989244035,0.981002865,0.695315554,CALI
988.523,1.848388034,0.823802757,0.995679535,0.988595503,0.796122538,CALI
962.35,1.528790099,0.869384801,0.989135569,0.980353755,0.761773413,CALI
981.018,1.694581895,0.837095321,0.991545799,0.985685732,0.678043363,CALI
968.793,1.763468501,0.85866283,0.992739179,0.98413283,0.743404275,CALI
943.894,1.505471596,0.904801483,0.996912339,0.989480341,0.7712812,CALI
958.611,1.622646945,0.878231224,0.995624259,0.988684822,0.804444222,CALI
966.933,1.740240004,0.863582335,0.991485186,0.984237374,0.746768945,CALI
951.839,1.548250949,0.891188398,0.992457313,0.985581053,0.783408115,CALI
961.549,1.51152722,0.873864755,0.997746804,0.989762931,0.728192176,CALI
960.54,1.673842865,0.875946784,0.991660889,0.98888308,0.745657971,CALI
973.025,1.697049001,0.854607701,0.992499218,0.985912905,0.783881178,CALI
952.229,1.558020217,0.892911564,0.995805104,0.990392597,0.731781836,CALI
972.438,1.66752372,0.856397221,0.992489218,0.989695313,0.784575116,CALI
957.016,1.546981099,0.884371661,0.995943129,0.990868563,0.745587045,CALI
983.303,1.760438167,0.837953174,0.992150995,0.988243589,0.789281036,CALI
997.3,1.804270239,0.81573417,0.992155382,0.986327319,0.684484495,CALI
973.638,1.63076177,0.855957783,0.992167549,0.987429847,0.802094332,CALI
979.277,1.725966095,0.846351156,0.990030648,0.981670061,0.814764356,CALI
978.747,1.715565447,0.848107572,0.997774129,0.990592345,0.792964726,CALI
956.994,1.560195835,0.887129116,0.99340516,0.989319378,0.708412771,CALI
960.007,1.513509967,0.882851019,0.991658524,0.988579455,0.796800394,CALI
974.821,1.693758996,0.856671784,0.994217479,0.989204294,0.797326736,CALI
953.714,1.653602071,0.895797521,0.995943883,0.991467499,0.707764351,CALI
993.808,1.845427906,0.824988497,0.995271867,0.988716072,0.769522905,CALI
991.26,1.834825372,0.829733927,0.99167073,0.988783053,0.757861415,CALI
990.342,1.70933919,0.831926333,0.993165061,0.984190502,0.745293848,CALI
1005.197,1.857217875,0.807569026,0.993442505,0.982077769,0.749598846,CALI
985.505,1.765980487,0.841264351,0.990166817,0.979526349,0.780380955,CALI
964.019,1.658058399,0.879588011,0.99493342,0.990151607,0.813071846,CALI
974.566,1.622166616,0.861909711,0.992444437,0.987015348,0.77937429,CALI
978.923,1.655388768,0.854254393,0.995967612,0.990979205,0.762185562,CALI
977.089,1.62340199,0.857951297,0.994598091,0.98789027,0.696088168,CALI
991.49,1.837831092,0.833426799,0.997177034,0.991152326,0.803396054,CALI
960.989,1.667132349,0.888177876,0.995711946,0.99168933,0.739995012,CALI
1017.247,1.866986122,0.792860981,0.9911112,0.985330738,0.716996672,CALI
973.285,1.542040492,0.866156616,0.990431327,0.985569594,0.714897298,CALI
973.672,1.589556043,0.866197253,0.988472858,0.985061578,0.771450158,CALI
955.639,1.508280569,0.899677744,0.998700672,0.991177139,0.716659542,CALI
997.877,1.678726134,0.82621209,0.994243079,0.986707058,0.717342713,CALI
984.521,1.75645413,0.849027238,0.990653491,0.98324425,0.790860566,CALI
997.059,1.690577221,0.828036019,0.994871327,0.987845337,0.722633454,CALI
993.29,1.817900608,0.834573839,0.989656087,0.983519205,0.707445315,CALI
1000.896,1.811431695,0.82302918,0.993540202,0.987077071,0.762788318,CALI
972.507,1.563015963,0.8718214,0.993106068,0.986409898,0.749063884,CALI
978.997,1.65058638,0.860562925,0.996907955,0.98941767,0.797635106,CALI
1014.17,1.892123822,0.80314067,0.992159728,0.98724938,0.721612365,CALI
997.586,1.828951425,0.830330831,0.994750426,0.98787633,0.811213916,CALI
999.861,1.729915694,0.826606879,0.995620923,0.988768268,0.745589569,CALI
983.196,1.659579179,0.855685018,0.989426867,0.987103353,0.831804281,CALI
1003.375,1.833776122,0.822325002,0.994115999,0.988165592,0.800926376,CALI
1027.604,1.976273752,0.784004354,0.988423738,0.97999286,0.631988412,CALI
1010.042,1.862824289,0.812847597,0.990311292,0.991198029,0.765190167,CALI
992.511,1.731423612,0.841905605,0.990589663,0.984236585,0.734458813,CALI
987.176,1.737115562,0.851210553,0.990618357,0.987863279,0.768660192,CALI
982.983,1.774748052,0.858995071,0.993136898,0.991057228,0.762596407,CALI
992.161,1.785464443,0.84327841,0.99551394,0.991549211,0.790687653,CALI
972.564,1.680560558,0.878481462,0.994474447,0.987588679,0.80647876,CALI
992.056,1.641822071,0.84455501,0.990112666,0.980085349,0.721977842,CALI
980.922,1.615314227,0.863836139,0.995941986,0.989927713,0.794427096,CALI
1006.478,1.864456778,0.821641326,0.992183904,0.986447039,0.763821298,CALI
982.152,1.76398808,0.862859319,0.992641146,0.98750615,0.755184877,CALI
984.959,1.654939904,0.858168465,0.991617903,0.986465359,0.813167391,CALI
986.107,1.643562073,0.856352435,0.991375687,0.987188273,0.783202733,CALI
973.989,1.635328712,0.87815147,0.994709532,0.987825957,0.727591013,CALI
1011.15,1.756655361,0.814901882,0.987617963,0.982295509,0.728657464,CALI
981.292,1.661237009,0.865977555,0.990761465,0.982397442,0.68608354,CALI
992.178,1.62944991,0.847245048,0.98968731,0.981688828,0.750361778,CALI
967.957,1.59010704,0.890672688,0.995812767,0.991134593,0.798874012,CALI
973.541,1.657207799,0.880922154,0.987936462,0.986532636,0.806694835,CALI
983.999,1.696211941,0.86247837,0.989360067,0.981523056,0.675273341,CALI
967.115,1.555807032,0.892936338,0.993884303,0.98972465,0.783414864,CALI
974.808,1.691784931,0.879334583,0.991828531,0.986323721,0.763246097,CALI
984.322,1.68554622,0.862457162,0.988460199,0.986280443,0.749650523,CALI
1006.768,1.85473619,0.8245279,0.995853951,0.989378003,0.755463922,CALI
974.201,1.626532677,0.880722003,0.993528916,0.987147903,0.779578777,CALI
1008.279,1.748649698,0.822206818,0.989534503,0.981221419,0.792057633,CALI
983.728,1.713213475,0.863784705,0.989584348,0.983426966,0.678903858,CALI
1015.555,1.817798188,0.810747771,0.993102514,0.987533393,0.770995551,CALI
998.751,1.711483896,0.838384942,0.994814595,0.989517508,0.810350076,CALI
983.216,1.631292042,0.865750477,0.992228577,0.981852223,0.750899149,CALI
1018.106,1.937226883,0.807623488,0.995529122,0.986801564,0.798851195,CALI
999.648,1.724867196,0.8383146,0.989888732,0.983767192,0.780353046,CALI
987.264,1.663839663,0.85978716,0.989409473,0.98481895,0.691877535,CALI
985.429,1.641610873,0.863056921,0.997085547,0.990083283,0.808302024,CALI
1000.308,1.715977189,0.837623166,0.98844963,0.984835509,0.809980084,CALI
993.616,1.625805254,0.848982123,0.988898121,0.98325373,0.795809769,CALI
1006.609,1.813367554,0.827628434,0.993469424,0.988344367,0.798329984,CALI
975.556,1.559695437,0.881155614,0.988347105,0.980056394,0.689308254,CALI
972.11,1.650767701,0.887453737,0.998163611,0.991767101,0.779564994,CALI
963.422,1.573931488,0.903531765,0.995075972,0.986110495,0.729206731,CALI
986.985,1.698487557,0.860995714,0.995245915,0.99012016,0.806866538,CALI
980.172,1.620884444,0.873320485,0.995386252,0.988467289,0.802307138,CALI
1016.277,1.825402491,0.813148992,0.989568103,0.985853579,0.764126135,CALI
1018.336,1.867992292,0.80987618,0.991503745,0.985926505,0.759604019,CALI
1024.488,1.948190948,0.800669736,0.995334032,0.985223272,0.80164467,CALI
1003.152,1.781342473,0.835128222,0.991938832,0.988909755,0.805844078,CALI
1014.517,1.80677793,0.817315791,0.990724198,0.989373494,0.715536316,CALI
991.524,1.677659237,0.855968457,0.991221548,0.983232513,0.677183509,CALI
997.021,1.75697137,0.846568483,0.992023539,0.984302197,0.704063502,CALI
986.094,1.583322734,0.86549886,0.996356084,0.986013368,0.74148869,CALI
998.738,1.61220966,0.843886962,0.994603045,0.985044558,0.710068267,CALI
978.189,1.684484928,0.879872351,0.98917237,0.984786571,0.788422613,CALI
974.899,1.488246144,0.886032546,0.994061651,0.987082044,0.755978972,CALI
977.642,1.597046471,0.881304243,0.992569182,0.986562463,0.741624624,CALI
981.016,1.651125213,0.87542229,0.992343005,0.989973864,0.800401132,CALI
1011.117,1.822666161,0.82421062,0.988497353,0.979319712,0.797362538,CALI
1006.501,1.713744443,0.832011203,0.991093113,0.986295125,0.732942128,CALI
1017.039,1.717374034,0.815028924,0.996623505,0.99057955,0.798844963,CALI
987.838,1.612609971,0.865175603,0.990932893,0.986100307,0.750323878,CALI
1005.436,1.804039188,0.835278873,0.9912882,0.990112724,0.647634285,CALI
1019.205,1.850206851,0.814060464,0.995468595,0.986975844,0.718842468,CALI
1002.202,1.71904994,0.842617521,0.993659634,0.988696252,0.807735668,CALI
998.54,1.771355595,0.848947843,0.993678252,0.989933132,0.710218886,CALI
998.588,1.671836784,0.849130871,0.989732223,0.98114334,0.768400046,CALI
990.057,1.729478504,0.864160608,0.992634896,0.988372434,0.743022487,CALI
987.36,1.700037759,0.869081364,0.989571164,0.983659654,0.762433563,CALI
1007.262,1.837389131,0.835114297,0.996797613,0.991544118,0.80825941,CALI
1012.2,1.724898701,0.827268093,0.993734589,0.98730879,0.802570205,CALI
1001.021,1.727543885,0.845936246,0.992739185,0.985665439,0.763411046,CALI
1011.524,1.787275271,0.828607538,0.992374412,0.990065156,0.739404899,CALI
991.709,1.713972854,0.863098335,0.997547698,0.991501292,0.766209165,CALI
1000.412,1.780557347,0.848397872,0.99145485,0.984841639,0.711252632,CALI
999.739,1.669035479,0.849817103,0.99185968,0.988360361,0.705388172,CALI
990.089,1.744297614,0.866912157,0.993630691,0.988395206,0.782599639,CALI
982.672,1.663015415,0.880568621,0.992883536,0.986658112,0.769237765,CALI
1000.748,1.739723744,0.849522196,0.99489532,0.989419536,0.768577591,CALI
996.422,1.76790653,0.857699388,0.988168139,0.98126267,0.684837093,CALI
1020.867,1.876787823,0.817477117,0.989350602,0.981953014,0.77715622,CALI
991.604,1.772686004,0.867536894,0.993332494,0.990038649,0.71226811,CALI
989.45,1.668616752,0.871318204,0.994569596,0.990963636,0.742756478,CALI
1004.907,1.798519928,0.844931496,0.991377597,0.988412548,0.826725922,CALI
989.997,1.511588728,0.870791551,0.992939586,0.988501732,0.757146042,CALI
1003.522,1.728278953,0.847552353,0.99155825,0.989784766,0.676884748,CALI
989.286,1.636615327,0.872287637,0.990405943,0.987901174,0.811038287,CALI
1015.562,1.689694064,0.827831025,0.992642642,0.989110655,0.685185559,CALI
991.332,1.706759053,0.86892091,0.993334567,0.984868907,0.727742972,CALI
1014.64,1.815575358,0.829873283,0.99216112,0.989722388,0.807063153,CALI
996.629,1.58549349,0.860404805,0.993655224,0.984624294,0.725465096,CALI
1005.269,1.70106731,0.845989369,0.994185943,0.989729266,0.66589343,CALI
1001.937,1.688136724,0.851750678,0.992824429,0.985744709,0.687900601,CALI
1028.051,1.843255311,0.809052609,0.99303957,0.985473873,0.687705291,CALI
990.337,1.695452563,0.872141282,0.990263455,0.987007714,0.801148735,CALI
1014.884,1.692031663,0.830852947,0.993941075,0.986284705,0.72262309,CALI
988.005,1.68279656,0.878400168,0.99161344,0.984120574,0.788103488,CALI
1015.699,1.782784808,0.831420346,0.990029682,0.983317486,0.797569526,CALI
1020.269,1.83533572,0.824121605,0.993063332,0.991301949,0.669967418,CALI
1007.016,1.812280677,0.846018281,0.99142611,0.991101111,0.656663589,CALI
1035.332,1.843204951,0.800608913,0.988246672,0.981122317,0.80004686,CALI
1027.922,1.815835697,0.812645178,0.99379292,0.986116723,0.702376547,CALI
1004.376,1.680560005,0.85129381,0.99180249,0.986032955,0.817195815,CALI
1030.61,1.838314666,0.808589147,0.992116546,0.984330218,0.759979984,CALI
1003.918,1.817014956,0.852245288,0.990674561,0.989504466,0.783000172,CALI
1009.761,1.759811675,0.8426819,0.996426696,0.991013711,0.766816948,CALI
1010.424,1.701609976,0.841711787,0.995293135,0.988151145,0.702313831,CALI
992.182,1.624014521,0.87306219,0.99091902,0.990040821,0.729536,CALI
1008.539,1.654890258,0.844984659,0.98800839,0.981206513,0.729780196,CALI
1003.086,1.646749524,0.854259127,0.989609451,0.984781951,0.805938494,CALI
1028.492,1.87048002,0.81257626,0.996531416,0.989354316,0.767676768,CALI
994.109,1.650161561,0.869807907,0.992052965,0.989211858,0.766792216,CALI
1021.462,1.762718415,0.824473979,0.99280238,0.988505747,0.818283966,CALI
992.387,1.678606552,0.873862678,0.997407316,0.991329396,0.783401968,CALI
991.032,1.688753195,0.876394652,0.993320139,0.990241575,0.777709653,CALI
991.58,1.712130532,0.875617945,0.993245381,0.991045856,0.747284031,CALI
1014.54,1.760946628,0.836434276,0.990798569,0.988871568,0.81370849,CALI
1007.411,1.70893916,0.848735304,0.993557251,0.988377961,0.78356844,CALI
991.189,1.651318161,0.876820533,0.991784166,0.986146675,0.733510957,CALI
1014.755,1.727370748,0.836580224,0.989017108,0.981740587,0.761485826,CALI
984.765,1.676918633,0.888440059,0.988268824,0.984562804,0.788522139,CALI
1007.341,1.762659077,0.849088559,0.993640474,0.992171333,0.724226804,CALI
1028.917,1.764485745,0.814302852,0.994040824,0.985675082,0.664876914,CALI
996.685,1.645549598,0.867910833,0.994014627,0.989372134,0.680644841,CALI
992.208,1.631036565,0.876016096,0.98976141,0.982238443,0.758264463,CALI
1009.219,1.726879012,0.846770428,0.988294937,0.984422961,0.685634366,CALI
1007.249,1.679690449,0.850110704,0.988423732,0.979660001,0.724430559,CALI
1009.473,1.697313752,0.846566328,0.992435937,0.987386195,0.736019384,CALI
988.425,1.686233996,0.883081768,0.996767301,0.992497289,0.810100295,CALI
1050.566,1.950349856,0.781862221,0.995292798,0.986113704,0.710781269,CALI
1006.562,1.747634218,0.851817272,0.990535369,0.984503792,0.805078189,CALI
990.893,1.712614183,0.87960978,0.995980083,0.988991697,0.76815093,CALI
1027.807,1.876405041,0.8178113,0.992051372,0.988326792,0.744552504,CALI
1025.143,1.847798387,0.822103125,0.992675527,0.989180479,0.798059177,CALI
991.351,1.574863559,0.880242101,0.99758855,0.992445758,0.801371298,CALI
1007.263,1.736040286,0.852675705,0.990822898,0.985555174,0.807561468,CALI
1030.435,1.71634233,0.815183713,0.987993335,0.98136407,0.795553246,CALI
1027.553,1.816265976,0.819977079,0.992634349,0.987713966,0.700229693,CALI
1013.374,1.809337986,0.843536402,0.989668935,0.981728072,0.82252291,CALI
1004.618,1.67585633,0.858354391,0.99575432,0.988075104,0.769955883,CALI
1015.946,1.664796271,0.839928213,0.989647645,0.979859671,0.767300634,CALI
1025.729,1.788527566,0.824042527,0.993470607,0.988183563,0.779141728,CALI
1020.332,1.823741101,0.833060676,0.991414223,0.986647605,0.744172004,CALI
1036.307,1.839945918,0.807598253,0.993690944,0.988895735,0.797131077,CALI
1017.811,1.687494342,0.837241098,0.99427109,0.988981072,0.702450741,CALI
990.33,1.684934113,0.884530946,0.993791352,0.98708838,0.761544402,CALI
1015.989,1.789682998,0.84069712,0.991393185,0.983521805,0.778984772,CALI
1011.142,1.614937246,0.849304864,0.994969325,0.98326598,0.774828719,CALI
986.633,1.454357425,0.892153292,0.99564981,0.98872643,0.76089709,CALI
1014.976,1.671195527,0.843327544,0.99475527,0.989041645,0.814330137,CALI
997.499,1.655035792,0.873251672,0.991694205,0.983528207,0.744508571,CALI
1010.033,1.737175626,0.852057827,0.994763646,0.991258491,0.824162993,CALI
1010.92,1.749910816,0.850772298,0.990261011,0.985093115,0.790261787,CALI
1018.472,1.765375585,0.83920759,0.994165551,0.989911115,0.76715727,CALI
1015.684,1.857571253,0.84462504,0.99467817,0.991676201,0.737011054,CALI
1042.187,1.835094336,0.802271173,0.988154804,0.987398189,0.755567904,CALI
1024.41,1.745944156,0.830380989,0.992115301,0.983128943,0.719465886,CALI
996.596,1.623914043,0.877706955,0.991833205,0.981660464,0.808143057,CALI
1009.124,1.738391782,0.85638243,0.995651766,0.991088515,0.813518393,CALI
992.04,1.604487712,0.886298059,0.997237248,0.991175085,0.770924963,CALI
1019.858,1.800519913,0.838969971,0.991626889,0.986896522,0.749676124,CALI
999.119,1.617639982,0.874626711,0.990564226,0.987183859,0.797296367,CALI
1008.56,1.65873859,0.858341169,0.991383474,0.986889577,0.67637238,CALI
998.549,1.641814204,0.875915386,0.995563399,0.988044127,0.776243927,CALI
1018.42,1.713456088,0.842261689,0.995546656,0.989650362,0.792776663,CALI
1009.509,1.69805258,0.857504979,0.989022538,0.980790929,0.746399055,CALI
1022.185,1.726091918,0.836393258,0.993953578,0.990034736,0.735705142,CALI
996.279,1.642882265,0.8804685,0.993991048,0.991163686,0.822784061,CALI
994.969,1.586827314,0.883347044,0.991748829,0.987344107,0.758397088,CALI
1009.582,1.759729602,0.858096056,0.989803568,0.982800983,0.740488552,CALI
997.88,1.734244438,0.878453185,0.997906146,0.992471876,0.8035671,CALI
1009.02,1.621138457,0.859336082,0.997577221,0.989201938,0.723731809,CALI
1008.888,1.72782734,0.859733806,0.989805299,0.983309564,0.740496167,CALI
1015.666,1.74237516,0.848516578,0.995290708,0.991360906,0.788023803,CALI
1015.799,1.786644987,0.848525789,0.987989328,0.985209276,0.795165598,CALI
1020.06,1.662595289,0.842103819,0.990438462,0.983441934,0.72148585,CALI
1022.531,1.788039493,0.839024293,0.992892593,0.984709566,0.78054071,CALI
1001.884,1.637832916,0.874074814,0.990591335,0.981237878,0.751736167,CALI
1023.473,1.712323486,0.837660483,0.989686702,0.981542917,0.790233137,CALI
1017.734,1.684866103,0.847231309,0.992321358,0.984797845,0.796907452,CALI
1005.156,1.717656894,0.868642226,0.99008999,0.988339018,0.801199982,CALI
1006.281,1.664918159,0.866750706,0.992067876,0.985105573,0.782116461,CALI
1002.511,1.711714429,0.873857056,0.993453804,0.987634956,0.774479167,CALI
1019.567,1.764567894,0.844876759,0.993016146,0.991038258,0.681421538,CALI
1013.617,1.758001016,0.854947149,0.991387642,0.986674948,0.668669167,CALI
1015.485,1.590664671,0.852084944,0.998972415,0.990172338,0.774632752,CALI
1017.515,1.69528656,0.849210332,0.988796231,0.986339607,0.709882305,CALI
1019.805,1.74168804,0.84554576,0.990549948,0.986926169,0.709104727,CALI
1032.254,1.800328429,0.825533602,0.99711155,0.990449239,0.807568066,CALI
1013.071,1.680016339,0.857166838,0.995368367,0.988115402,0.777326227,CALI
1035.563,1.719577039,0.820664686,0.989784597,0.980676058,0.707092736,CALI
1009.313,1.646815126,0.864190854,0.992244833,0.986871205,0.785559704,CALI
1006.869,1.67031407,0.868502853,0.994155333,0.990262172,0.797473253,CALI
1014.005,1.755043773,0.856382899,0.988688405,0.98814023,0.78520602,CALI
1026.93,1.747695378,0.834985421,0.993486982,0.988809867,0.740917357,CALI
1020.42,1.758224069,0.845685431,0.9967745,0.991762908,0.810938422,CALI
1015.39,1.713541885,0.854157961,0.991870615,0.989592894,0.683120833,CALI
1001.046,1.617216965,0.878912138,0.990414438,0.986154885,0.802151645,CALI
1026.526,1.728826349,0.835845515,0.997995526,0.989692177,0.74148127,CALI
1023.764,1.743767248,0.840745305,0.990522076,0.984984057,0.727799228,CALI
1030.908,1.754674633,0.829298802,0.996110422,0.989405674,0.77050513,CALI
1006.802,1.698852427,0.869597824,0.993550292,0.987484866,0.785322436,CALI
1013.164,1.681984133,0.859115098,0.987866991,0.983932477,0.726142066,CALI
1038.267,1.925980887,0.818738757,0.992456043,0.984869731,0.793293124,CALI
1001.22,1.569608611,0.880474505,0.995942751,0.991599842,0.776030848,CALI
1021.176,1.820890423,0.846699246,0.990383865,0.982231977,0.81017942,CALI
1011.15,1.623910773,0.863868264,0.989591616,0.980990397,0.816595408,CALI
1025.449,1.671034053,0.839944441,0.991423833,0.981195818,0.775578213,CALI
1013.533,1.708089304,0.859835284,0.995841204,0.991703821,0.795185085,CALI
1019.083,1.769464572,0.850906741,0.989092107,0.987682411,0.810142623,CALI
1004.224,1.589843544,0.876398526,0.99817422,0.99092651,0.710510365,CALI
1013.073,1.615493159,0.861277485,0.988496075,0.979625374,0.723668237,CALI
1004.593,1.697245152,0.875954047,0.994438096,0.992354352,0.82366027,CALI
1024.836,1.755008759,0.841703333,0.990089185,0.988172662,0.828414979,CALI
1008.987,1.766123119,0.868366027,0.991303795,0.990900896,0.712116611,CALI
1043.44,1.787754044,0.812349048,0.98893897,0.98242651,0.676746601,CALI
1051.305,1.860161694,0.80064917,0.993114485,0.989322693,0.688451988,CALI
998.333,1.586410299,0.888196758,0.990037209,0.985479065,0.769722465,CALI
1016.413,1.733511298,0.856891392,0.988698538,0.985313864,0.797207071,CALI
1027.708,1.745426815,0.838183404,0.993733106,0.987704171,0.764741641,CALI
1007.39,1.722170987,0.872495902,0.99284125,0.989467919,0.780748604,CALI
1021.176,1.768455202,0.849964959,0.989645598,0.982545343,0.797659033,CALI
1019.266,1.721698477,0.853359067,0.990590683,0.98071924,0.744575312,CALI
998.451,1.651801206,0.889474267,0.994381136,0.988194269,0.751677781,CALI
1014.222,1.715465171,0.862026957,0.995459234,0.987765444,0.717351524,CALI
1033.049,1.797385631,0.831128422,0.994024416,0.990569083,0.769129345,CALI
1012.847,1.615129062,0.864650792,0.994616274,0.985480133,0.738455422,CALI
1016.702,1.746674389,0.858422359,0.989561613,0.982455164,0.775887834,CALI
995.284,1.556231984,0.8959431,0.994821781,0.990797116,0.739849151,CALI
1013.02,1.714000317,0.865090219,0.997204174,0.991369753,0.770252295,CALI
1020.247,1.668991235,0.853324442,0.994917778,0.990263106,0.793611407,CALI
1029.555,1.770602829,0.838427074,0.9937032,0.990226827,0.686441418,CALI
1029.749,1.713433152,0.838134894,0.993911318,0.990615458,0.73887879,CALI
1017.526,1.734933096,0.858476936,0.994505943,0.98990931,0.777195411,CALI
1027.569,1.848450425,0.842051926,0.99364567,0.988847272,0.800022614,CALI
1024.464,1.838566734,0.848552844,0.98950153,0.988975719,0.682229496,CALI
1006.981,1.627463256,0.878496499,0.991246364,0.984131832,0.714467133,CALI
1018.387,1.769307951,0.859170598,0.992621306,0.986683365,0.800388297,CALI
1012.143,1.519213162,0.869852962,0.992704207,0.986382162,0.761880204,CALI
1026.906,1.78253963,0.845332218,0.989822298,0.981691369,0.792638777,CALI
1032.174,1.801632251,0.83672544,0.989769537,0.988834525,0.787674883,CALI
1038.435,1.750565816,0.826724444,0.989840747,0.980918933,0.776113688,CALI
1003.932,1.676418881,0.884601248,0.994743224,0.992154943,0.823227049,CALI
1040.914,1.856901027,0.822930519,0.992030889,0.987406067,0.801968896,CALI
1040.983,1.790240949,0.822925797,0.988655754,0.981697954,0.704532142,CALI
1026.807,1.691463744,0.846031577,0.995281404,0.988222027,0.75911152,CALI
1012.162,1.771850291,0.871071457,0.99227638,0.994259633,0.66802126,CALI
1024.243,1.667686743,0.850703869,0.991940202,0.985499001,0.768603896,CALI
1004.677,1.627312066,0.884435182,0.992830086,0.989346294,0.776404372,CALI
1020.761,1.792324294,0.85693969,0.99077775,0.988096231,0.794449786,CALI
1025.404,1.722702521,0.849651017,0.989002691,0.984299283,0.719438148,CALI
1037.583,1.790796092,0.830218782,0.994651946,0.990185296,0.738465053,CALI
1023.316,1.659111572,0.85388987,0.996055009,0.991403453,0.777814215,CALI
1037.077,1.822608076,0.83143806,0.993184368,0.985322829,0.781868723,CALI
1037.115,1.824838198,0.831447232,0.993413497,0.988677725,0.694705297,CALI
1008.893,1.632987064,0.878725489,0.988633615,0.986938074,0.823386509,CALI
1061.63,1.920424191,0.793680824,0.99069936,0.98674799,0.803612554,CALI
1042.332,1.830168671,0.823492061,0.992499945,0.988078717,0.718160544,CALI
1024.261,1.732550711,0.852937833,0.991682343,0.985782515,0.748541454,CALI
1036.16,1.702396137,0.833846721,0.994599303,0.985230054,0.756771973,CALI
1039.665,1.753006754,0.828326946,0.993609886,0.988046207,0.805255425,CALI
1004.753,1.60597482,0.886915418,0.995228016,0.990229869,0.759014839,CALI
1009.897,1.568932886,0.878001834,0.998941667,0.992009244,0.72059582,CALI
1012.888,1.72981973,0.872836361,0.997271009,0.991084964,0.778483018,CALI
1017.171,1.635812125,0.865501336,0.992112964,0.983317005,0.796699611,CALI
1014.354,1.615753335,0.870339669,0.99118265,0.991250643,0.737358373,CALI
1020.316,1.752489941,0.860318805,0.992056453,0.987201507,0.750595025,CALI
1020.728,1.735449474,0.859660622,0.992628725,0.989696877,0.775841425,CALI
1047.026,1.913855934,0.817064854,0.991296923,0.98916181,0.772362305,CALI
1049.152,1.849586469,0.814133555,0.99404226,0.990692117,0.781544194,CALI
1017.404,1.608380344,0.866598192,0.988985759,0.984565943,0.744006921,CALI
1006.911,1.697993934,0.88526208,0.993249316,0.987337573,0.788022551,CALI
1030.846,1.865155777,0.844736332,0.991272175,0.988117634,0.682772266,CALI
1014.513,1.708270722,0.872154691,0.990054036,0.988062963,0.739648156,CALI
1024.863,1.793297161,0.855046757,0.991409837,0.990286688,0.786486189,CALI
1016.281,1.691154846,0.87035166,0.993284724,0.991146274,0.753655864,CALI
1034.654,1.799935856,0.839832737,0.989752587,0.983544356,0.79071618,CALI
1019.09,1.622475822,0.86685493,0.992307385,0.983714831,0.771411651,CALI
1057.001,1.888168505,0.805979045,0.989266587,0.985965492,0.742885578,CALI
1029.327,1.680932875,0.850172768,0.998289737,0.991191681,0.780260809,CALI
1025.391,1.653291867,0.856855553,0.995357765,0.990878056,0.798505302,CALI
1021.427,1.707950301,0.864374277,0.993726708,0.98851208,0.705227987,CALI
1035.26,1.716800212,0.841687253,0.989270478,0.983585443,0.79074276,CALI
1062.443,1.976072674,0.799268661,0.995940928,0.988462545,0.737948402,CALI
1033.615,1.731785391,0.844838971,0.993399786,0.988467467,0.737743814,CALI
1033.778,1.708302186,0.844772469,0.989023814,0.988932785,0.796256068,CALI
1030.076,1.68034212,0.850950198,0.989942148,0.984381636,0.756222833,CALI
1046.04,1.752389893,0.825198036,0.988753791,0.981249829,0.778101447,CALI
1040.314,1.806213154,0.83464372,0.989070709,0.981887225,0.723515616,CALI
1066.122,1.923549726,0.794790111,0.995036749,0.990492987,0.811413608,CALI
1036.972,1.670139055,0.840581499,0.993743192,0.985301773,0.695671938,CALI
1028.174,1.72438899,0.855183152,0.993520649,0.987386942,0.723355051,CALI
1040.514,1.665144429,0.83503091,0.989932431,0.982210633,0.670834732,CALI
1034.185,1.807982851,0.845541105,0.991431164,0.98636239,0.733977236,CALI
1043.71,1.795944448,0.83019008,0.992548454,0.989019446,0.805204977,CALI
1016.094,1.624838628,0.875954452,0.993661984,0.991567925,0.834798747,CALI
1040.987,1.656315489,0.834585346,0.992943543,0.984218588,0.780128775,CALI
1034.818,1.72119772,0.844647803,0.994376996,0.98733882,0.790061798,CALI
1049.221,1.793825629,0.822279524,0.990509904,0.986253919,0.686852217,CALI
1058.429,1.887800601,0.808045828,0.995180345,0.989954237,0.792824125,CALI
1013.657,1.735204142,0.881296558,0.99504313,0.993369267,0.694266473,CALI
1021.302,1.720273429,0.868236307,0.994582995,0.987909361,0.712948765,CALI
1024.342,1.663746346,0.863270166,0.993324751,0.988684214,0.800377526,CALI
1055.7,1.851430287,0.81301812,0.987733854,0.986253779,0.810963403,CALI
1031.093,1.737836813,0.852286464,0.989985162,0.98287942,0.724799968,CALI
1049.218,1.832308025,0.823505638,0.991369772,0.990077541,0.813692759,CALI
1024.349,1.68269644,0.864455973,0.998354685,0.991129785,0.79781155,CALI
1061.352,1.848938348,0.805486472,0.991060936,0.987986262,0.705733443,CALI
1022.963,1.651348126,0.867604614,0.995563685,0.987736855,0.757787754,CALI
1010.401,1.58998054,0.89009981,0.994361332,0.990575472,0.764189925,CALI
1038.352,1.71584278,0.842882551,0.991028395,0.987357326,0.752246817,CALI
1056.51,1.8285227,0.814766594,0.988006718,0.990800066,0.78874406,CALI
1019.023,1.650053591,0.876081409,0.992083824,0.98978685,0.811137255,CALI
1010.003,1.549395778,0.892255056,0.99531612,0.986341477,0.77781596,CALI
1020.117,1.59205137,0.875048646,0.989719935,0.9834962,0.797561002,CALI
1027.436,1.710851419,0.862638035,0.993017993,0.986240405,0.816442647,CALI
1038.598,1.612107047,0.844335615,0.988018692,0.985491678,0.808173506,CALI
1022.607,1.739974469,0.871020751,0.991380213,0.988004853,0.794978942,CALI
1015.95,1.613556797,0.883045074,0.98963114,0.983497634,0.780984171,CALI
1046.539,1.735396005,0.83232807,0.989431068,0.984474873,0.751647464,CALI
1026.063,1.539294458,0.865915037,0.990665798,0.983647901,0.777989876,CALI
1029.989,1.626248025,0.859409333,0.99151648,0.984436906,0.784831898,CALI
1056.868,1.963153296,0.816341033,0.993717906,0.991229868,0.801646136,CALI
1033.053,1.731042919,0.854495562,0.989713635,0.983332882,0.768029126,CALI
1045.603,1.82109822,0.834186711,0.990188109,0.985872444,0.784586113,CALI
1084.358,1.906623448,0.776009264,0.990945549,0.9836623,0.68156304,CALI
1060.242,1.943368727,0.8118579,0.993915857,0.986015695,0.779110434,CALI
1020.566,1.672175305,0.876535014,0.988303146,0.982872682,0.734649921,CALI
1015.816,1.636541667,0.885311804,0.988714396,0.982870045,0.78918115,CALI
1017.465,1.596249453,0.882565876,0.994007539,0.987933963,0.721070692,CALI
1068.906,1.886671262,0.799685103,0.995117639,0.988269994,0.782490314,CALI
1034.73,1.763459019,0.85344162,0.991253835,0.990222246,0.793335952,CALI
1017.952,1.718335926,0.881939906,0.995819226,0.993945441,0.746540609,CALI
1045.498,1.645347086,0.836193706,0.992074546,0.983357218,0.717590766,CALI
1050.385,1.803527407,0.828510619,0.998615209,0.990981418,0.752415234,CALI
1056.484,1.758661276,0.818972376,0.99124809,0.981143782,0.661856496,CALI
1029.173,1.776463579,0.8633709,0.988892997,0.987596016,0.792102055,CALI
1032.663,1.715785413,0.858146028,0.994491427,0.985292924,0.753502473,CALI
1017.763,1.581354336,0.883650489,0.991198191,0.983898637,0.747956543,CALI
1037.806,1.696485389,0.849953453,0.988985613,0.984179738,0.786355786,CALI
1034.771,1.67672409,0.854958355,0.98943453,0.980510653,0.79046224,CALI
1035.198,1.748005777,0.854253192,0.992665366,0.988118006,0.67981523,CALI
1030.926,1.706715488,0.862139841,0.990532652,0.985551125,0.789518705,CALI
1021.657,1.648464134,0.878239616,0.992342608,0.990253305,0.769899736,CALI
1047.623,1.769829899,0.835484139,0.989526948,0.988204225,0.759476675,CALI
1029.35,1.723877525,0.865695061,0.989736826,0.984157588,0.726515378,CALI
1068.139,1.905256817,0.804259404,0.996763049,0.990773406,0.646996279,CALI
1044.333,1.69275698,0.841666789,0.99045177,0.984567277,0.717014468,CALI
1054.212,1.751987567,0.826135821,0.989563772,0.979698835,0.763642255,CALI
1034.349,1.749068241,0.858193172,0.991266431,0.987324838,0.672344302,CALI
1043.319,1.76752043,0.843626859,0.992276531,0.989787349,0.665646463,CALI
1014.236,1.653130611,0.892714381,0.997571219,0.992502954,0.697086767,CALI
1041.578,1.771549084,0.846796959,0.991680912,0.983903529,0.791738867,CALI
1045.027,1.821808332,0.841688436,0.989993973,0.986393549,0.759448067,CALI
1064.874,1.881476563,0.810783538,0.994880867,0.991341698,0.78866635,CALI
1033.997,1.687834799,0.860105733,0.991287562,0.989306331,0.735161744,CALI
1034.342,1.785571723,0.860131094,0.991241574,0.984737238,0.745902725,CALI
1042.358,1.741611324,0.84707993,0.991277374,0.988754337,0.709634912,CALI
1056.912,1.750137647,0.824316438,0.989283017,0.986350787,0.704576923,CALI
1031.646,1.661854437,0.865246505,0.9910423,0.987388334,0.805055698,CALI
1042.622,1.781176982,0.847333047,0.995425237,0.990821596,0.715628844,CALI
1022.439,1.630386623,0.881176129,0.992992511,0.990808824,0.81792417,CALI
1057.08,1.748065803,0.824807919,0.991346379,0.989837508,0.812322789,CALI
1038.02,1.714701762,0.855376061,0.995997814,0.991523591,0.803230752,CALI
1041.373,1.704985914,0.850120011,0.987528522,0.982707119,0.700539508,CALI
1026.958,1.660905641,0.874165014,0.989536313,0.982246857,0.761102985,CALI
1037.523,1.786585912,0.856837813,0.993523741,0.988764953,0.812931951,CALI
1030.239,1.705813705,0.869138755,0.996512464,0.990835347,0.808979106,CALI
1057.58,1.837470741,0.824915789,0.993975685,0.983273292,0.738295391,CALI
1034.657,1.745135111,0.861908212,0.995915764,0.990623314,0.745030593,CALI
1036.849,1.592360932,0.858337882,0.99319984,0.985042792,0.703281232,CALI
1040.323,1.803571057,0.852777432,0.993821829,0.991000108,0.743859827,CALI
1035.476,1.642517775,0.861248518,0.989607816,0.981134343,0.794492556,CALI
1035.962,1.6791168,0.860546016,0.990014149,0.98273718,0.793097867,CALI
1024.659,1.604054503,0.879671979,0.991278609,0.986444227,0.755504615,CALI
1019.705,1.614383149,0.888312619,0.993271495,0.99003273,0.731227616,CALI
1066.558,1.884219908,0.812257372,0.998451209,0.989796193,0.798358288,CALI
1027.303,1.665506032,0.875649837,0.990588206,0.985381214,0.790741935,CALI
1024.467,1.674768041,0.880636322,0.992557747,0.988017517,0.813570196,CALI
1036.071,1.697678627,0.861043941,0.996456111,0.992484044,0.748941023,CALI
1051.278,1.809011963,0.83675712,0.994454255,0.990390956,0.731375472,CALI
1027.388,1.732763846,0.87621927,0.991056467,0.991058805,0.790876854,CALI
1048.278,1.764848368,0.841953541,0.993407717,0.988162345,0.702511355,CALI
1045.21,1.790055674,0.847018587,0.988521784,0.984017533,0.758258506,CALI
1047.803,1.839856848,0.84299178,0.996764847,0.990638367,0.82052139,CALI
1059.474,1.820556075,0.82494696,0.98866062,0.97954192,0.720411395,CALI
1037.428,1.781723278,0.860649333,0.99088529,0.981896896,0.791799598,CALI
1050.731,1.673137971,0.839096867,0.994450456,0.984337655,0.777071541,CALI
1047.573,1.693447724,0.84472465,0.994499324,0.989192089,0.801532026,CALI
1027.678,1.600480642,0.87784277,0.992801757,0.985849057,0.742821184,CALI
1047.986,1.723794736,0.844184848,0.99132257,0.989990071,0.801956522,CALI
1033.589,1.714740512,0.867972032,0.993156879,0.989380673,0.808690887,CALI
1029.369,1.525816189,0.87571999,0.993741374,0.986757002,0.793989247,CALI
1040.717,1.718202804,0.856784384,0.990234112,0.988660249,0.799753076,CALI
1042.951,1.68051791,0.853152511,0.987506401,0.982008457,0.757705409,CALI
1035.476,1.718952631,0.865807621,0.99412414,0.989326512,0.777293771,CALI
1026.43,1.663142688,0.881827514,0.989189102,0.9841329,0.808751299,CALI
1048.394,1.660484929,0.845300036,0.989571758,0.982459637,0.749817452,CALI
1050.21,1.830434705,0.842766595,0.991364078,0.991036737,0.814654508,CALI
1054.15,1.693467144,0.836523739,0.991160534,0.987953255,0.715897763,CALI
1048.432,1.59167948,0.846484871,0.993041313,0.988452656,0.745434411,CALI
1043.271,1.664978228,0.855019154,0.992885713,0.989299598,0.812195657,CALI
1049.938,1.809948749,0.844366051,0.991071756,0.987652839,0.776116432,CALI
1056.298,1.879425458,0.834499059,0.988252867,0.98137773,0.754185964,CALI
1067.775,1.906471224,0.817174233,0.994809663,0.990250027,0.806452315,CALI
1054.801,1.791323268,0.837535802,0.990658701,0.987074875,0.763136771,CALI
1040.808,1.710429778,0.86033506,0.990228197,0.984586995,0.783620726,CALI
1036.095,1.667711511,0.868437398,0.991285743,0.989133623,0.787146677,CALI
1047.001,1.706144826,0.850611563,0.990991799,0.984594562,0.809711916,CALI
1045.059,1.803241629,0.853879384,0.99292579,0.991065705,0.773692112,CALI
1058.806,1.713269677,0.831895487,0.989681907,0.981238596,0.671628959,CALI
1095.372,1.967724379,0.777365205,0.993465785,0.987309949,0.781311185,CALI
1049.271,1.756221973,0.847677011,0.993748746,0.988013516,0.739070726,CALI
1052.196,1.849163143,0.843322513,0.989615431,0.984992708,0.803438767,CALI
1058.844,1.87356059,0.832777289,0.992577521,0.990415634,0.785592692,CALI
1025.211,1.602138864,0.888469041,0.993503386,0.990034639,0.808442124,CALI
1055.499,1.665929705,0.838323421,0.990801256,0.9861476,0.688071101,CALI
1039.662,1.739905298,0.864127785,0.990225797,0.982836591,0.765936399,CALI
1061.328,1.837680185,0.829296454,0.994729559,0.988839375,0.706186351,CALI
1054.454,1.72609149,0.840144087,0.987541701,0.982929377,0.729929301,CALI
1058.789,1.791088253,0.83346913,0.98965338,0.988145392,0.748711081,CALI
1039.584,1.687064355,0.8646528,0.996284211,0.992326888,0.788401187,CALI
1060.382,1.730537607,0.831078548,0.993795549,0.989145905,0.802787404,CALI
1051.933,1.788536507,0.844527833,0.991221388,0.990740987,0.735622292,CALI
1050.27,1.773918658,0.847249974,0.991019364,0.984225084,0.790608921,CALI
1073.257,1.793303676,0.811465866,0.994168192,0.986668789,0.791154791,CALI
1079.366,1.852911509,0.802425034,0.989720624,0.985507438,0.687093616,CALI
1060.024,1.633628452,0.83205379,0.997337404,0.989638064,0.691713385,CALI
1041.674,1.667414413,0.86214785,0.991433051,0.989157731,0.820981936,CALI
1044.175,1.73487528,0.85819566,0.990783452,0.984881552,0.79212766,CALI
1056.402,1.763227828,0.838478563,0.992445384,0.989436339,0.806863372,CALI
1030.978,1.664905093,0.880377823,0.991145232,0.985912882,0.789001907,CALI
1037.103,1.713097686,0.870652311,0.990651435,0.986601883,0.78432425,CALI
1053.985,1.827603826,0.843063856,0.990395355,0.98251905,0.785431245,CALI
1061.236,1.702588795,0.831627211,0.993118752,0.984258623,0.708048336,CALI
1031.421,1.601748792,0.88049585,0.994072521,0.992384706,0.802540913,CALI
1044.026,1.688412837,0.859662697,0.989532472,0.985267108,0.79853927,CALI
1060.781,1.762703524,0.832988502,0.992088884,0.986666314,0.782325055,CALI
1049.888,1.709359548,0.850739553,0.990567878,0.987638472,0.771536394,CALI
1040.832,1.716012337,0.865758867,0.996281532,0.992711215,0.7892978,CALI
1056.189,1.731940319,0.840810671,0.992868276,0.986962156,0.809281145,CALI
1042.506,1.712701724,0.863038534,0.991243973,0.984203378,0.798043409,CALI
1050.308,1.711696087,0.850560518,0.989955156,0.981259774,0.675719457,CALI
1078.137,1.903401435,0.807293356,0.994660719,0.98840503,0.799721553,CALI
1046.993,1.661527787,0.856150034,0.992708266,0.985706178,0.802553246,CALI
1063.246,1.736764581,0.830364482,0.994018953,0.989548285,0.706512692,CALI
1065.27,1.754501282,0.827444662,0.989037141,0.981286196,0.771435356,CALI
1064.7,1.703489449,0.828386291,0.990620641,0.985220441,0.774919114,CALI
1045.291,1.754872713,0.859515414,0.9907375,0.989893638,0.754340278,CALI
1058.364,1.800107528,0.839018748,0.993684873,0.990569536,0.738508329,CALI
1034.077,1.618002991,0.878975304,0.995815056,0.991082313,0.802435361,CALI
1041.356,1.692811754,0.866753484,0.98830689,0.988567577,0.776579177,CALI
1036.905,1.671344152,0.874362617,0.995003291,0.990296917,0.795766408,CALI
1057.541,1.832028512,0.84089818,0.988012741,0.985748344,0.753210548,CALI
1024.352,1.598827559,0.896354947,0.998374913,0.991455935,0.797948784,CALI
1046.748,1.721607029,0.858684093,0.993060251,0.990435622,0.727034376,CALI
1076.913,1.884477821,0.811318278,0.99076976,0.989428617,0.810767498,CALI
1083.652,1.909902907,0.801440745,0.990823774,0.989012876,0.777487101,CALI
1054.072,1.663346613,0.847346972,0.993674975,0.989813714,0.736304668,CALI
1062.433,1.862807118,0.834174092,0.992297034,0.990456174,0.678508041,CALI
1066.916,1.810331706,0.827333256,0.992182973,0.98592346,0.786902287,CALI
1059.749,1.78575781,0.838830021,0.991477063,0.990487138,0.633284901,CALI
1040.428,1.658416008,0.870680154,0.992893299,0.987583119,0.780165599,CALI
1060.906,1.811304799,0.837425668,0.988929889,0.985779437,0.759875186,CALI
1044.314,1.719001709,0.864373745,0.989213891,0.982914046,0.811597966,CALI
1041.305,1.71814815,0.869399604,0.994151668,0.988535737,0.789555114,CALI
1057.664,1.789047464,0.842926838,0.994845132,0.989777344,0.755598743,CALI
1060.516,1.758240374,0.838712089,0.989431888,0.990826294,0.774400875,CALI
1042.762,1.671706148,0.867618947,0.993956415,0.989586629,0.765600302,CALI
1040.66,1.634092734,0.871197066,0.98847174,0.985469962,0.791857828,CALI
1065.121,1.790061865,0.831874265,0.987848097,0.982495846,0.807763461,CALI
1036.857,1.694584887,0.877891788,0.993857873,0.987262402,0.749311597,CALI
1035.212,1.616810374,0.881540027,0.993741918,0.988884943,0.790847886,CALI
1069.437,1.809483352,0.826228112,0.992230047,0.985505157,0.748675826,CALI
1051.329,1.757971725,0.855094157,0.989993716,0.987124633,0.750668716,CALI
1045.398,1.668102613,0.865238278,0.992587761,0.98855724,0.761732669,CALI
1044.486,1.645734032,0.866772952,0.995503173,0.990952908,0.803118596,CALI
1048.898,1.806113437,0.85961066,0.994767774,0.992234469,0.785051896,CALI
1048.881,1.671233568,0.859718482,0.992857996,0.987626133,0.763710897,CALI
1046.68,1.754860095,0.863510041,0.992858671,0.985869565,0.801475598,CALI
1052.661,1.655862475,0.853736691,0.991181256,0.981819605,0.748717031,CALI
1077.8,1.82240779,0.814472773,0.987628214,0.980389859,0.798013736,CALI
1042.473,1.670091352,0.870678672,0.993667834,0.987618211,0.717729482,CALI
1045.764,1.722973039,0.865643918,0.990812023,0.988570454,0.795470144,CALI
1046.443,1.613530662,0.864796327,0.990083631,0.986090393,0.725764201,CALI
1069.909,1.853306558,0.827453329,0.990699789,0.988732062,0.787568178,CALI
1063.533,1.749234306,0.83747108,0.990631014,0.98325181,0.767002442,CALI
1045.854,1.738245025,0.866356586,0.992210516,0.987972959,0.7594618,CALI
1049.908,1.691112122,0.860579599,0.992646458,0.989137556,0.732227557,CALI
1063.461,1.772644685,0.838984513,0.9911846,0.982013266,0.70212944,CALI
1068.728,1.785262509,0.830768381,0.995420605,0.991309142,0.709020742,CALI
1043.179,1.686701122,0.872017939,0.994013006,0.98988032,0.706262509,CALI
1065.318,1.654810864,0.836327868,0.991479776,0.983310117,0.802343368,CALI
1074.615,1.777948882,0.822169817,0.987681423,0.983212743,0.763110052,CALI
1066.561,1.760816537,0.835208158,0.996313632,0.989983109,0.800707447,CALI
1086.054,1.920057456,0.805581043,0.997520155,0.990957224,0.713292518,CALI
1056.956,1.812926359,0.850636877,0.997204084,0.992649182,0.710405922,CALI
1074.366,1.811649202,0.823596106,0.989300815,0.988914743,0.788513654,CALI
1043.897,1.71472639,0.872571614,0.988335726,0.980358369,0.77870742,CALI
1065.907,1.771400826,0.836985484,0.988344812,0.982549534,0.79946332,CALI
1058.905,1.779280908,0.848360172,0.994251747,0.992695561,0.773367661,CALI
1054.586,1.719552066,0.855413621,0.992802019,0.989465705,0.807401482,CALI
1046.46,1.706587137,0.868910818,0.994129731,0.986798379,0.769394909,CALI
1037.679,1.708255547,0.883690425,0.994133998,0.991930519,0.728892525,CALI
1040.267,1.713363889,0.879763458,0.995858096,0.992688583,0.755479548,CALI
1052.188,1.7188155,0.860054939,0.992667617,0.988081111,0.797908637,CALI
1074.69,1.770709442,0.824459627,0.994078515,0.986127198,0.71496641,CALI
1051.147,1.6809173,0.86215735,0.991888738,0.987391565,0.742861063,CALI
1043.229,1.590553037,0.875340572,0.993815518,0.98708367,0.80557238,CALI
1041.481,1.681476275,0.878455124,0.993952057,0.99098216,0.739294489,CALI
1074.9,1.915999204,0.824811833,0.988399637,0.981873972,0.701492951,CALI
1055.133,1.788189603,0.856107168,0.993808446,0.990260079,0.759424469,CALI
1048.995,1.780568863,0.866931739,0.99536081,0.99263831,0.814501679,CALI
1079.901,1.808893318,0.818256933,0.989528982,0.984545172,0.765599637,CALI
1055.876,1.744627454,0.85621024,0.989693282,0.988239274,0.81195019,CALI
1047.96,1.725432442,0.869514635,0.993352481,0.988089356,0.697443899,CALI
1051.428,1.783715213,0.863958637,0.993231428,0.991429913,0.794399849,CALI
1058.572,1.743630944,0.852617122,0.990142731,0.98507424,0.767979798,CALI
1062.537,1.802267804,0.846432643,0.993149215,0.98245546,0.732413222,CALI
1055.349,1.796626677,0.858069741,0.993400492,0.98970615,0.749344763,CALI
1069.821,1.74218475,0.835077568,0.991720246,0.98686891,0.741983318,CALI
1046.158,1.675623126,0.873339381,0.99294172,0.988472885,0.773789904,CALI
1063.592,1.755596716,0.845032002,0.996050836,0.989747326,0.777446191,CALI
1055.587,1.736975944,0.858021184,0.994866578,0.990999323,0.814868367,CALI
1066.371,1.856389751,0.840754934,0.995867677,0.992265957,0.767982961,CALI
1064.213,1.798672933,0.844301287,0.988305061,0.983482183,0.803007598,CALI
1067.897,1.850031847,0.838629293,0.993352044,0.990280145,0.681953405,CALI
1048.047,1.70293297,0.870788914,0.991645744,0.990242506,0.768331584,CALI
1058.695,1.652593654,0.853428063,0.996496312,0.991055503,0.802251194,CALI
1050.11,1.687010207,0.867518992,0.994441791,0.99046318,0.706495411,CALI
1056.074,1.764638807,0.857782126,0.994513497,0.992969779,0.814817193,CALI
1056.149,1.753111049,0.857682835,0.996027317,0.991599047,0.798891885,CALI
1047.656,1.723076795,0.871679449,0.996852429,0.992840749,0.812297286,CALI
1053.226,1.631348992,0.863095782,0.992110055,0.986035616,0.719850718,CALI
1061.104,1.803680942,0.850483769,0.990860893,0.984128009,0.782315439,CALI
1073.963,1.812012949,0.830577062,0.993958423,0.987205719,0.801012903,CALI
1085.578,1.904035812,0.813314707,0.992530025,0.98702055,0.831403968,CALI
1083.778,1.923231821,0.816072042,0.993613343,0.99097086,0.821359349,CALI
1060.929,1.780900498,0.851713345,0.995867978,0.992596641,0.798125209,CALI
1048.715,1.657537705,0.8718166,0.98829096,0.983488438,0.791668396,CALI
1096.901,1.785481989,0.797111457,0.992894151,0.986990314,0.655949189,CALI
1059.384,1.814157688,0.854736882,0.99536432,0.990977658,0.803621434,CALI
1065.768,1.799464673,0.844815369,0.990030677,0.983400085,0.796965016,CALI
1088.169,1.890019084,0.81064542,0.993339806,0.988265432,0.758361876,CALI
1060.401,1.72615651,0.853779871,0.991151708,0.990547935,0.715327715,CALI
1079.065,1.810934704,0.824694824,0.989980304,0.980333043,0.761416515,CALI
1037.519,1.573544746,0.892076394,0.993778492,0.990332029,0.758463936,CALI
1073.143,1.807788382,0.833876439,0.995491542,0.988922822,0.784543205,CALI
1082.556,1.866502831,0.819631114,0.997006834,0.99064282,0.738025123,CALI
1046.079,1.681991589,0.877846575,0.994013643,0.992044747,0.729376181,CALI
1080.322,1.783218935,0.823175194,0.987597588,0.984394314,0.750603805,CALI
1062.177,1.801633572,0.851539756,0.99367677,0.991363884,0.807989854,CALI
1065.662,1.776612192,0.846311302,0.988817614,0.982478226,0.743482065,CALI
1064.59,1.826945368,0.848604217,0.988694422,0.986034347,0.753000787,CALI
1061.771,1.794941817,0.853283486,0.994627759,0.991066805,0.800096158,CALI
1071.474,1.82632061,0.837932055,0.991605199,0.983200832,0.803587924,CALI
1054.793,1.660902532,0.864712303,0.989337366,0.982785623,0.789886922,CALI
1094.186,1.875051344,0.803916545,0.993381768,0.985587811,0.66951049,CALI
1059.047,1.832467126,0.858619782,0.99397664,0.992205707,0.750100328,CALI
1079.305,1.82700691,0.826917102,0.991997632,0.982617836,0.798522855,CALI
1082.968,1.746781872,0.82137554,0.997340498,0.987568278,0.767564807,CALI
1047.949,1.633377273,0.877451257,0.993732888,0.991005195,0.734431568,CALI
1073.671,1.779013672,0.836076073,0.994925221,0.990853304,0.778997725,CALI
1075.733,1.765215301,0.833004221,0.988965022,0.988798371,0.772559723,CALI
1068.229,1.681861281,0.845288161,0.991384826,0.985542602,0.792954545,CALI
1059.433,1.707693861,0.859416119,0.989018133,0.981862137,0.666328125,CALI
1040.031,1.550246797,0.892047597,0.993845419,0.990659029,0.781134916,CALI
1065.286,1.665348224,0.850275116,0.990070213,0.985990729,0.824406008,CALI
1045.608,1.590971319,0.882672017,0.993229154,0.983895145,0.73412615,CALI
1054.564,1.684238357,0.867788501,0.992288347,0.992555639,0.754341506,CALI
1044.424,1.634822843,0.884732015,0.996586944,0.990699174,0.737430865,CALI
1063.539,1.772140058,0.853437404,0.998366584,0.990791018,0.686668693,CALI
1095.623,1.879077917,0.804342517,0.987872443,0.983399675,0.749746292,CALI
1067.951,1.692651703,0.847105559,0.997750733,0.991706008,0.763576593,CALI
1059.309,1.766710828,0.861005962,0.990255195,0.988505895,0.808770933,CALI
1069.947,1.861865228,0.843980866,0.98838026,0.98585698,0.780101259,CALI
1054.986,1.735146167,0.868347655,0.988395865,0.983616831,0.775730251,CALI
1051.122,1.637925062,0.874777727,0.991851227,0.987139667,0.770723104,CALI
1063.744,1.730490804,0.854152406,0.995943323,0.991760367,0.741473055,CALI
1049.061,1.711124301,0.878446674,0.996016443,0.992927207,0.814353763,CALI
1078.688,1.865212197,0.830854913,0.991559682,0.98100023,0.747144744,CALI
1075.973,1.707530141,0.835129172,0.988647467,0.981803101,0.751636349,CALI
1070.532,1.715670889,0.844188119,0.996879795,0.990594442,0.710165114,CALI
1069.231,1.712157604,0.846441573,0.991135631,0.98629558,0.660380756,CALI
1054.205,1.601650285,0.871093394,0.995476436,0.988515776,0.796851404,CALI
1073.039,1.680568066,0.840957482,0.993389024,0.987567928,0.71038463,CALI
1073.309,1.798110921,0.840621702,0.993312197,0.988291119,0.778828856,CALI
1048.25,1.635993428,0.881579061,0.992699949,0.988548346,0.79266838,CALI
1063.375,1.617821364,0.856745671,0.992472542,0.990747047,0.682873466,CALI
1078.866,1.819710219,0.832459329,0.99154223,0.984625208,0.740563591,CALI
1073.559,1.751604964,0.840720885,0.995240729,0.990239768,0.796017178,CALI
1057.788,1.664555503,0.866145545,0.989056538,0.98282146,0.780587045,CALI
1077.519,1.84454699,0.834780047,0.988929669,0.981097514,0.792324129,CALI
1050.917,1.593063587,0.877974967,0.988513997,0.984711783,0.727815507,CALI
1062.542,1.792166278,0.858879792,0.991323455,0.990959059,0.812338141,CALI
1056.803,1.629588626,0.869313638,0.994217739,0.990766863,0.803460934,CALI
1089.189,1.863134835,0.818555262,0.988012372,0.985374189,0.708616073,CALI
1066.269,1.711551492,0.85419033,0.993113875,0.991252373,0.675884627,CALI
1062.163,1.772222589,0.860840592,0.990605033,0.988299233,0.787337001,CALI
1069.137,1.777793355,0.850031442,0.988363201,0.986161597,0.750679612,CALI
1082.531,1.797905832,0.829169831,0.994305787,0.988633603,0.767316318,CALI
1070.01,1.661004413,0.848919354,0.98917184,0.982870141,0.767022353,CALI
1056.679,1.749837475,0.870530575,0.993176126,0.990917127,0.817670564,CALI
1078.14,1.618644674,0.836337597,0.993995354,0.98431178,0.703857702,CALI
1055.554,1.673367627,0.872883422,0.991167741,0.990757335,0.752742764,CALI
1056.265,1.681567968,0.871753749,0.995707085,0.992740239,0.799607418,CALI
1066.856,1.647037176,0.854575502,0.991279325,0.985309843,0.687565512,CALI
1073.469,1.822546328,0.84438422,0.995535547,0.991649804,0.721594722,CALI
1060.302,1.705580964,0.865597607,0.993778599,0.992070101,0.808215747,CALI
1068.934,1.793617065,0.852223965,0.99296461,0.992405517,0.811158798,CALI
1050.945,1.514227473,0.881785184,0.992680056,0.984627503,0.815776178,CALI
1081.174,1.790299228,0.833359598,0.992328329,0.988485521,0.811014396,CALI
1045.499,1.620695959,0.89135193,0.995959465,0.989850373,0.776712548,CALI
1070.102,1.762050871,0.851121798,0.992586804,0.98941178,0.754464981,CALI
1059.919,1.648069323,0.867934702,0.991435328,0.985633352,0.688833848,CALI
1067.024,1.667971354,0.856558024,0.990768066,0.990655876,0.806379884,CALI
1090.98,1.71999953,0.820124738,0.990206306,0.989037433,0.795239558,CALI
1064.664,1.624078494,0.861224359,0.99270674,0.990778885,0.682312435,CALI
1053.386,1.652345162,0.880262646,0.994878458,0.991947319,0.807270084,CALI
1059.634,1.703101098,0.869990874,0.98958216,0.987311708,0.797069499,CALI
1064.369,1.776729128,0.862278623,0.996386268,0.99289838,0.664637483,CALI
1069.897,1.790625325,0.85378632,0.99594511,0.990309806,0.802799455,CALI
1082.712,1.600041242,0.833855862,0.992579482,0.981069014,0.751637839,CALI
1075.41,1.688843356,0.845457063,0.992479875,0.987912799,0.765896921,CALI
1075.607,1.875929725,0.845212567,0.992373982,0.991994187,0.850251311,CALI
1073.266,1.775432518,0.849209191,0.992239076,0.984855769,0.670915751,CALI
1093.529,1.830002703,0.818397029,0.993478855,0.989416981,0.800793822,CALI
1066.917,1.720945905,0.860295591,0.988584975,0.987392935,0.812776387,CALI
1070.502,1.797019459,0.854652815,0.990429318,0.987607233,0.652837459,CALI
1084.24,1.885996282,0.833238947,0.992034636,0.983037809,0.679152073,CALI
1050.313,1.512361183,0.888086675,0.994814287,0.991227178,0.725619404,CALI
1055.268,1.624995474,0.87993552,0.995575451,0.989179246,0.73936377,CALI
1077.542,1.660971705,0.844127818,0.99756467,0.990513322,0.789423077,CALI
1080.753,1.884310516,0.83921616,0.995146974,0.991420837,0.746528343,CALI
1061.146,1.691485144,0.870638152,0.99272962,0.984317041,0.772425743,CALI
1080.801,1.699983414,0.839593442,0.988370221,0.97992341,0.793029518,CALI
1073.178,1.793521046,0.851596141,0.993705737,0.992547848,0.768395456,CALI
1076.48,1.774396001,0.846531592,0.989854259,0.983892313,0.740565411,CALI
1087.899,1.773436359,0.828981239,0.992200478,0.988053506,0.77033507,CALI
1067.985,1.800543521,0.860404726,0.992873518,0.989947774,0.801739095,CALI
1072.209,1.689066996,0.853846583,0.994347212,0.989937649,0.807004494,CALI
1069.584,1.701422067,0.858119681,0.995163757,0.990227146,0.702185989,CALI
1153.901,1.843080509,0.737463641,0.99340017,0.98437874,0.746113742,CALI
1084.094,1.716941914,0.835815727,0.987672094,0.981209048,0.741331892,CALI
1058.6,1.65057452,0.876703743,0.992585819,0.987096611,0.74800995,CALI
1053.777,1.596949321,0.885064088,0.994958689,0.990677172,0.803654,CALI
1092.091,1.742663005,0.824188738,0.988971852,0.981209468,0.729910048,CALI
1070.184,1.793294124,0.859088843,0.995200812,0.991816881,0.782852572,CALI
1086.584,1.800074325,0.833394368,0.988434297,0.983928123,0.770876405,CALI
1078.206,1.782423283,0.846461017,0.991513369,0.987154275,0.781600591,CALI
1078.803,1.700176316,0.846560993,0.991909135,0.989899372,0.695382623,CALI
1078.779,1.782823075,0.84677143,0.98937428,0.98285435,0.736840622,CALI
1069.117,1.743586071,0.862662476,0.992679726,0.989869937,0.78122262,CALI
1076.493,1.849263575,0.851488519,0.99543522,0.991965436,0.816101272,CALI
1085.348,1.699348124,0.838216553,0.994668351,0.990345471,0.811172135,CALI
1077.393,1.683184676,0.851484717,0.993357372,0.98719767,0.681367708,CALI
1071.536,1.68708024,0.860829507,0.989094428,0.988488124,0.701222285,CALI
1086.614,1.705140011,0.837541646,0.987886884,0.980134512,0.761508017,CALI
1091.648,1.846034641,0.830077551,0.988170293,0.984036502,0.674793194,CALI
1088.885,1.79556832,0.835238739,0.989133519,0.981211714,0.711999928,CALI
1080.687,1.761629828,0.848077263,0.993474275,0.987013963,0.753878527,CALI
1101.545,1.904617134,0.816471398,0.989328376,0.987165521,0.754921863,CALI
1086.074,1.666169338,0.839962078,0.989552368,0.983951079,0.680463976,CALI
1075.999,1.690103325,0.85599344,0.98993871,0.991040237,0.741937608,CALI
1092.37,1.718297665,0.830655068,0.995050499,0.990295041,0.738134007,CALI
1079.255,1.725124787,0.851537598,0.994127972,0.988181386,0.784483273,CALI
1073.958,1.748377611,0.860154373,0.992272871,0.989124987,0.721546406,CALI
1093.472,1.80172709,0.830022116,0.987446133,0.981629254,0.750265998,CALI
1106.05,1.885104903,0.811415788,0.991014016,0.988450228,0.64987248,CALI
1097.334,1.94116286,0.824367384,0.989022146,0.987980589,0.803509307,CALI
1056.779,1.64089595,0.888977144,0.995510572,0.993336183,0.808754581,CALI
1096.431,1.782062053,0.825987139,0.993439324,0.987552178,0.820710428,CALI
1067.951,1.691310408,0.871014864,0.992521844,0.986817961,0.80992777,CALI
1073.509,1.679264245,0.862019004,0.992176387,0.984949104,0.794502513,CALI
1088.63,1.715264311,0.838747505,0.99118072,0.984737386,0.688002296,CALI
1086.698,1.728466989,0.841732512,0.987516126,0.981657752,0.808654849,CALI
1069.854,1.810328114,0.868456957,0.990939023,0.990669656,0.826372203,CALI
1074.238,1.727526803,0.862025501,0.99170515,0.985913914,0.770048638,CALI
1066.901,1.705316173,0.874209476,0.993498306,0.9928035,0.814932592,CALI
1071.839,1.700726074,0.866271448,0.996556538,0.99042045,0.751841726,CALI
1080.918,1.690984835,0.852135269,0.990422445,0.984150053,0.774007933,CALI
1091.724,1.758842818,0.835423508,0.996977537,0.987302972,0.665066309,CALI
1080.206,1.72412299,0.853603606,0.989576646,0.981037961,0.827808414,CALI
1095.565,1.738470574,0.829858546,0.991733014,0.983350909,0.733814748,CALI
1060.88,1.626547005,0.885132143,0.992186642,0.989379095,0.816659971,CALI
1086.497,1.737450338,0.843992046,0.987479929,0.981395522,0.690627178,CALI
1067.768,1.650144701,0.873980745,0.994435553,0.987755051,0.81068785,CALI
1078.159,1.735605815,0.857475005,0.992993144,0.990348599,0.73840067,CALI
1098.328,1.804781634,0.826459408,0.991897172,0.986238874,0.682292742,CALI
1093.333,1.825260158,0.834175355,0.99128914,0.990847111,0.824717303,CALI
1088.187,1.67728042,0.842210931,0.995853013,0.989538914,0.753942468,CALI
1068.778,1.670691214,0.874177874,0.992844633,0.985978931,0.814170082,CALI
1079.978,1.821964313,0.856517517,0.990303101,0.989704326,0.753378442,CALI
1086.552,1.715980135,0.846216374,0.993043228,0.984057236,0.733404059,CALI
1076.521,1.78858294,0.86299243,0.991681778,0.986880774,0.724519336,CALI
1099.178,1.810378842,0.827948349,0.992695445,0.990505935,0.765825829,CALI
1075.371,1.666942679,0.865078247,0.988989672,0.984224516,0.724877987,CALI
1073.247,1.673163973,0.868582054,0.989802207,0.986005499,0.740972377,CALI
1087.128,1.672045472,0.846659634,0.994418017,0.990447167,0.813799236,CALI
1074.55,1.691861334,0.866672742,0.992421244,0.98954955,0.782982322,CALI
1092.549,1.894786313,0.838741795,0.987436322,0.980578223,0.704143319,CALI
1099.69,1.818737627,0.827956913,0.995079479,0.991389822,0.757395437,CALI
1063.993,1.689812623,0.884478129,0.994067991,0.991155836,0.763271836,CALI
1088.061,1.679859812,0.84663061,0.993853383,0.991263174,0.805845743,CALI
1085.663,1.730509329,0.850417443,0.992205305,0.988658899,0.812502547,CALI
1099.679,1.731085431,0.829189282,0.991323041,0.981923115,0.665923923,CALI
1110.388,1.811016459,0.813282573,0.987998215,0.983036231,0.687517232,CALI
1089.842,1.769560099,0.84446883,0.988481753,0.981300483,0.807637434,CALI
1057.845,1.566358519,0.897203224,0.997044382,0.992028608,0.790110759,CALI
1076.13,1.758872984,0.86703781,0.991866859,0.986054892,0.823265159,CALI
1082.248,1.656529361,0.85761676,0.992686474,0.991294319,0.786142801,CALI
1075.507,1.719867227,0.868422819,0.992449719,0.990054496,0.812929667,CALI
1108.48,1.831101833,0.81826313,0.990730416,0.987716656,0.657644254,CALI
1077.554,1.790911492,0.866057259,0.994845895,0.991131919,0.814118868,CALI
1086.236,1.807293378,0.852619707,0.993983707,0.990583664,0.80519794,CALI
1086.756,1.702237557,0.852218929,0.989960673,0.985432892,0.804554404,CALI
1109.103,1.875264552,0.818937769,0.994433461,0.989776894,0.766439758,CALI
1078.862,1.679155415,0.865545603,0.990042412,0.985797725,0.758991546,CALI
1067.015,1.612979011,0.885424372,0.994734592,0.993165949,0.829455922,CALI
1078.637,1.742577187,0.866479187,0.992374809,0.992122186,0.815174979,CALI
1093.858,1.801474895,0.842910985,0.991715847,0.989898616,0.676400688,CALI
1103.635,1.800676141,0.828372744,0.991392994,0.987224886,0.650108499,CALI
1088.569,1.755771114,0.851492904,0.990214258,0.98528708,0.804758755,CALI
1093.43,1.785626271,0.844012439,0.994749149,0.991713185,0.793833287,CALI
1088.048,1.73326056,0.852425318,0.988909254,0.980333512,0.770740556,CALI
1110.324,1.705460821,0.818717567,0.992887411,0.989991619,0.661821658,CALI
1096.541,1.778253559,0.839595918,0.990099045,0.98734115,0.787607843,CALI
1107.539,1.824087811,0.823034859,0.995064198,0.988447058,0.654023999,CALI
1105.488,1.780004096,0.826101909,0.993033248,0.988289131,0.749734038,CALI
1085.561,1.757399391,0.856751451,0.990565154,0.988156001,0.72487775,CALI
1097.029,1.811293453,0.839214578,0.992745799,0.986461939,0.785133736,CALI
1072.144,1.622122806,0.878765986,0.998940033,0.99300803,0.78567519,CALI
1087.792,1.775092484,0.853708031,0.990887138,0.987737449,0.768175216,CALI
1078.826,1.661496609,0.868259456,0.994369558,0.991981842,0.792275862,CALI
1078.504,1.73964134,0.869761114,0.994859139,0.993239159,0.774299344,CALI
1089.001,1.758578072,0.853201636,0.993951793,0.989383532,0.794613692,CALI
1081.249,1.733071679,0.866135201,0.992448391,0.990875778,0.805477809,CALI
1074.372,1.794268359,0.878445524,0.995190935,0.991838039,0.795765202,CALI
1107.051,1.742299468,0.827749258,0.990881451,0.986195607,0.788829283,CALI
1084.383,1.686969017,0.863038198,0.988354206,0.984637519,0.775885094,CALI
1106.265,1.805947927,0.830240227,0.992893923,0.986903294,0.736541019,CALI
1130.612,1.813415327,0.795113624,0.994105831,0.98589678,0.773610713,CALI
1088.221,1.723852387,0.85862731,0.994852836,0.991897127,0.72351479,CALI
1087.684,1.709801742,0.859762137,0.99262165,0.989365863,0.76410116,CALI
1093.51,1.723071712,0.8506673,0.993256087,0.990722608,0.678280543,CALI
1101.021,1.739952747,0.839173202,0.988798535,0.987556878,0.80067454,CALI
1107.587,1.721468315,0.829447746,0.991938697,0.984881104,0.744378459,CALI
1105.56,1.756383493,0.83255374,0.993281314,0.99065352,0.797679206,CALI
1094.035,1.744311939,0.850281527,0.992894628,0.989746535,0.761356372,CALI
1076.752,1.655417505,0.878251639,0.991575805,0.985562421,0.750936017,CALI
1095.035,1.764869453,0.849483807,0.993833652,0.98928445,0.778844306,CALI
1099.966,1.913796445,0.842040425,0.997409318,0.993919333,0.78075886,CALI
1102.692,1.764837865,0.838120002,0.994712661,0.987975732,0.803624869,CALI
1065.688,1.560927822,0.89771099,0.994506055,0.990006101,0.791028041,CALI
1094.184,1.801936346,0.851687365,0.994578662,0.991810592,0.790805785,CALI
1095.175,1.786798431,0.850419122,0.995995641,0.991486087,0.800001971,CALI
1093.805,1.75217079,0.852592784,0.990347471,0.98207005,0.782390361,CALI
1087.941,1.693622477,0.86194652,0.9906784,0.985255033,0.745324851,CALI
1084.625,1.711173177,0.867727049,0.993313811,0.990175404,0.752268855,CALI
1076.372,1.660907477,0.881149602,0.993175706,0.98763616,0.797704264,CALI
1094.556,1.711113685,0.852461628,0.991661797,0.984601965,0.803202056,CALI
1086.749,1.614546101,0.86480667,0.993416071,0.992199326,0.761384182,CALI
1076.791,1.612290323,0.880973374,0.992792055,0.989061264,0.814089275,CALI
1091.066,1.614068168,0.858335592,0.991282685,0.989546063,0.743584819,CALI
1093.159,1.737727837,0.855398963,0.990134444,0.989923575,0.804685027,CALI
1089.81,1.811025143,0.861002922,0.994400093,0.992523387,0.809808136,CALI
1088.355,1.830491708,0.863327794,0.99489497,0.990807593,0.778736842,CALI
1126.97,1.871784078,0.805406061,0.987946396,0.981527257,0.679428753,CALI
1085.641,1.757925864,0.868236073,0.994867114,0.989753999,0.805565448,CALI
1095.295,1.808244264,0.85323907,0.99666862,0.990611471,0.744624835,CALI
1117.727,1.865507121,0.8195562,0.996266594,0.991252722,0.759659133,CALI
1109.772,1.817374772,0.83163339,0.9935131,0.990063651,0.764309827,CALI
1102.379,1.747187316,0.842877037,0.99577152,0.98958346,0.773202428,CALI
1115.057,1.739721897,0.824233655,0.988190879,0.98176171,0.723312165,CALI
1111.367,1.792946489,0.829817781,0.996275498,0.991623202,0.772543002,CALI
1111.999,1.873554573,0.82910854,0.991027796,0.986290937,0.758916113,CALI
1105.07,1.777230461,0.839579636,0.991466089,0.983889056,0.709642348,CALI
1092.977,1.78661627,0.858292657,0.990135007,0.986256331,0.80854606,CALI
1097.739,1.755597678,0.85109167,0.995240611,0.989836511,0.787901606,CALI
1118.031,1.791379238,0.820749239,0.990055396,0.980684453,0.673739024,CALI
1102.785,1.739835049,0.843961478,0.99166286,0.981777094,0.752579979,CALI
1087.782,1.707886927,0.867646599,0.99142291,0.987907955,0.791082062,CALI
1101.859,1.640232855,0.845618661,0.994955874,0.98909201,0.720653094,CALI
1069.534,1.565726651,0.897528082,0.991014009,0.984278245,0.750052788,CALI
1091.632,1.625196823,0.861737668,0.990490539,0.984815252,0.724778047,CALI
1094.281,1.730697613,0.858084803,0.996224051,0.9910671,0.685447229,CALI
1082.182,1.532967941,0.877454274,0.993160632,0.990227776,0.821156009,CALI
1100.392,1.698850066,0.8487985,0.990995877,0.991069373,0.792765199,CALI
1103.196,1.837531717,0.844654397,0.9960514,0.993466275,0.812708631,CALI
1100.953,1.729031717,0.848213617,0.990629948,0.987054821,0.694642554,CALI
1092.464,1.568246676,0.861467992,0.997267779,0.990041142,0.732339778,CALI
1085.899,1.635849915,0.872107627,0.990820089,0.983984032,0.766611397,CALI
1095.937,1.796230393,0.856225949,0.994411893,0.991314776,0.771996189,CALI
1110.904,1.805325428,0.833564391,0.991273343,0.985043018,0.658923339,CALI
1097.724,1.713744629,0.853711636,0.989186584,0.983445658,0.760907553,CALI
1101.864,1.661076782,0.847556847,0.988115629,0.984929035,0.774674803,CALI
1111.802,1.783340045,0.832594545,0.989941285,0.9859628,0.68912449,CALI
1094.249,1.731801245,0.860695743,0.98806116,0.985460401,0.811861487,CALI
1107.55,1.684551288,0.840423612,0.989676864,0.984719905,0.707712215,CALI
1124.551,1.892473142,0.815403328,0.99298372,0.989747672,0.721642775,CALI
1106.614,1.701037421,0.842205071,0.987733163,0.980889664,0.771377282,CALI
1107.548,1.899106357,0.840918376,0.992436325,0.992587577,0.833208145,CALI
1114.935,1.796493275,0.829903265,0.995899329,0.9916412,0.68049569,CALI
1105.638,1.917014738,0.844124388,0.993479212,0.992182403,0.804623043,CALI
1107.831,1.815574927,0.840877886,0.992663739,0.989958653,0.727140719,CALI
1100.982,1.782113532,0.851475979,0.990657063,0.981442757,0.765661123,CALI
1110.342,1.779350008,0.837588597,0.989304334,0.982073284,0.81135466,CALI
1080.269,1.653197426,0.885356596,0.994259772,0.989303076,0.750365057,CALI
1161.277,1.839899093,0.766637872,0.996558537,0.988560992,0.789528233,CALI
1085.575,1.636778848,0.87853573,0.995068524,0.992124562,0.799893204,CALI
1095.949,1.708660596,0.862087039,0.989723509,0.979226829,0.77002654,CALI
1090.113,1.50665397,0.871511434,0.993352334,0.988047283,0.779470737,CALI
1101.453,1.750449265,0.854404314,0.993536591,0.991764055,0.771144372,CALI
1128.423,1.951485823,0.814504778,0.991517261,0.985574569,0.801089045,CALI
1115.776,1.817729795,0.833275654,0.994679544,0.98922734,0.813843211,CALI
1119.357,1.675466297,0.828253501,0.992731157,0.982312359,0.804338086,CALI
1118.823,1.835317869,0.829235059,0.989699349,0.983146469,0.714550173,CALI
1114.99,1.845649972,0.835118017,0.991909369,0.988206447,0.80850002,CALI
1117.383,1.915792152,0.831736083,0.989143524,0.988114597,0.804239292,CALI
1103.441,1.792522681,0.85343387,0.990669611,0.985225959,0.721020874,CALI
1111.05,1.781065992,0.842191648,0.993254284,0.988222225,0.726347673,CALI
1112.693,1.809608465,0.840020973,0.991598684,0.990236665,0.769392384,CALI
1102.587,1.65989075,0.855562689,0.992789789,0.985345238,0.707814531,CALI
1093.363,1.718098211,0.870248459,0.993168286,0.992364308,0.812577295,CALI
1093.724,1.652965128,0.87012579,0.992834076,0.985191793,0.750339705,CALI
1106.714,1.666802177,0.84982981,0.995126902,0.98803588,0.748355679,CALI
1121.336,1.743941749,0.82792102,0.992850313,0.982786234,0.72325825,CALI
1116.382,1.730180421,0.835295286,0.99069491,0.985416741,0.754909376,CALI
1120.201,1.726894664,0.829789858,0.989099987,0.981056346,0.765190972,CALI
1105.912,1.704671889,0.851463551,0.993038825,0.985515175,0.761896881,CALI
1101.387,1.694051065,0.858702229,0.996786718,0.990701566,0.754331683,CALI
1107.807,1.735597044,0.848819267,0.991467039,0.985402501,0.765542462,CALI
1111.235,1.707016179,0.844139905,0.992885359,0.982715113,0.77789448,CALI
1110.823,1.816444927,0.844878222,0.994114241,0.989244363,0.77884489,CALI
1119.895,1.751624454,0.831646143,0.990845224,0.986287208,0.739759358,CALI
1118.78,1.851434037,0.833475316,0.989432476,0.983648902,0.740306759,CALI
1110.932,1.754251382,0.845628822,0.989181627,0.984915148,0.735719854,CALI
1105.94,1.675746693,0.853413626,0.993114975,0.988186588,0.688465077,CALI
1138.925,1.874495507,0.805016824,0.988360179,0.992285922,0.760822194,CALI
1107.612,1.700327735,0.851955529,0.989258314,0.984552191,0.68465287,CALI
1117.778,1.886347778,0.837464586,0.994318701,0.990908009,0.797238685,CALI
1109.766,1.757377677,0.849814727,0.994545204,0.99267002,0.760139822,CALI
1142.638,1.869209194,0.801708862,0.993189593,0.988441913,0.702587807,CALI
1113.526,1.617488006,0.844652884,0.987975002,0.990527692,0.806532153,CALI
1088.656,1.685935127,0.884618408,0.993617685,0.98747766,0.729285583,CALI
1125.326,1.864432532,0.827915117,0.989049514,0.982477626,0.688042223,CALI
1106.53,1.672652584,0.856403814,0.992920286,0.985508616,0.762393787,CALI
1105.279,1.644074142,0.858600698,0.990428732,0.979246346,0.698502891,CALI
1134.917,2.004744133,0.81485915,0.996743888,0.993257144,0.700452868,CALI
1120.191,1.788460787,0.836664549,0.991604764,0.988172119,0.789473187,CALI
1118.077,1.734190514,0.840122898,0.990945999,0.979777257,0.727751654,CALI
1101.693,1.697972604,0.865358865,0.989773978,0.990214082,0.79728518,CALI
1101.208,1.622173475,0.866204186,0.99350521,0.982486865,0.727772167,CALI
1112.64,1.727572966,0.848526172,0.991694912,0.991236912,0.784989858,CALI
1107.153,1.677546669,0.857039541,0.989146496,0.987560984,0.723753127,CALI
1126.544,1.863541507,0.828838919,0.994185483,0.989549592,0.741890311,CALI
1105.143,1.653619325,0.861631216,0.990795119,0.985872879,0.758871611,CALI
1122.304,1.769569911,0.83554236,0.992534111,0.9873267,0.702403717,CALI
1109.583,1.804174075,0.854810613,0.993038499,0.991112426,0.809638438,CALI
1117.773,1.822664464,0.842712188,0.991253391,0.98532369,0.715028162,CALI
1123.285,1.819252608,0.834691106,0.99111269,0.987021858,0.7957124,CALI
1107.515,1.732879894,0.859286493,0.995569971,0.991359849,0.806031252,CALI
1106.607,1.781726798,0.861672076,0.996604431,0.993046111,0.771320179,CALI
1105.804,1.70802808,0.864259939,0.994528184,0.989132352,0.778305292,CALI
1141.257,1.887481424,0.81185119,0.991745359,0.986737338,0.772137496,CALI
1125.18,1.760411879,0.835316271,0.993651756,0.986264767,0.798822971,CALI
1108.716,1.829702885,0.860410936,0.996363844,0.993132581,0.811786265,CALI
1113.968,1.793359986,0.852924539,0.990881262,0.986576395,0.788477921,CALI
1118.273,1.68077938,0.846390293,0.99251598,0.989555553,0.764340227,CALI
1124.466,1.808138247,0.837460693,0.989040452,0.984128282,0.670205997,CALI
1116.607,1.736196195,0.849411701,0.991079199,0.987300992,0.745484299,CALI
1126.741,1.833086417,0.834498007,0.996541093,0.99196376,0.819071213,CALI
1113.655,1.738733188,0.854467939,0.989657397,0.98091239,0.750937213,CALI
1108.866,1.836740924,0.862211955,0.995157031,0.993604843,0.795258519,CALI
1119.674,1.810525807,0.84641858,0.988423027,0.980902818,0.7354678,CALI
1135.934,1.744932108,0.822642802,0.989648282,0.987214398,0.697784496,CALI
1118.151,1.760928579,0.849419431,0.993950731,0.988849106,0.810680403,CALI
1094.382,1.643264884,0.886769844,0.997108089,0.992134858,0.827160977,CALI
1123.509,1.759324777,0.841496295,0.989447643,0.988828057,0.758171283,CALI
1134.25,1.785455508,0.826015272,0.993795959,0.988151437,0.812259874,CALI
1121.771,1.678153252,0.84483483,0.993376651,0.988826032,0.771756979,CALI
1209.172,1.839064766,0.727193959,0.995348521,0.98629131,0.774020913,CALI
1122.443,1.72162955,0.843963177,0.99347885,0.988862529,0.808813268,CALI
1124.297,1.843039803,0.841331151,0.988631787,0.981615515,0.75759122,CALI
1111.659,1.726523448,0.860691419,0.994479188,0.993275753,0.677431489,CALI
1100.164,1.680133272,0.87935256,0.996430385,0.992767893,0.754270193,CALI
1103.623,1.563016992,0.87386966,0.991971805,0.980823345,0.719862315,CALI
1111.272,1.752433383,0.862074532,0.995038685,0.993305116,0.759530213,CALI
1131.169,1.889568618,0.832485283,0.9942269,0.987706971,0.740036493,CALI
1111.688,1.785429053,0.862171744,0.99146529,0.989185469,0.685745018,CALI
1119.753,1.808893054,0.851079767,0.995873632,0.991812661,0.663455604,CALI
1107.358,1.686765635,0.87060812,0.991942957,0.987756953,0.799501223,CALI
1106.69,1.671092586,0.87175178,0.987989066,0.981618624,0.806033583,CALI
1111.998,1.739511724,0.863540684,0.992162247,0.98438387,0.808665943,CALI
1157.954,1.982667606,0.796563913,0.993930355,0.984216865,0.782224963,CALI
1121.92,1.633967478,0.84904315,0.995071378,0.987700777,0.784647322,CALI
1140.71,1.843143929,0.822026615,0.988774289,0.981923263,0.762100457,CALI
1130.235,1.799338168,0.837412981,0.98930874,0.984115791,0.738027119,CALI
1104.753,1.667339971,0.877509023,0.988845323,0.986366372,0.821455422,CALI
1102.784,1.625776759,0.880831367,0.995485362,0.991693618,0.81978785,CALI
1116.29,1.751976564,0.860321603,0.995170374,0.993362909,0.816451335,CALI
1105.44,1.468763868,0.877477864,0.994770943,0.991033786,0.733564877,CALI
1127.369,1.69923727,0.844068865,0.989989773,0.982076915,0.666591186,CALI
1134.327,1.796218961,0.833872494,0.989498013,0.983969668,0.756664303,CALI
1104.639,1.694696035,0.879955796,0.989,0.983811541,0.819013112,CALI
1115.353,1.751203307,0.863202121,0.992141409,0.988455888,0.830850754,CALI
1121.047,1.792513366,0.854575661,0.989259731,0.986130823,0.785885057,CALI
1112.155,1.684713722,0.869585724,0.993199249,0.990682547,0.755825967,CALI
1142.861,1.807860954,0.823688029,0.989958104,0.986313522,0.795992748,CALI
1109.054,1.60756518,0.874721009,0.992923384,0.983560983,0.74806906,CALI
1129.837,1.774363802,0.842964516,0.990295001,0.982705593,0.757193386,CALI
1119.3,1.732208433,0.859261484,0.995520045,0.992596026,0.762886047,CALI
1136.21,1.907699153,0.834011631,0.98872715,0.98385504,0.69980561,CALI
1126.8,1.756315623,0.848009493,0.993399589,0.987665848,0.782760826,CALI
1107.351,1.664829875,0.878274385,0.991909055,0.99029373,0.7945302,CALI
1121.69,1.712101173,0.856103089,0.996185982,0.992381967,0.807042651,CALI
1128.309,1.79599709,0.846354746,0.990449207,0.982558872,0.73594088,CALI
1131.029,1.740649269,0.843064911,0.989007695,0.979680829,0.724046874,CALI
1127.125,1.8645533,0.849301011,0.99112292,0.987634582,0.662236894,CALI
1120.98,1.780979658,0.860478007,0.991565553,0.992513899,0.816304265,CALI
1112.116,1.697486874,0.874493213,0.994400304,0.987426146,0.774085333,CALI
1130.442,1.761214868,0.847431622,0.992736519,0.988415704,0.769080427,CALI
1145.77,1.767698402,0.825436044,0.993159148,0.989318862,0.801651049,CALI
1129.948,1.814394742,0.849029031,0.988211818,0.981131217,0.726751925,CALI
1117.68,1.73137335,0.86834312,0.994027126,0.993542966,0.77873304,CALI
1152.539,1.785812036,0.816724223,0.988073793,0.980455175,0.672228797,CALI
1143.59,1.809288013,0.829604597,0.993901321,0.989241152,0.717474405,CALI
1139.925,1.707363009,0.835266868,0.991255039,0.987898752,0.78047965,CALI
1126.579,1.702016482,0.855213645,0.992003057,0.985127568,0.782850255,CALI
1130.087,1.789403647,0.850345353,0.992297546,0.991282304,0.742992984,CALI
1138.801,1.824400932,0.837759515,0.992520714,0.989901534,0.649084084,CALI
1132.936,1.749762237,0.847346742,0.991245933,0.9894933,0.830700273,CALI
1135.769,1.751472077,0.843193055,0.990627555,0.983959894,0.704096574,CALI
1119.543,1.704332162,0.86843328,0.995363609,0.990916579,0.736885985,CALI
1136.184,1.772501752,0.84372587,0.992540834,0.986142083,0.689909338,CALI
1120.93,1.68383194,0.867255589,0.992266399,0.988340286,0.798260149,CALI
1131.888,1.720827517,0.850789988,0.991349535,0.990827365,0.785581669,CALI
1143.973,1.652166195,0.833331846,0.988828716,0.983343531,0.680605443,CALI
1135.114,1.81035592,0.846624153,0.991818931,0.988082636,0.747417,CALI
1114.452,1.645092346,0.878985975,0.993780286,0.99197287,0.837349398,CALI
1163.356,1.809434163,0.806722933,0.994303479,0.987149918,0.711452482,CALI
1120.096,1.694913882,0.870330419,0.990966895,0.98367578,0.676868549,CALI
1181.88,1.756963434,0.782955485,0.990675741,0.987787576,0.767333804,CALI
1142.042,1.854134493,0.838763324,0.991577408,0.989835018,0.753670741,CALI
1139.167,1.80220428,0.84326382,0.987655116,0.980134388,0.737046128,CALI
1132.608,1.744784256,0.853068678,0.994543298,0.991822417,0.729417776,CALI
1134.112,1.657059761,0.85108115,0.992918666,0.985596941,0.785314402,CALI
1143.707,1.909937253,0.837466184,0.994274722,0.988714854,0.742032686,CALI
1114.925,1.627753424,0.882324458,0.994124105,0.987520083,0.812456947,CALI
1146.429,1.801676359,0.834765713,0.989799245,0.982434622,0.674226979,CALI
1134.346,1.745014089,0.853698932,0.993836527,0.990403571,0.790649506,CALI
1133.759,1.756105427,0.855189282,0.992532117,0.984702148,0.711837512,CALI
1145.742,1.847726176,0.837873086,0.991770078,0.987098375,0.767881739,CALI
1129.358,1.624521291,0.863217244,0.992626362,0.988536613,0.71870719,CALI
1124.25,1.587339139,0.871546357,0.992097285,0.987084497,0.729147258,CALI
1143.406,1.744476266,0.844135672,0.992571559,0.991756256,0.789908257,CALI
1160.439,1.886031959,0.819620966,0.991984849,0.990214095,0.703058586,CALI
1146.833,1.764167621,0.839203368,0.987806202,0.982406102,0.721337998,CALI
1160.9,1.927500706,0.819082036,0.991549865,0.989178415,0.742544379,CALI
1137.14,1.774380508,0.853746036,0.992727421,0.993194126,0.765619417,CALI
1139.091,1.722892372,0.850824001,0.992958259,0.989937348,0.787632914,CALI
1150.644,1.870221862,0.834374935,0.996818781,0.993131263,0.766051448,CALI
1120.716,1.676297371,0.87971293,0.994478775,0.991162314,0.805044864,CALI
1148.631,1.735700491,0.837968743,0.987436848,0.980070849,0.692835318,CALI
1147.724,1.759548282,0.839370009,0.987771898,0.980192725,0.752282832,CALI
1154.539,1.851076031,0.830508168,0.992001003,0.990833427,0.812849471,CALI
1150.877,1.775859507,0.838116751,0.992308911,0.987590694,0.749143487,CALI
1136.526,1.709315714,0.859435768,0.996346504,0.991570511,0.76882441,CALI
1132.4,1.715866414,0.865984429,0.992823534,0.990361878,0.783524259,CALI
1146.525,1.728046495,0.844979047,0.993266154,0.991986892,0.819815057,CALI
1163.355,1.861910929,0.820819061,0.98973668,0.980882108,0.777748452,CALI
1128.201,1.616129827,0.873380469,0.991881927,0.98672675,0.784060694,CALI
1150.062,1.778777359,0.840568675,0.991294547,0.984992207,0.664578404,CALI
1153.301,1.822080741,0.836108985,0.988899429,0.980870047,0.727452818,CALI
1130.637,1.674944037,0.870397649,0.989826082,0.989528386,0.828015411,CALI
1140.249,1.763191152,0.856577598,0.993603417,0.991087204,0.796614892,CALI
1154.664,1.818449083,0.83607784,0.988008315,0.987487337,0.76481036,CALI
1146.35,1.769952299,0.848469208,0.991717012,0.990223651,0.798869151,CALI
1162.919,1.79555265,0.825671826,0.988119746,0.987091757,0.714510863,CALI
1120.911,1.537615929,0.889058379,0.996766503,0.993173413,0.8111176,CALI
1134.402,1.662666313,0.869102068,0.990936652,0.984361002,0.802881319,CALI
1135.554,1.609791843,0.867631943,0.987932768,0.985684868,0.733417359,CALI
1128.166,1.671646021,0.879141449,0.994463531,0.991658407,0.8158512,CALI
1157.147,1.854010695,0.836059875,0.998866779,0.993154885,0.701694274,CALI
1126.165,1.637710263,0.882793536,0.995886848,0.987727545,0.773561971,CALI
1136.959,1.64319983,0.866431868,0.990747372,0.987075696,0.75274484,CALI
1166.008,1.879324532,0.824001783,0.992906855,0.989664857,0.667790262,CALI
1144.377,1.76261794,0.856694156,0.994074742,0.989219195,0.796147673,CALI
1152.216,1.7361641,0.845588058,0.9930864,0.985200053,0.747164698,CALI
1157.698,1.780755122,0.83767387,0.991211729,0.985929792,0.822064777,CALI
1183.212,1.840286991,0.802314274,0.993984579,0.989330146,0.688628659,CALI
1155.357,1.773938517,0.843425439,0.989193477,0.988579562,0.795772083,CALI
1132.549,1.665199293,0.877787375,0.996258003,0.990941869,0.808878095,CALI
1151.504,1.683539052,0.849155001,0.989505669,0.985709414,0.747663551,CALI
1159.738,1.801134768,0.837822054,0.989572423,0.989276849,0.821000879,CALI
1166.398,1.800829324,0.829750266,0.990974214,0.991588847,0.784593214,CALI
1174.522,1.823399025,0.819222372,0.987983674,0.97967276,0.721111672,CALI
1149.486,1.726557216,0.855838693,0.99060756,0.987230261,0.812072482,CALI
1156.599,1.810302958,0.845485278,0.994035335,0.991342659,0.783938681,CALI
1145.956,1.704426845,0.86135869,0.991078031,0.983910106,0.802049363,CALI
1160.436,1.680840567,0.840285907,0.988823449,0.985930143,0.790707681,CALI
1192.155,1.771784639,0.797996983,0.990372623,0.98492901,0.755152073,CALI
1173.139,1.916550649,0.824907831,0.989406485,0.985062096,0.767179008,CALI
1165.547,1.80933755,0.83615171,0.990789617,0.983344937,0.755693218,CALI
1174.332,1.784483366,0.8273514,0.990719254,0.986709122,0.72803156,CALI
1154.126,1.694007955,0.857197561,0.994449122,0.986761512,0.7537267,CALI
1150.237,1.727053853,0.864210057,0.995462157,0.993524858,0.812291321,CALI
1168.645,1.808623152,0.838119258,0.994317541,0.992254818,0.789050589,CALI
1158.807,1.781851686,0.853786179,0.989367506,0.98441934,0.802206981,CALI
1160.437,1.787697328,0.852938417,0.991628339,0.992108805,0.809603529,CALI
1153.995,1.747159837,0.864035347,0.991023131,0.989923998,0.785291595,CALI
1189.433,1.858497671,0.813760271,0.989399377,0.980479243,0.709368951,CALI
1161.167,1.704847668,0.853935369,0.989481847,0.984526611,0.727368714,CALI
1147.618,1.71722902,0.874389595,0.994926612,0.991710585,0.80910632,CALI
1162.789,1.80132525,0.851870684,0.989860465,0.979901002,0.710772834,CALI
1152.316,1.66863011,0.868012523,0.994655948,0.990721338,0.797487175,CALI
1146.703,1.683909753,0.876836809,0.99260399,0.989495821,0.670870989,CALI
1151.76,1.623646896,0.869390732,0.990223543,0.979372312,0.794969076,CALI
1168.57,1.725261325,0.845634764,0.988918334,0.985416019,0.690634019,CALI
1155.525,1.605089792,0.866360323,0.991816335,0.982496398,0.808208955,CALI
1199.087,1.828907257,0.804931038,0.992372933,0.987773226,0.640067275,CALI
1146.254,1.693364672,0.881311295,0.995472637,0.988807812,0.807903066,CALI
1169.006,1.757924971,0.848571958,0.991882615,0.984362166,0.71500186,CALI
1191.233,1.757627656,0.818927525,0.990009358,0.985191656,0.688962563,CALI
1169.482,1.730183868,0.852824495,0.993866918,0.987110634,0.822695727,CALI
1186.908,1.837797943,0.828064374,0.994340136,0.984651612,0.773196735,CALI
1179.409,1.807555904,0.839504263,0.987597069,0.986706166,0.72741861,CALI
1161.429,1.607003706,0.866788029,0.995926768,0.987990443,0.755699585,CALI
1183.213,1.93486254,0.83617048,0.987614675,0.987732338,0.800914781,CALI
1181.392,1.729201957,0.839173391,0.988569069,0.979269984,0.736776784,CALI
1160.064,1.702921732,0.870612583,0.996025013,0.992949722,0.815240677,CALI
1175.123,1.79967765,0.849024455,0.991588888,0.989720796,0.786477168,CALI
1160.772,1.674384187,0.871966415,0.994381578,0.989815364,0.710052251,CALI
1168.211,1.686294896,0.861191316,0.993380977,0.990752021,0.776175143,CALI
1163.399,1.609935109,0.869156402,0.996351243,0.990289105,0.743802638,CALI
1186.708,1.761080379,0.838899693,0.993787108,0.99093525,0.801290411,CALI
1192.258,1.832497307,0.831638081,0.993075009,0.9880476,0.761428756,CALI
1158.189,1.63572935,0.882014915,0.993916667,0.988690301,0.79390684,CALI
1160.889,1.639463776,0.87908247,0.991182303,0.991241628,0.82720014,CALI
1181.406,1.764144339,0.848985327,0.991992227,0.986917159,0.792601434,CALI
1178.195,1.794872062,0.854153313,0.992384826,0.987844841,0.735359676,CALI
1207.294,1.901755645,0.814000697,0.98803818,0.979784772,0.735176173,CALI
1186.03,1.75034832,0.846389431,0.99380026,0.987297187,0.672229317,CALI
1191.159,1.607765387,0.84053327,0.995521117,0.991143788,0.808209495,CALI
1183.102,1.763665411,0.852343619,0.99235414,0.989112882,0.668365623,CALI
1190.613,1.741401043,0.84248338,0.990128486,0.984553705,0.774863433,CALI
1182.302,1.661226634,0.860815227,0.988244021,0.982686959,0.748826952,CALI
1199.725,1.855971483,0.8364484,0.995537609,0.992993512,0.819092728,CALI
1194.897,1.800231473,0.843978337,0.99133937,0.989536252,0.744873229,CALI
1185.141,1.739546095,0.860221065,0.988967875,0.982827002,0.742816969,CALI
1184.057,1.767531259,0.862442197,0.992289071,0.98872756,0.788081314,CALI
1207.214,1.831647947,0.829870811,0.988079823,0.981500556,0.713889404,CALI
1198.882,1.754754122,0.842320073,0.995702255,0.990449461,0.783110887,CALI
1195.228,1.733125113,0.847671677,0.991406688,0.985488423,0.77864415,CALI
1190.245,1.775754879,0.857471839,0.991407362,0.991222673,0.747787611,CALI
1207.71,1.836329172,0.834866971,0.99202301,0.991953976,0.736365363,CALI
1203.309,1.769401883,0.841800848,0.990496574,0.989603632,0.731614597,CALI
1184.262,1.629325373,0.875646554,0.991579556,0.986583347,0.76168319,CALI
1183.507,1.721657087,0.876907666,0.99337694,0.989572049,0.734981615,CALI
1198.223,1.764124956,0.859850433,0.989445489,0.985929628,0.784551742,CALI
1195.813,1.710623787,0.863583387,0.989009813,0.983890508,0.719905644,CALI
710.496,1.891547593,0.821636048,0.992395653,0.989566469,0.635476232,HOROZ
706.222,1.843209268,0.841714592,0.989137214,0.982876813,0.809866667,HOROZ
702.956,1.798842259,0.852376909,0.996395753,0.9851571,0.808383378,HOROZ
702.956,1.798842259,0.852376909,0.996395753,0.9851571,0.808383378,HOROZ
689.294,1.636498387,0.887505501,0.998424646,0.990086156,0.774071511,HOROZ
709.639,1.875632294,0.84660411,0.991346964,0.987455614,0.756050274,HOROZ
716.75,1.773951126,0.830549278,0.996846984,0.98646136,0.799481987,HOROZ
716.75,1.773951126,0.830549278,0.996846984,0.98646136,0.799481987,HOROZ
693.307,1.69560807,0.893182322,0.995869396,0.992101519,0.772614202,HOROZ
690.131,1.598001394,0.902240048,0.991292063,0.987210947,0.75156044,HOROZ
727.413,1.811337651,0.821387491,0.99216394,0.980384376,0.687608104,HOROZ
707.965,1.664223122,0.876311115,0.997531674,0.987233081,0.692173638,HOROZ
733.998,1.891219348,0.819614266,0.988231401,0.982386983,0.641409901,HOROZ
717.672,1.585002857,0.860158683,0.989598078,0.983128834,0.684656167,HOROZ
741.988,1.69616834,0.809475706,0.990018304,0.982708934,0.822182037,HOROZ
740.643,1.902916411,0.813517971,0.994193161,0.98704764,0.72209683,HOROZ
756.893,2.052854411,0.78429179,0.99411327,0.982712181,0.779315606,HOROZ
743.142,1.887110281,0.814563628,0.987653109,0.979452242,0.728608646,HOROZ
705.532,1.532063565,0.905515107,0.997737119,0.989080381,0.70792216,HOROZ
736.997,1.944885841,0.83618548,0.995184367,0.987729558,0.761980056,HOROZ
731.111,1.720214517,0.857109025,0.992133409,0.985910922,0.679223489,HOROZ
742.992,1.865925822,0.83087263,0.99103347,0.984013156,0.745506536,HOROZ
731.806,1.838562773,0.858438369,0.996625094,0.988142506,0.704975527,HOROZ
748.431,1.992331139,0.821285574,0.99632029,0.990262111,0.636235662,HOROZ
727.659,1.568982138,0.871431132,0.997609749,0.984792812,0.788786251,HOROZ
759.261,1.911932826,0.802164976,0.991247654,0.984114674,0.711352961,HOROZ
747.615,1.922525618,0.832747052,0.995399503,0.981789747,0.760929411,HOROZ
759.483,1.946849704,0.808013978,0.992348414,0.988065109,0.675032761,HOROZ
748.578,1.860560486,0.839374115,0.991442927,0.987546831,0.661400905,HOROZ
772.679,1.835514817,0.788333264,0.988143865,0.982709312,0.801669521,HOROZ
763.682,2.062259181,0.807383814,0.995571586,0.985871395,0.624017453,HOROZ
766.505,1.983490126,0.802132087,0.997359164,0.985106383,0.676949458,HOROZ
749.282,1.856893594,0.84160268,0.993246694,0.982236155,0.678210678,HOROZ
727.307,1.660400333,0.897408748,0.996656521,0.989055873,0.748054417,HOROZ
738.792,1.664065386,0.869839138,0.997841023,0.987945191,0.729362934,HOROZ
766.378,2.031657789,0.808517092,0.994174034,0.987921884,0.780587057,HOROZ
755.921,1.910541083,0.837000711,0.999015782,0.989085239,0.702940307,HOROZ
754.503,1.744538176,0.844410107,0.994391729,0.984455825,0.808560558,HOROZ
771.058,1.907937795,0.809406154,0.993443088,0.985840799,0.827191429,HOROZ
756.323,1.908776886,0.844173528,0.993904791,0.991076264,0.796976108,HOROZ
756.323,1.908776886,0.844173528,0.993904791,0.991076264,0.796976108,HOROZ
762.336,1.880043493,0.831838836,0.992594633,0.988590225,0.801825837,HOROZ
775.776,2.039166139,0.804560554,0.997362706,0.987620146,0.675005255,HOROZ
768.636,1.798911712,0.825979682,0.98853277,0.981871049,0.790413189,HOROZ
791.343,2.036723231,0.780421893,0.987983135,0.980832766,0.650025071,HOROZ
791.343,2.036723231,0.780421893,0.987983135,0.980832766,0.650025071,HOROZ
770.803,1.979980697,0.824239602,0.995260021,0.990141775,0.630276565,HOROZ
742.484,1.575573938,0.89259853,0.992486299,0.989088154,0.69429078,HOROZ
771.196,1.986380458,0.82849186,0.996418161,0.987856801,0.702517244,HOROZ
777.438,1.92977248,0.818692781,0.991354819,0.984843559,0.741409501,HOROZ
762.355,1.766605085,0.85279231,0.993416585,0.988694475,0.693797495,HOROZ
765.521,1.815941714,0.848240479,0.992011329,0.984004975,0.812675912,HOROZ
789.504,1.989632162,0.798274966,0.991629949,0.984901624,0.658462766,HOROZ
764.058,1.64362646,0.852912666,0.989957346,0.982396549,0.695506407,HOROZ
791.745,1.862021416,0.794824862,0.989192928,0.979713368,0.683674173,HOROZ
776.76,1.822316949,0.828141176,0.992981438,0.98508572,0.634993133,HOROZ
785.134,1.935927475,0.810692294,0.991792332,0.985918286,0.797305425,HOROZ
772.004,1.915099384,0.83953595,0.996303782,0.987769784,0.62867293,HOROZ
774.676,1.99370719,0.835262166,0.997301244,0.992436494,0.729926072,HOROZ
785.747,2.011413289,0.812745526,0.992545195,0.987144941,0.805255304,HOROZ
783.028,2.064833928,0.821330544,0.99455736,0.988090835,0.820768049,HOROZ
774.16,1.887193925,0.840590474,0.996117733,0.988290398,0.658292282,HOROZ
782.797,1.902203772,0.822369058,0.997091658,0.987247347,0.710632642,HOROZ
788.776,2.042454838,0.810130812,0.992435768,0.98400471,0.624532885,HOROZ
798.228,2.016970653,0.795279073,0.991298028,0.988091154,0.716998578,HOROZ
798.577,2.029745829,0.795116142,0.996167584,0.988365257,0.675998057,HOROZ
780.121,1.929867016,0.834566112,0.993717472,0.990297447,0.651398917,HOROZ
793.494,1.975355734,0.808049875,0.990882707,0.986501304,0.630461864,HOROZ
799.002,2.031855517,0.798915933,0.990870383,0.984165858,0.623916252,HOROZ
803.675,2.02493875,0.791247662,0.995193271,0.988190985,0.619123736,HOROZ
788.385,1.948745109,0.822943934,0.992911971,0.984782135,0.63606957,HOROZ
781.572,1.955007667,0.837497751,0.996306832,0.986909408,0.803089184,HOROZ
812.578,2.082857452,0.775907238,0.994732535,0.983025101,0.704419794,HOROZ
797.806,2.089230195,0.810315909,0.99507684,0.986610577,0.619610507,HOROZ
792.163,2.025777555,0.823083151,0.996120368,0.98921781,0.667131959,HOROZ
780.307,1.808588787,0.848697821,0.992489252,0.986328312,0.729656837,HOROZ
783.797,1.8343202,0.841258957,0.996245297,0.987016415,0.810096911,HOROZ
781.342,1.839735144,0.847130133,0.994856023,0.987854348,0.752899638,HOROZ
799.829,1.997061604,0.810032854,0.990192846,0.983847879,0.637554113,HOROZ
790.991,2.045726577,0.828376096,0.996736542,0.988827619,0.813154315,HOROZ
818.326,1.879888731,0.773996509,0.994074553,0.980530132,0.699084746,HOROZ
797.728,1.921011181,0.816734164,0.996258669,0.988102633,0.664770079,HOROZ
812.201,1.885880062,0.788343134,0.994744684,0.984676882,0.633965501,HOROZ
792.831,1.891672405,0.829033693,0.994641845,0.988863983,0.664141576,HOROZ
753.173,1.462019191,0.919013606,0.997047221,0.991018107,0.80536574,HOROZ
813.415,1.939188823,0.789106523,0.991597031,0.982129349,0.658561714,HOROZ
797.024,1.786720803,0.826367309,0.99563651,0.982409106,0.65271875,HOROZ
821.132,1.96736582,0.78008447,0.996343332,0.986262636,0.631788679,HOROZ
799.297,1.875041372,0.823306599,0.991268804,0.983990785,0.7046633,HOROZ
797.562,1.859674254,0.827702466,0.993846885,0.985348416,0.668624228,HOROZ
821.864,2.106846721,0.780965218,0.990519842,0.985561008,0.684885466,HOROZ
821.864,2.106846721,0.780965218,0.990519842,0.985561008,0.684885466,HOROZ
775.151,1.658288094,0.878262793,0.996569733,0.98886194,0.691783079,HOROZ
785.556,1.713619473,0.855313909,0.993873747,0.984275772,0.664042244,HOROZ
815.245,2.082792467,0.797063592,0.994974719,0.989902785,0.834045584,HOROZ
815.245,2.082792467,0.797063592,0.994974719,0.989902785,0.834045584,HOROZ
821.018,1.866806182,0.786453148,0.99352201,0.982875515,0.81751061,HOROZ
811.097,1.886157649,0.805943653,0.996098429,0.984851314,0.746514508,HOROZ
823.147,2.055269622,0.783762639,0.994567803,0.986737648,0.710658191,HOROZ
836.822,2.046269265,0.760383875,0.995468792,0.984296964,0.807412348,HOROZ
805.21,1.92796537,0.823818546,0.996969466,0.986675642,0.681737987,HOROZ
793.738,1.798682915,0.848741614,0.992733366,0.988041888,0.645323708,HOROZ
804.837,1.962350832,0.82669688,0.993957508,0.986709271,0.726308972,HOROZ
806.488,1.923609595,0.823856572,0.992679658,0.987929477,0.806132673,HOROZ
791.457,1.583951281,0.856008068,0.996393851,0.984313725,0.707135992,HOROZ
787.181,1.74619863,0.865799501,0.99043956,0.98721269,0.810498339,HOROZ
816.687,2.051914191,0.804689159,0.989322584,0.986032552,0.806229353,HOROZ
780.822,1.564091456,0.881628552,0.995263707,0.988217355,0.717107028,HOROZ
801.214,1.904394986,0.837439778,0.996770266,0.988150509,0.800763702,HOROZ
828.988,2.050383225,0.782960322,0.996193787,0.985817562,0.620442822,HOROZ
816.249,2.100137541,0.80832555,0.997201755,0.989129431,0.727561328,HOROZ
825.521,2.115099979,0.793183261,0.993647543,0.98597199,0.709959068,HOROZ
812.609,1.902067972,0.818856614,0.992879487,0.989172414,0.740500447,HOROZ
815.39,1.946704535,0.814603545,0.991539493,0.986021505,0.69766576,HOROZ
815.39,1.946704535,0.814603545,0.991539493,0.986021505,0.69766576,HOROZ
816.933,2.066293613,0.812037645,0.995442568,0.990332285,0.816656567,HOROZ
810.945,1.906772931,0.825201459,0.989442595,0.987379107,0.866194641,HOROZ
800.212,1.778917858,0.847623637,0.991877484,0.987990942,0.802705917,HOROZ
814.87,1.868094392,0.821680574,0.994458535,0.985764559,0.701331007,HOROZ
820.623,1.993061123,0.812346083,0.991464275,0.985377668,0.81696881,HOROZ
828.293,2.058753468,0.797755723,0.99213406,0.985696827,0.651791326,HOROZ
817.646,1.922895062,0.821279714,0.992603555,0.987144729,0.802914477,HOROZ
819.231,1.954750955,0.818554235,0.993344389,0.989385778,0.830569013,HOROZ
830.354,2.040928463,0.797245111,0.991636913,0.982679606,0.662331173,HOROZ
836.693,2.051566467,0.785264458,0.992274385,0.984339139,0.713777575,HOROZ
836.693,2.051566467,0.785264458,0.992274385,0.984339139,0.713777575,HOROZ
836.567,2.060536813,0.787045234,0.994490231,0.986740506,0.822502862,HOROZ
826.338,2.044572086,0.806871886,0.993728956,0.98672188,0.822619986,HOROZ
826.338,2.044572086,0.806871886,0.993728956,0.98672188,0.822619986,HOROZ
845.054,2.092993066,0.771597354,0.991428988,0.985835694,0.671382637,HOROZ
814.595,1.922104379,0.830814213,0.995034545,0.988686814,0.643505684,HOROZ
773.792,1.499551052,0.921058876,0.9970404,0.990274612,0.761870041,HOROZ
824.223,2.06146714,0.81238699,0.996648615,0.987587137,0.693412909,HOROZ
834.163,2.119220133,0.793249673,0.993303962,0.984445739,0.712681724,HOROZ
836.878,1.957438001,0.789080001,0.99507569,0.98281449,0.640285361,HOROZ
822.517,1.99287192,0.817655075,0.994585059,0.98803672,0.798853078,HOROZ
823.817,1.90300897,0.815243203,0.99346788,0.986025575,0.700920148,HOROZ
841.284,2.025282035,0.782540949,0.990924124,0.984563833,0.634194774,HOROZ
809.203,1.856988114,0.846701637,0.990399894,0.987245469,0.797368611,HOROZ
819.804,2.049008997,0.825581308,0.992685157,0.98962279,0.82604954,HOROZ
826.19,2.094287236,0.813181009,0.998777528,0.989626742,0.771007157,HOROZ
832.579,1.976204493,0.802325773,0.992867251,0.985504019,0.65856199,HOROZ
825.922,1.757589459,0.817724776,0.990633418,0.983842369,0.651342627,HOROZ
828.051,2.05305716,0.813708552,0.994927676,0.987741935,0.796109019,HOROZ
822.871,1.998137073,0.825711396,0.996806328,0.989832922,0.648590338,HOROZ
829.615,2.016164161,0.814422855,0.994751895,0.98633469,0.711283327,HOROZ
808.725,1.689039662,0.857847592,0.995081366,0.987154259,0.74552498,HOROZ
832.12,1.931099064,0.811414217,0.996928253,0.988415793,0.694103766,HOROZ
832.12,1.931099064,0.811414217,0.996928253,0.988415793,0.694103766,HOROZ
810.865,1.849903189,0.855045684,0.997713374,0.991621598,0.800981129,HOROZ
861.814,2.072057155,0.757765358,0.996561836,0.98636744,0.812919737,HOROZ
832.162,2.037519722,0.813800245,0.992406985,0.988755622,0.685613821,HOROZ
826.44,1.752175634,0.826175354,0.9942105,0.983098345,0.680281178,HOROZ
842.585,2.042813141,0.797047794,0.991864097,0.98700217,0.630760611,HOROZ
836.404,1.970990607,0.808907566,0.988259934,0.986527044,0.675963314,HOROZ
865.765,2.079843958,0.756145924,0.987482395,0.982250583,0.667189349,HOROZ
820.466,1.903130708,0.841983819,0.996150235,0.988689171,0.630349107,HOROZ
840.075,2.076904919,0.80361623,0.987724374,0.98580197,0.727039871,HOROZ
841.526,2.015742021,0.802249202,0.993731693,0.986342613,0.66336038,HOROZ
827.481,1.980616376,0.830007432,0.996979918,0.98848163,0.63087267,HOROZ
824.056,1.93482451,0.837106295,0.997003939,0.987189839,0.79261284,HOROZ
854.181,2.013017779,0.780152474,0.995219023,0.982858507,0.626731235,HOROZ
834.295,1.975469281,0.81908654,0.993023505,0.98656142,0.760484763,HOROZ
838.238,2.068906636,0.811971139,0.99496142,0.986999717,0.78572912,HOROZ
835.028,2.004925126,0.818334002,0.99613406,0.985972684,0.639085151,HOROZ
848.858,2.053148552,0.79300199,0.990598153,0.984391237,0.784469671,HOROZ
834.56,1.934331032,0.820442861,0.992437282,0.983327567,0.784071315,HOROZ
840.696,2.090227376,0.809434771,0.996743844,0.988513484,0.741691105,HOROZ
855.192,1.995870747,0.783618333,0.990496956,0.98435173,0.784416925,HOROZ
840.956,1.761783929,0.810817854,0.987682311,0.981206322,0.648775841,HOROZ
857.771,2.020643404,0.779733117,0.996467112,0.986665514,0.799684708,HOROZ
828.517,1.979160576,0.835768215,0.994429695,0.984877575,0.705898724,HOROZ
860.356,1.996417678,0.776175093,0.990737337,0.983691209,0.63690186,HOROZ
859.282,2.098319804,0.779563187,0.995573722,0.986050417,0.636357321,HOROZ
859.129,1.95613201,0.78002815,0.994496657,0.981617174,0.793103448,HOROZ
862.123,1.895617211,0.774636667,0.994495292,0.982059416,0.757932175,HOROZ
844.252,1.901965341,0.808607186,0.992166426,0.98180417,0.739551084,HOROZ
839.116,1.963722077,0.818946488,0.994022312,0.989071863,0.624567851,HOROZ
827.009,1.92296729,0.84348578,0.994909466,0.98960983,0.763834814,HOROZ
817.888,1.785165842,0.862535106,0.993560798,0.987907998,0.75955335,HOROZ
842.448,2.09057094,0.813030093,0.995686501,0.992156609,0.785406404,HOROZ
847.435,2.078704308,0.803909143,0.997079426,0.988318813,0.787959866,HOROZ
841.037,2.045756642,0.816648687,0.996516409,0.990817778,0.69270645,HOROZ
838.333,1.947578148,0.8219253,0.989936611,0.984367639,0.705030675,HOROZ
855.704,2.087811418,0.790592465,0.995689482,0.986677804,0.80413001,HOROZ
863.075,2.003439412,0.777163058,0.992127577,0.982427706,0.76550349,HOROZ
847.12,1.913313125,0.807273914,0.9931371,0.986412753,0.767335797,HOROZ
832.979,1.885781021,0.83569458,0.991302153,0.989853269,0.772966363,HOROZ
856.55,2.092626002,0.790350375,0.996086299,0.989577525,0.7664607,HOROZ
850.826,1.996215661,0.801645367,0.991400131,0.985047247,0.619084645,HOROZ
832.722,1.905462676,0.837769,0.996199439,0.98760922,0.636500069,HOROZ
855.563,2.064998698,0.793651366,0.988662395,0.986534645,0.823946674,HOROZ
848.807,2.073210494,0.80687633,0.994225796,0.986291148,0.795682835,HOROZ
832.69,1.924237125,0.838667074,0.993907452,0.98903565,0.801604074,HOROZ
842.976,1.831488834,0.818731829,0.993586611,0.98567201,0.639731384,HOROZ
879.449,2.005308274,0.752522675,0.989757944,0.980191315,0.716965944,HOROZ
844.864,2.060132795,0.817136497,0.995190174,0.988689132,0.777080194,HOROZ
849.522,1.973056221,0.809349432,0.990989999,0.98343348,0.733000063,HOROZ
853.266,2.060306571,0.802970074,0.989607184,0.98465511,0.738092972,HOROZ
840.976,1.917246983,0.827321454,0.99709096,0.988262761,0.811523982,HOROZ
852.78,2.086028588,0.804594028,0.995788299,0.98644154,0.690927707,HOROZ
864.954,2.069887193,0.783297084,0.995912655,0.984982575,0.655893108,HOROZ
844.028,1.946425081,0.823430602,0.994638603,0.986641867,0.757398754,HOROZ
862.883,2.112297656,0.788107968,0.996631556,0.988086925,0.778227755,HOROZ
862.883,2.112297656,0.788107968,0.996631556,0.988086925,0.778227755,HOROZ
854.757,1.859917802,0.804075551,0.996431873,0.985912226,0.671603839,HOROZ
845.203,2.040039916,0.822849045,0.996467418,0.990052278,0.821412893,HOROZ
845.203,2.040039916,0.822849045,0.996467418,0.990052278,0.821412893,HOROZ
851.033,2.019376373,0.812463994,0.993829728,0.987015724,0.810138408,HOROZ
854.53,1.795838176,0.806258119,0.990197779,0.98362411,0.717286464,HOROZ
867.433,2.018504594,0.782650867,0.997707938,0.985800833,0.700702751,HOROZ
867.433,2.018504594,0.782650867,0.997707938,0.985800833,0.700702751,HOROZ
846.659,1.92177498,0.82159911,0.991036573,0.986071662,0.779039229,HOROZ
834.759,1.821327148,0.845641718,0.994623685,0.987075317,0.712254693,HOROZ
859.393,2.114383976,0.798979859,0.994186073,0.986139695,0.819940632,HOROZ
860.88,2.05614939,0.796425556,0.995571356,0.988946205,0.783290253,HOROZ
847.653,2.000892582,0.822034406,0.994645197,0.987229574,0.70177377,HOROZ
855.838,2.079772525,0.80710674,0.992377753,0.989025775,0.621699485,HOROZ
844.194,1.952054377,0.830318682,0.989625827,0.988766168,0.817602528,HOROZ
874.362,2.061269082,0.774043249,0.991636072,0.984158499,0.706806754,HOROZ
888.678,2.105538075,0.749798765,0.995216771,0.985176977,0.761235501,HOROZ
860.849,1.996110735,0.799891328,0.989790924,0.983528283,0.80899705,HOROZ
850.406,2.016228437,0.819813696,0.996586637,0.988497559,0.71003958,HOROZ
850.406,2.016228437,0.819813696,0.996586637,0.988497559,0.71003958,HOROZ
868.831,2.111424114,0.785511253,0.99673125,0.98602027,0.722326827,HOROZ
841.035,1.907056415,0.838948494,0.997247646,0.991371709,0.632236384,HOROZ
848.013,1.994554041,0.825914931,0.992088493,0.989449004,0.650347437,HOROZ
861.047,2.080614619,0.801557433,0.99664987,0.988338314,0.772123171,HOROZ
842.469,1.908326516,0.838131013,0.993132601,0.990376166,0.700276631,HOROZ
828.258,1.73381767,0.867248452,0.991367132,0.983812314,0.747611603,HOROZ
853.387,1.799194839,0.816977855,0.994312195,0.988393211,0.824013645,HOROZ
860.079,1.977933362,0.804534866,0.995459472,0.986132512,0.802902384,HOROZ
861.338,2.060405622,0.802201579,0.989659132,0.985927514,0.734461262,HOROZ
855.614,2.071746455,0.813142485,0.997025969,0.990155094,0.618872805,HOROZ
871.679,1.99507188,0.784719796,0.987563402,0.987533041,0.634755853,HOROZ
850.356,1.918486427,0.824845555,0.993185873,0.988750937,0.723536585,HOROZ
880.635,2.103751049,0.769163937,0.993498308,0.987456055,0.64215368,HOROZ
868.421,1.943802052,0.791518601,0.991567206,0.987382818,0.822089924,HOROZ
862.817,1.931371788,0.803099825,0.995926188,0.984745622,0.780334591,HOROZ
853.375,1.956113103,0.821383754,0.992925827,0.98767507,0.71117386,HOROZ
843.392,1.807250606,0.841809485,0.994534298,0.987441976,0.759168977,HOROZ
842.141,1.894256529,0.844578143,0.996098067,0.989783417,0.656407078,HOROZ
852.181,1.966965199,0.824829129,0.995179607,0.987794264,0.628421136,HOROZ
856.953,2.028346714,0.816250275,0.992902711,0.989072738,0.825276817,HOROZ
856.321,1.993705985,0.817541257,0.995242861,0.987579183,0.684251291,HOROZ
863.9,2.007510754,0.803630021,0.99783214,0.989222351,0.780481423,HOROZ
867.449,2.011985304,0.797451783,0.997157705,0.987406948,0.782546706,HOROZ
853.234,2.0161289,0.824555148,0.995509474,0.986820088,0.782841691,HOROZ
852.11,1.913126725,0.82683573,0.996744916,0.986516065,0.794079516,HOROZ
865.333,1.870535367,0.802061415,0.991814529,0.986236071,0.685499139,HOROZ
863.33,2.106180759,0.805922315,0.996798937,0.98819565,0.791826796,HOROZ
847.48,1.922885559,0.836384741,0.994836972,0.989751128,0.618488808,HOROZ
849.353,1.975706032,0.832752262,0.994930958,0.987258121,0.810614667,HOROZ
851.869,1.903996358,0.828688965,0.989372445,0.98800479,0.781025591,HOROZ
858.581,1.954622304,0.816447807,0.989922534,0.983106513,0.67503876,HOROZ
865.459,1.936548641,0.803706927,0.994664197,0.985375185,0.664802454,HOROZ
856.122,1.939610494,0.821761855,0.994701378,0.986457562,0.70969557,HOROZ
871.576,2.088690031,0.794185582,0.99249138,0.987250406,0.826089201,HOROZ
863.671,2.057325203,0.808908069,0.991069161,0.986400427,0.746796068,HOROZ
859.196,1.903801915,0.817832809,0.99146942,0.983661603,0.73863846,HOROZ
852.256,1.91538552,0.831604339,0.996685083,0.987285873,0.638170473,HOROZ
861.472,1.948192951,0.81439761,0.995829201,0.988307819,0.708805541,HOROZ
854.778,1.99079479,0.827271892,0.996043741,0.990465993,0.827370304,HOROZ
864.078,2.093436986,0.810670836,0.997134409,0.986442205,0.719647393,HOROZ
863.116,2.104122836,0.812681356,0.996802772,0.988266667,0.79575185,HOROZ
863.853,2.018265209,0.811429978,0.990190615,0.984754353,0.69837819,HOROZ
872.255,2.116054831,0.796219912,0.994906397,0.987767396,0.704863142,HOROZ
862.09,2.043640077,0.815259424,0.993363687,0.986981086,0.634771848,HOROZ
860.795,1.937315908,0.817951691,0.992871075,0.98565356,0.664416586,HOROZ
879.325,2.089763972,0.783890313,0.994690293,0.987228033,0.767625808,HOROZ
852.728,1.80596154,0.833570038,0.99633682,0.986703216,0.806588629,HOROZ
869.941,1.909536911,0.80178973,0.99367613,0.985428869,0.665110193,HOROZ
856.955,1.713873229,0.826325272,0.994595555,0.982582509,0.74611415,HOROZ
876.469,2.081843163,0.790495896,0.996354024,0.986344988,0.65172358,HOROZ
869.579,1.926728013,0.803255117,0.997547447,0.986509103,0.642223167,HOROZ
870.465,2.020007154,0.802400248,0.992731682,0.983953957,0.781653392,HOROZ
866.233,1.970254212,0.81036017,0.992037476,0.987711778,0.621825846,HOROZ
859.905,1.985791791,0.822466814,0.988190239,0.990300798,0.81796978,HOROZ
861.023,1.884014778,0.820332328,0.993620209,0.988843938,0.704413135,HOROZ
861.023,1.884014778,0.820332328,0.993620209,0.988843938,0.704413135,HOROZ
864.977,2.04230749,0.812983997,0.99489593,0.98632705,0.790295193,HOROZ
870.972,2.066809518,0.802029575,0.99346223,0.986009001,0.619764465,HOROZ
892.167,1.999822566,0.764453913,0.996429963,0.985288133,0.79968621,HOROZ
858.834,1.994650183,0.824979388,0.995667561,0.98816399,0.731476306,HOROZ
864.145,2.045491679,0.814970939,0.9977436,0.989396911,0.675382813,HOROZ
834.961,1.722446319,0.873063342,0.997705478,0.987844673,0.702459682,HOROZ
875.858,1.99472758,0.794351204,0.997142126,0.987194886,0.617543681,HOROZ
875.414,1.999230086,0.796321417,0.992415454,0.985090673,0.680497169,HOROZ
862.362,1.935644623,0.821301572,0.996922167,0.989515259,0.623415936,HOROZ
868.202,1.867919571,0.810373045,0.994213387,0.986103785,0.767732765,HOROZ
863.612,1.966268129,0.819414393,0.992191596,0.988515793,0.747693869,HOROZ
861.054,1.877761468,0.824425814,0.988088943,0.985972878,0.796662081,HOROZ
874.501,1.988495843,0.800006173,0.995573069,0.986305255,0.648161461,HOROZ
863.324,1.994244223,0.821647206,0.99042073,0.991314076,0.6942814,HOROZ
866.023,1.766967561,0.816718093,0.993155379,0.986201594,0.81763285,HOROZ
869.301,2.058257805,0.810586899,0.990877685,0.98740049,0.816718048,HOROZ
865.973,1.907546752,0.816845922,0.992486757,0.986062506,0.667406008,HOROZ
864.474,1.949742633,0.820034326,0.993733654,0.988727369,0.616632527,HOROZ
864.715,2.035747456,0.819930221,0.994017407,0.987751301,0.76372061,HOROZ
880.975,1.934802101,0.79080106,0.997229615,0.986467654,0.626890001,HOROZ
874.559,1.959688136,0.80246311,0.99604786,0.986448004,0.618683894,HOROZ
863.902,1.987764992,0.822669657,0.994332616,0.988228393,0.802598725,HOROZ
871.136,2.048306972,0.809146121,0.995691645,0.985320213,0.625571302,HOROZ
869.699,1.979102069,0.812038208,0.995648295,0.987933056,0.734650013,HOROZ
869.441,1.986070059,0.813268282,0.990964781,0.990123457,0.634427845,HOROZ
897.999,2.024414945,0.762878214,0.991500281,0.981081785,0.690966831,HOROZ
885.222,2.053832912,0.785123552,0.996020141,0.986122301,0.709550725,HOROZ
871.941,2.095154112,0.809454374,0.996886922,0.98845494,0.783881553,HOROZ
868.685,1.985697658,0.815833479,0.996020509,0.986866225,0.652456484,HOROZ
877.282,2.014987513,0.800020133,0.996277929,0.987623712,0.786342481,HOROZ
875.33,1.99247321,0.803805438,0.996122982,0.987408079,0.783407928,HOROZ
869.585,1.958469732,0.815990244,0.992480433,0.988763592,0.619693069,HOROZ
865.13,1.973960215,0.825758979,0.994410026,0.987768874,0.655497801,HOROZ
892.285,2.055036545,0.776957435,0.989319446,0.984697246,0.692008154,HOROZ
869.377,2.006168329,0.818891305,0.998130004,0.988321461,0.781942592,HOROZ
876.188,1.958208962,0.806700635,0.996923941,0.989121927,0.625927149,HOROZ
897.953,2.069204595,0.76839549,0.991223059,0.985902538,0.686407997,HOROZ
874.398,1.957298827,0.810631408,0.993821488,0.987150491,0.711240897,HOROZ
856.83,1.88087348,0.845326314,0.996565774,0.989679566,0.800797782,HOROZ
893.018,2.096119475,0.778219456,0.990275261,0.987660987,0.715173193,HOROZ
869.202,2.02837559,0.821483156,0.992682775,0.985749356,0.820360773,HOROZ
883.377,2.055867031,0.795379331,0.990441486,0.986084769,0.637233905,HOROZ
867.521,1.869402883,0.825204143,0.991468442,0.987926037,0.650259204,HOROZ
869.599,2.065682985,0.822012826,0.995527405,0.990449112,0.81928549,HOROZ
884.308,1.957850634,0.794926744,0.99323041,0.986597527,0.641974668,HOROZ
863.893,1.802048995,0.832974803,0.992143116,0.98742515,0.826179899,HOROZ
873.311,2.010030518,0.81530339,0.993574959,0.988157763,0.637539619,HOROZ
873.331,1.955159869,0.815414332,0.992703929,0.990830647,0.726612051,HOROZ
876.898,2.073237142,0.80890842,0.993027545,0.987254922,0.683825155,HOROZ
866.919,1.952878495,0.827888905,0.992484501,0.98980469,0.827865837,HOROZ
864.968,1.903635239,0.831711828,0.996125394,0.987732631,0.807020975,HOROZ
872.835,2.027183714,0.817199062,0.996310303,0.988862498,0.752658605,HOROZ
873.189,1.972250792,0.816833259,0.992380053,0.98943901,0.735370052,HOROZ
865.194,1.724907217,0.832049596,0.996606949,0.9852111,0.70919185,HOROZ
880.556,1.930955759,0.803417162,0.993152162,0.989797141,0.617024719,HOROZ
888.851,2.083510217,0.788507622,0.998322828,0.988081001,0.616714769,HOROZ
861.263,1.929872263,0.840373777,0.996503832,0.989902618,0.817259218,HOROZ
880.815,1.862569206,0.804029962,0.993748254,0.985155196,0.67111009,HOROZ
883.827,2.101162903,0.800007013,0.995126781,0.986686772,0.674725931,HOROZ
879.912,2.107664856,0.807141806,0.997198762,0.989395778,0.789365079,HOROZ
879.912,2.107664856,0.807141806,0.997198762,0.989395778,0.789365079,HOROZ
880.74,2.008282052,0.805689701,0.997356081,0.986707404,0.748645231,HOROZ
874.464,2.059141081,0.817378186,0.992561898,0.990382701,0.745823962,HOROZ
888.391,2.112754811,0.792333682,0.998196633,0.988400501,0.68822781,HOROZ
878.701,2.07727344,0.811142099,0.997803593,0.990736507,0.660294118,HOROZ
895.969,1.968642424,0.781523372,0.996422023,0.98455865,0.61960906,HOROZ
912.073,2.016466254,0.754274849,0.989996277,0.984929777,0.846362465,HOROZ
878.258,1.998139753,0.813752682,0.995950081,0.990089001,0.618502192,HOROZ
894.418,1.986188809,0.786089761,0.991200835,0.984168502,0.622425373,HOROZ
883.56,1.993714939,0.80718683,0.989001362,0.983312744,0.776951442,HOROZ
866.456,1.888691502,0.839453094,0.994650936,0.990539206,0.836686687,HOROZ
895.924,2.064952022,0.785233963,0.993167886,0.985828845,0.674570299,HOROZ
872.199,1.971911862,0.828748578,0.997677447,0.988435093,0.769053897,HOROZ
880.94,2.081632137,0.812562013,0.996686551,0.989295008,0.743973314,HOROZ
880.94,2.081632137,0.812562013,0.996686551,0.989295008,0.743973314,HOROZ
891.424,1.792278551,0.793640462,0.99210219,0.982882883,0.722912045,HOROZ
883.41,2.105177499,0.808153363,0.998091952,0.988225333,0.642715363,HOROZ
880.335,2.027094117,0.813825179,0.992714703,0.986399906,0.771963824,HOROZ
877.944,1.962138883,0.818769375,0.996005599,0.988407794,0.630790293,HOROZ
890.069,1.959713536,0.797026297,0.99158772,0.983153322,0.723030434,HOROZ
872.982,1.952378543,0.828631196,0.996428142,0.988084705,0.641604106,HOROZ
886.381,2.068284638,0.804104381,0.996175671,0.987973116,0.714626866,HOROZ
882.9,2.026368332,0.810522031,0.990121479,0.986520161,0.757609547,HOROZ
895.206,2.079482639,0.788720713,0.99034749,0.986951574,0.667990279,HOROZ
891.244,2.043627756,0.795764592,0.993304387,0.986642082,0.687618761,HOROZ
875.033,2.050114076,0.826540177,0.995878769,0.990851319,0.815248887,HOROZ
898.204,2.020602423,0.784445657,0.994319546,0.987103097,0.747299383,HOROZ
883.245,1.919256097,0.811789736,0.994505485,0.98487395,0.707908414,HOROZ
882.28,1.944517546,0.814018526,0.991182654,0.984497638,0.68682576,HOROZ
882.89,1.975522874,0.812926326,0.990704647,0.987563894,0.735094318,HOROZ
885.061,2.021363027,0.809857505,0.996445483,0.987886971,0.694783925,HOROZ
909.986,2.003655577,0.766373396,0.994527054,0.984924133,0.622362713,HOROZ
885.288,2.011553868,0.810083599,0.99423338,0.988282931,0.806329599,HOROZ
887.768,2.057895455,0.805850948,0.997227513,0.989021956,0.616564193,HOROZ
893.526,2.096272803,0.79559283,0.98925592,0.985225612,0.804901352,HOROZ
883.651,2.060902737,0.813892477,0.988711457,0.988642139,0.802644109,HOROZ
871.252,1.867054668,0.837338602,0.989918273,0.986003353,0.793486446,HOROZ
883.694,1.903442755,0.814086834,0.996315236,0.98746877,0.720932552,HOROZ
900.818,2.085828399,0.784111801,0.993365434,0.985231452,0.628174431,HOROZ
892.392,2.069037317,0.798988934,0.99427347,0.985078111,0.718895972,HOROZ
888.595,2.001419788,0.805943147,0.996733479,0.988387072,0.623365913,HOROZ
899.083,2.103491399,0.787343085,0.990401041,0.984756275,0.731343499,HOROZ
879.938,1.969231809,0.822090186,0.995211488,0.988351447,0.634857372,HOROZ
882.366,1.899298854,0.817749676,0.992649815,0.985757924,0.635903808,HOROZ
854.937,1.668715763,0.871630594,0.995595357,0.989982621,0.801714186,HOROZ
895.149,2.013490396,0.795251045,0.995952143,0.986575614,0.668419804,HOROZ
894.442,2.063812685,0.796508734,0.991993083,0.986518034,0.626222584,HOROZ
881.294,1.908558709,0.821422976,0.993929553,0.988993649,0.749844918,HOROZ
907.117,2.060517393,0.775504819,0.989215874,0.984013487,0.630483096,HOROZ
877.97,2.009555866,0.827980623,0.994962309,0.989229091,0.718525854,HOROZ
889.827,2.077956861,0.806188817,0.994447754,0.989789755,0.801720328,HOROZ
887.371,2.057029576,0.811216169,0.992837779,0.987316694,0.804431081,HOROZ
898.973,2.016161939,0.790427986,0.993837399,0.985059298,0.809004679,HOROZ
923.618,1.976499934,0.748852801,0.995321247,0.983840065,0.804761829,HOROZ
893.015,2.031186807,0.801356963,0.991347196,0.985657525,0.720826069,HOROZ
876.799,1.926693135,0.832138868,0.994780596,0.986761257,0.681992337,HOROZ
888.698,1.988908044,0.811134307,0.994748417,0.986397585,0.681993311,HOROZ
889.65,1.882508145,0.80963743,0.994996857,0.984668263,0.66262117,HOROZ
878.96,1.880435151,0.829629895,0.990464306,0.984006637,0.793728603,HOROZ
883.527,2.003111464,0.821155746,0.99255413,0.987589785,0.796110747,HOROZ
893.291,2.014674462,0.803586244,0.998301542,0.985800668,0.627558048,HOROZ
899.916,2.010483736,0.791860184,0.993116453,0.987747992,0.774902818,HOROZ
891.23,2.023791171,0.807370467,0.997962046,0.987365773,0.682830229,HOROZ
899.018,1.893108752,0.793784956,0.989235312,0.982355544,0.678224135,HOROZ
905.379,2.031362883,0.783452053,0.994281613,0.986640153,0.643388601,HOROZ
887.937,2.092896854,0.814549438,0.997533948,0.991964286,0.689801317,HOROZ
890.593,1.919438007,0.809761623,0.993337263,0.987346663,0.638555722,HOROZ
894.887,2.002989192,0.802087653,0.992322691,0.988206863,0.630240185,HOROZ
898.581,2.088305545,0.795568814,0.993590098,0.988609113,0.64423804,HOROZ
898.62,2.086147657,0.795779871,0.994993601,0.987658375,0.705775999,HOROZ
898.882,1.9564661,0.795393805,0.996688561,0.9883276,0.783629315,HOROZ
898.882,1.9564661,0.795393805,0.996688561,0.9883276,0.783629315,HOROZ
891.169,2.068217469,0.809269001,0.993600482,0.984106521,0.81649106,HOROZ
882.105,2.019342947,0.826744651,0.997328012,0.990844866,0.801089151,HOROZ
882.113,1.927534727,0.826971899,0.993284341,0.987694088,0.735415769,HOROZ
894.249,1.829107595,0.804866836,0.996981889,0.985871846,0.649657534,HOROZ
893.525,2.023523442,0.807053112,0.995357498,0.988148005,0.622027853,HOROZ
900.429,1.9664091,0.794801966,0.993018032,0.98691301,0.79102843,HOROZ
914.188,2.008516043,0.771238081,0.989460239,0.983849311,0.6318305,HOROZ
888.972,2.059419118,0.815786401,0.994141687,0.987165673,0.669682018,HOROZ
907.517,2.049993029,0.782816584,0.987803279,0.984835397,0.739851467,HOROZ
891.313,2.015070835,0.811712397,0.991214697,0.98849999,0.676965292,HOROZ
885.452,1.964594888,0.822509792,0.993452214,0.989453185,0.769774244,HOROZ
886.079,1.850049036,0.821378179,0.997938119,0.98836739,0.822736309,HOROZ
906.253,1.997233873,0.785261892,0.993827811,0.986771775,0.72694051,HOROZ
905.853,2.040137904,0.786169944,0.990252786,0.988999557,0.819409417,HOROZ
889.001,1.981094173,0.816305589,0.996766956,0.988086531,0.637593145,HOROZ
899.321,2.050371882,0.798315377,0.989203537,0.985858741,0.783088459,HOROZ
888.765,1.976550281,0.817645964,0.992465564,0.986904259,0.695292208,HOROZ
894.879,2.088144959,0.80662132,0.994541839,0.986811288,0.623044011,HOROZ
910.152,2.08367304,0.780004644,0.99699609,0.989721281,0.642468013,HOROZ
905.432,1.957878097,0.788495366,0.993438643,0.984818027,0.800834462,HOROZ
891.79,1.969870362,0.81300903,0.994770336,0.98636991,0.708875234,HOROZ
899.728,2.103574579,0.799114585,0.99589131,0.986622202,0.787908472,HOROZ
908.819,1.99725913,0.783298599,0.996835204,0.980031599,0.688629402,HOROZ
867.948,1.836181681,0.85893878,0.996493096,0.990402185,0.704019688,HOROZ
905.407,1.910609183,0.789473997,0.993597881,0.982599737,0.630830475,HOROZ
889.324,1.912256658,0.818429714,0.997347243,0.987235511,0.770692441,HOROZ
894.44,1.849578652,0.809423872,0.991533648,0.982684643,0.647114225,HOROZ
890.528,2.009385541,0.816883689,0.9962979,0.988002606,0.705505604,HOROZ
911.958,2.03016691,0.779381238,0.996803189,0.984595709,0.79175109,HOROZ
904.819,2.042510944,0.792280926,0.994630454,0.984230799,0.623055103,HOROZ
893.914,1.957210821,0.81210658,0.990181722,0.988325582,0.626543884,HOROZ
906.338,2.050776628,0.790132293,0.993235002,0.985875167,0.668046304,HOROZ
889.077,1.971997802,0.821157878,0.994812582,0.988422825,0.726412308,HOROZ
908.268,1.988870315,0.786915015,0.992422086,0.985238304,0.618389236,HOROZ
899.975,2.0494098,0.802306494,0.991694503,0.987907154,0.736155795,HOROZ
900.249,1.999259075,0.801988748,0.992653333,0.985537899,0.722711268,HOROZ
910.478,2.09721243,0.784175789,0.991270155,0.987854715,0.77756734,HOROZ
915.659,2.051217236,0.776031251,0.998162343,0.984596954,0.687353972,HOROZ
911.459,2.096811161,0.784636635,0.991612597,0.986103454,0.629690326,HOROZ
905.698,1.991442497,0.795017945,0.997068048,0.98800594,0.751418974,HOROZ
908.476,2.022993517,0.79026984,0.995045977,0.986542738,0.708824975,HOROZ
908.476,2.022993517,0.79026984,0.995045977,0.986542738,0.708824975,HOROZ
880.623,1.880331533,0.841261549,0.99641246,0.98887619,0.654018644,HOROZ
887.04,1.976133992,0.829501239,0.995691316,0.988749286,0.817705217,HOROZ
884.45,1.78014012,0.834446853,0.99380034,0.987284511,0.653679654,HOROZ
904.803,1.88856462,0.797681365,0.99488423,0.986147219,0.628759831,HOROZ
900.011,2.035352661,0.806213809,0.996273251,0.987853328,0.682621831,HOROZ
913.367,1.995472848,0.782958595,0.994121742,0.98480485,0.68201858,HOROZ
895.263,1.939574199,0.815101518,0.99236612,0.986676789,0.73533239,HOROZ
897.688,1.919430727,0.810890791,0.992994633,0.987766887,0.704826708,HOROZ
905.142,2.022776114,0.797651487,0.99009445,0.985465502,0.639183874,HOROZ
906.761,2.111318359,0.79543228,0.995748007,0.987308874,0.672502907,HOROZ
888.297,2.016741221,0.829480425,0.997833115,0.992397683,0.806281831,HOROZ
895.765,2.020094046,0.815989209,0.995362331,0.988971984,0.822254837,HOROZ
895.706,1.995298515,0.816519615,0.994522365,0.991422757,0.827617959,HOROZ
904.977,2.077477123,0.800197925,0.997646715,0.991313108,0.811676083,HOROZ
909.777,1.959114131,0.791806847,0.995155833,0.983109955,0.758081865,HOROZ
894.114,2.043708125,0.820042925,0.997711304,0.991956952,0.700631211,HOROZ
913.614,2.08329854,0.785817316,0.995087734,0.986617269,0.674305941,HOROZ
889.797,1.943905831,0.828559024,0.994968236,0.988300108,0.752812067,HOROZ
897.475,1.994049554,0.814458435,0.992707762,0.986302405,0.643961168,HOROZ
900.059,2.030815116,0.809928261,0.995555093,0.988021799,0.620851615,HOROZ
892.863,2.008804501,0.823430127,0.995588657,0.989824728,0.772522922,HOROZ
903.64,2.003442886,0.804337347,0.992449313,0.985314356,0.733990563,HOROZ
886.528,1.931859793,0.835688093,0.994289843,0.989848869,0.818600426,HOROZ
901.21,2.103268474,0.808680785,0.9979866,0.988837596,0.761573096,HOROZ
895.603,1.998453837,0.818916447,0.997034334,0.987829538,0.723053727,HOROZ
896.732,1.862019637,0.817512034,0.998228338,0.985457285,0.785197526,HOROZ
896.732,1.862019637,0.817512034,0.998228338,0.985457285,0.785197526,HOROZ
892.41,1.964366455,0.825544412,0.995963323,0.988867468,0.757543728,HOROZ
897.233,2.006239244,0.816692978,0.997435773,0.98568172,0.743547837,HOROZ
894.691,1.864273632,0.822423565,0.99331966,0.988396883,0.790440123,HOROZ
904.806,1.925585006,0.804291781,0.997758969,0.988119484,0.673842593,HOROZ
931.312,2.082674693,0.759233945,0.991872393,0.984704136,0.739090576,HOROZ
903.773,2.040644386,0.806423731,0.996618352,0.987211843,0.724151746,HOROZ
902.449,2.066285707,0.808915146,0.992595651,0.987902086,0.797945205,HOROZ
902.771,1.971916715,0.808338202,0.995818113,0.987957938,0.813699013,HOROZ
915.701,2.117951072,0.785851206,0.997440216,0.990723247,0.641376274,HOROZ
901.308,2.046360021,0.811242958,0.993401413,0.988595235,0.721203036,HOROZ
899.967,2.041211658,0.813941625,0.995349001,0.988543217,0.748929306,HOROZ
903.657,1.985397432,0.807323274,0.995569323,0.987557179,0.809623754,HOROZ
903.657,1.985397432,0.807323274,0.995569323,0.987557179,0.809623754,HOROZ
925.347,2.1155784,0.770286651,0.993999935,0.985116366,0.620237758,HOROZ
895.985,1.815524956,0.821834244,0.992070164,0.986008601,0.662076445,HOROZ
907.578,1.904334207,0.80164411,0.995680376,0.987298486,0.701062013,HOROZ
903.642,1.966251354,0.809366067,0.99444978,0.987532155,0.701464469,HOROZ
909.269,2.079852996,0.799698746,0.991017959,0.987370278,0.803021978,HOROZ
909.85,2.067451815,0.799148328,0.99591472,0.987581368,0.741980494,HOROZ
907.204,2.09314078,0.804458087,0.995074655,0.988684556,0.786654921,HOROZ
908.744,2.107469677,0.801809937,0.995630395,0.988444511,0.703497997,HOROZ
915.674,2.075853686,0.790483714,0.992807684,0.986828073,0.678488731,HOROZ
916.801,1.917010713,0.788661071,0.994818322,0.984454315,0.637281788,HOROZ
914.255,1.992232816,0.793225058,0.996550157,0.987959929,0.633032586,HOROZ
908.251,2.077671657,0.803777429,0.996814706,0.989349734,0.82112733,HOROZ
903.547,1.936547443,0.812291523,0.995575688,0.986300346,0.642957223,HOROZ
899.388,1.987523453,0.820737955,0.995735639,0.989752332,0.801927747,HOROZ
902.318,2.008671818,0.815925757,0.997664198,0.990222156,0.704928526,HOROZ
937.519,2.055485639,0.755947917,0.996287604,0.986749776,0.776782041,HOROZ
899.466,2.092850718,0.821372239,0.997344918,0.991841098,0.700884041,HOROZ
905.424,2.068533416,0.810597983,0.995603063,0.990911817,0.811605992,HOROZ
905.99,2.110237117,0.809677346,0.997224313,0.989281706,0.768527668,HOROZ
913.542,1.978937308,0.796722357,0.98975595,0.985179117,0.692728653,HOROZ
901.041,1.965030183,0.819122395,0.996454651,0.986595824,0.641653329,HOROZ
905.863,2.07865628,0.810654771,0.997077948,0.989217573,0.628395062,HOROZ
942.553,2.025645507,0.748941445,0.99518481,0.98368818,0.626099707,HOROZ
919.804,2.067593037,0.786683521,0.994668691,0.989315601,0.824470735,HOROZ
900.713,2.034891647,0.820540023,0.996225117,0.989927681,0.745587614,HOROZ
917.359,2.001631581,0.791166258,0.994445247,0.986666418,0.795540541,HOROZ
916.034,2.006434873,0.793561513,0.99654361,0.987182831,0.64300449,HOROZ
900.505,1.975695642,0.821306542,0.997438657,0.989045646,0.793707132,HOROZ
901.15,1.887769989,0.820270529,0.993107195,0.987536561,0.619585291,HOROZ
903.591,2.078675997,0.815860078,0.995365391,0.988568125,0.763246559,HOROZ
910.442,2.080115684,0.803900601,0.994749754,0.988498248,0.625318396,HOROZ
896.923,1.900970451,0.828551358,0.992534946,0.984757626,0.811536108,HOROZ
899.852,1.986510273,0.823337011,0.994384309,0.99153366,0.697606838,HOROZ
917.041,2.106043977,0.794359933,0.996827915,0.990940611,0.652606251,HOROZ
907.287,1.965817606,0.81169957,0.992295534,0.986474954,0.752650577,HOROZ
876.633,1.607716913,0.869507965,0.994983586,0.988768641,0.714589045,HOROZ
904.614,1.914136344,0.816549629,0.989396056,0.987483286,0.762154569,HOROZ
911.324,2.02491117,0.804645182,0.993556512,0.989487199,0.670698331,HOROZ
904.656,1.951029728,0.816811616,0.996471198,0.989122553,0.774593745,HOROZ
909.526,2.097807246,0.808422098,0.995171801,0.98861251,0.809990563,HOROZ
919.697,2.030552522,0.790759019,0.989978661,0.986726484,0.627265656,HOROZ
900.495,1.876519589,0.825307509,0.990456247,0.988969359,0.812175929,HOROZ
913.484,1.981145302,0.802380455,0.993292942,0.986612103,0.65956525,HOROZ
904.92,1.933037082,0.8177776,0.995800424,0.98780307,0.809337221,HOROZ
913.497,2.045208594,0.802734093,0.989810783,0.988044707,0.707341994,HOROZ
917.32,2.068742718,0.796340867,0.989539465,0.984673622,0.703969689,HOROZ
922.495,1.991896292,0.787962922,0.988451557,0.982815781,0.696709753,HOROZ
912.246,2.077174584,0.805858365,0.996472175,0.988094797,0.632055807,HOROZ
904.541,2.031048368,0.820275359,0.996144485,0.988982094,0.817498584,HOROZ
918.473,1.981340873,0.795966449,0.997395354,0.986868594,0.815736444,HOROZ
918.473,1.981340873,0.795966449,0.997395354,0.986868594,0.815736444,HOROZ
899.337,1.781647458,0.830805746,0.993176003,0.986259176,0.82458981,HOROZ
918.605,2.108957627,0.796586553,0.988283494,0.98677317,0.681631093,HOROZ
917.24,2.06192971,0.799018959,0.995789967,0.986901577,0.632134332,HOROZ
921.825,2.05070082,0.79123824,0.991770957,0.984452622,0.753061224,HOROZ
913.333,2.046446447,0.806065407,0.994173141,0.988326561,0.625531915,HOROZ
905.381,1.903881639,0.820838888,0.99133507,0.983072008,0.649679674,HOROZ
906.878,1.95759717,0.81840621,0.992011588,0.98446891,0.685426904,HOROZ
927.901,2.077501168,0.781916994,0.992950675,0.989801574,0.824735602,HOROZ
917.898,1.919548101,0.799529365,0.99228353,0.987255516,0.715892094,HOROZ
913.513,2.044024302,0.807810789,0.989130368,0.987101167,0.823281154,HOROZ
914.023,2.084254184,0.807180318,0.993514499,0.98801414,0.63802492,HOROZ
916.002,1.976742227,0.804340298,0.995666443,0.985738671,0.619632185,HOROZ
909.042,1.99922687,0.817008309,0.992348825,0.985526919,0.742482034,HOROZ
899.51,1.821103556,0.834928054,0.993956471,0.987871883,0.790806119,HOROZ
922.914,1.972459241,0.793178421,0.991689576,0.984309777,0.630917455,HOROZ
888.483,1.843808594,0.856036018,0.995360222,0.991353882,0.643819216,HOROZ
913.861,2.023583711,0.809392535,0.995252091,0.98680976,0.783794023,HOROZ
927.771,2.049265453,0.785420949,0.990196986,0.98505905,0.734788369,HOROZ
903.458,1.976697317,0.828447499,0.996254461,0.988573108,0.638713813,HOROZ
920.997,2.098248873,0.797268944,0.995183316,0.987431423,0.805725237,HOROZ
918.433,2.10298359,0.803410071,0.994716354,0.989414009,0.823469232,HOROZ
915.794,1.925965735,0.808077007,0.994975883,0.986825493,0.647399885,HOROZ
927.991,2.079111868,0.787354167,0.992268597,0.990745671,0.640971727,HOROZ
924.848,1.932803616,0.793023267,0.99083633,0.982329069,0.627271882,HOROZ
924.848,1.932803616,0.793023267,0.99083633,0.982329069,0.627271882,HOROZ
923.47,1.935435028,0.796261121,0.992339462,0.985734873,0.785649898,HOROZ
902.148,1.861006263,0.834391023,0.994678569,0.988223246,0.660748783,HOROZ
907.42,1.921517838,0.824861119,0.991181361,0.986277623,0.756395544,HOROZ
914.723,2.027171577,0.812238198,0.987974706,0.984400881,0.720248242,HOROZ
948.654,2.105143789,0.755257597,0.995563622,0.984796897,0.690038783,HOROZ
919.682,2.068441347,0.803963075,0.994000847,0.987067236,0.816923309,HOROZ
914.857,1.932144127,0.812480732,0.995964259,0.987607906,0.677271589,HOROZ
919.075,1.865499631,0.80532291,0.992376631,0.986838028,0.66732002,HOROZ
940.116,2.115766255,0.769919708,0.993450118,0.986842105,0.774611621,HOROZ
933.472,2.092342611,0.780976226,0.995652877,0.989204494,0.698851465,HOROZ
935.38,2.061979276,0.778252989,0.995273372,0.987246292,0.813457035,HOROZ
919.972,2.000291634,0.804555027,0.992171067,0.988308893,0.759240577,HOROZ
919.972,2.000291634,0.804555027,0.992171067,0.988308893,0.759240577,HOROZ
918.682,2.056304299,0.806935218,0.997136937,0.988148418,0.800375118,HOROZ
922.349,2.087238863,0.800915732,0.996918626,0.987578092,0.672566921,HOROZ
907.212,1.967173698,0.827911363,0.996538394,0.989543223,0.807710068,HOROZ
922.242,2.052523256,0.80169258,0.995094015,0.987641063,0.708997544,HOROZ
905.389,1.772791828,0.831907903,0.995277363,0.988235937,0.66122822,HOROZ
926.338,1.922799292,0.795380054,0.988438699,0.985716878,0.627431727,HOROZ
913.686,1.912577316,0.817936469,0.989278914,0.987514766,0.754160248,HOROZ
939.694,2.103773286,0.773315278,0.991662122,0.985098437,0.787501993,HOROZ
929.772,2.111998571,0.790038935,0.993808354,0.987158529,0.816198114,HOROZ
908.396,1.95094943,0.827658149,0.993635196,0.988720915,0.756170521,HOROZ
915.524,1.98007223,0.815270286,0.99445568,0.988475451,0.807528958,HOROZ
922.911,2.003204408,0.802360153,0.9942602,0.988261162,0.666605381,HOROZ
902.376,1.943903637,0.839370788,0.996630727,0.988316101,0.803634752,HOROZ
922.901,2.07316539,0.802790643,0.996171986,0.990750351,0.67613947,HOROZ
915.508,1.981895797,0.815868512,0.994328063,0.986387036,0.803748671,HOROZ
924.191,2.000035838,0.800874787,0.989431424,0.985819841,0.728100799,HOROZ
915.829,2.003482985,0.815746157,0.994638515,0.990575821,0.641874447,HOROZ
915.306,1.992993989,0.816873641,0.997034181,0.987990276,0.66133968,HOROZ
915.945,2.064251571,0.815899036,0.997773561,0.99193284,0.806655116,HOROZ
916.607,1.925355299,0.81472093,0.992655013,0.985151559,0.62886467,HOROZ
918.795,1.964705174,0.811321576,0.996135987,0.988411737,0.636791681,HOROZ
921.999,2.084394586,0.806269113,0.994853591,0.986667631,0.774249414,HOROZ
912.897,1.926160005,0.823165867,0.990725827,0.988143938,0.690500885,HOROZ
920.088,2.072891953,0.810363994,0.995515129,0.988770557,0.772765235,HOROZ
926.444,2.000085191,0.799473236,0.99626548,0.989848636,0.657052439,HOROZ
918.369,2.026578654,0.8136389,0.998001546,0.991790774,0.736651828,HOROZ
922.437,1.86736512,0.806493104,0.99659178,0.986024592,0.719258732,HOROZ
925.689,2.066080373,0.800997856,0.995705206,0.988203792,0.711791076,HOROZ
956.656,2.08474222,0.750049135,0.994854602,0.987240426,0.813598451,HOROZ
924.038,1.955609459,0.804318975,0.996381675,0.987996023,0.647347287,HOROZ
911.217,1.981432254,0.827687162,0.996235137,0.990635076,0.726860712,HOROZ
911.217,1.981432254,0.827687162,0.996235137,0.990635076,0.726860712,HOROZ
934.794,2.05890004,0.786678199,0.992586787,0.986955816,0.72964934,HOROZ
927.837,1.992744741,0.798621766,0.996112226,0.987759302,0.780693493,HOROZ
922.315,2.040681188,0.808301898,0.991340168,0.988117381,0.734446517,HOROZ
926.351,2.047662806,0.802211107,0.996228989,0.989058804,0.730569188,HOROZ
918.288,1.989779684,0.816360535,0.996637894,0.98909452,0.618574977,HOROZ
933.137,2.094519629,0.790643509,0.991422482,0.985855932,0.754614325,HOROZ
928.894,1.836812498,0.797970388,0.993723966,0.984192847,0.800078853,HOROZ
929.887,2.069711728,0.796281571,0.992366531,0.986212607,0.624808995,HOROZ
920.893,1.986555259,0.812296734,0.994781347,0.987213658,0.749658115,HOROZ
929.507,2.102256013,0.797412749,0.994257137,0.989531631,0.816321973,HOROZ
911.589,1.947560574,0.829597654,0.995144942,0.989038725,0.691838176,HOROZ
911.589,1.947560574,0.829597654,0.995144942,0.989038725,0.691838176,HOROZ
912.768,1.851918477,0.82747098,0.988612173,0.985556454,0.831718743,HOROZ
943.81,2.10634658,0.774174728,0.995733543,0.986535316,0.641397849,HOROZ
913.005,1.959699488,0.827342946,0.992760916,0.988508439,0.716349919,HOROZ
928.343,2.078340426,0.800288541,0.994837675,0.988313466,0.778621081,HOROZ
925.035,1.949776812,0.806066626,0.990124605,0.986484543,0.627234081,HOROZ
935.192,2.104815197,0.78942843,0.989268622,0.987685836,0.69809283,HOROZ
932.504,1.949366584,0.794246265,0.994159821,0.987157611,0.64213109,HOROZ
916.327,1.980850199,0.822866592,0.996077482,0.989810614,0.75978719,HOROZ
941.046,2.011062859,0.780219122,0.991086454,0.987996622,0.694229798,HOROZ
906.255,1.80100248,0.841396401,0.989438159,0.984302284,0.734535497,HOROZ
924.981,1.877615772,0.807996666,0.990076484,0.987152111,0.642405063,HOROZ
917.6,2.046203366,0.82137603,0.996379961,0.989998381,0.799694856,HOROZ
946.19,2.014066286,0.772643085,0.9941787,0.986487455,0.665095935,HOROZ
904.195,1.588405926,0.846956111,0.991610183,0.988394619,0.690946708,HOROZ
927.101,1.954289649,0.805665289,0.990986909,0.989246926,0.776359538,HOROZ
934.076,2.10405217,0.794110051,0.996033444,0.990158753,0.699606649,HOROZ
925.042,2.09488347,0.809725786,0.991158556,0.990212453,0.810185729,HOROZ
930.392,1.959393797,0.800643524,0.997626351,0.986901439,0.728242642,HOROZ
929.292,2.019966031,0.803835161,0.994491359,0.989769225,0.77891991,HOROZ
919.386,1.918627558,0.821280189,0.99114302,0.987522568,0.792241503,HOROZ
926.565,1.872123967,0.80864689,0.997789864,0.987894069,0.74315308,HOROZ
929.855,2.073684279,0.802963795,0.998547815,0.990515804,0.6213435,HOROZ
919.849,2.011104857,0.820720956,0.991851752,0.988692681,0.776704897,HOROZ
939.509,2.11232953,0.786959603,0.994608946,0.987441944,0.673059127,HOROZ
930.782,2.042149343,0.802119442,0.997426731,0.9875,0.626856197,HOROZ
964.005,2.084259747,0.747892616,0.994397548,0.981874345,0.650001763,HOROZ
921.142,2.031424718,0.819203426,0.99670055,0.989995168,0.740838959,HOROZ
933.642,2.031864647,0.797486655,0.990994037,0.990669771,0.808261009,HOROZ
930.973,1.901728217,0.802152821,0.989774361,0.983468136,0.721072387,HOROZ
915.784,1.904403022,0.829386722,0.994310929,0.987229792,0.67978287,HOROZ
936.083,1.982035139,0.794121664,0.993943063,0.98477681,0.804761074,HOROZ
914.969,1.867071633,0.831300224,0.998339116,0.989405796,0.76521631,HOROZ
922.802,1.901897791,0.817262262,0.99139765,0.989494372,0.703531504,HOROZ
934.878,2.092644068,0.796371424,0.992410628,0.988771266,0.730712401,HOROZ
935.033,2.077745482,0.796351763,0.996104757,0.985836551,0.643107531,HOROZ
943.28,2.082766624,0.782742007,0.995361373,0.988337465,0.682549261,HOROZ
928.665,2.085967354,0.807645758,0.993015947,0.989326384,0.818802257,HOROZ
924.069,2.056934942,0.816155847,0.99697213,0.989561773,0.628530305,HOROZ
927.591,2.04896185,0.810188909,0.995731492,0.98771455,0.720067497,HOROZ
971.678,2.039337129,0.738350265,0.993304683,0.984821587,0.665574872,HOROZ
915.307,1.816124735,0.832276326,0.994400755,0.988315551,0.654034749,HOROZ
930.585,2.101172437,0.805187158,0.989353492,0.988844139,0.748129272,HOROZ
932.457,1.971590197,0.802159756,0.996478862,0.986333991,0.646424412,HOROZ
942.35,1.993825612,0.785448114,0.992123506,0.988336895,0.822077076,HOROZ
915.732,1.970376454,0.83217832,0.995163902,0.988500837,0.759879584,HOROZ
934.184,1.916755281,0.800017404,0.994202583,0.98629529,0.652009107,HOROZ
910.56,1.849094046,0.842931877,0.992992469,0.991673056,0.806695386,HOROZ
920.148,1.989822503,0.825471437,0.99408345,0.986764367,0.785717313,HOROZ
948.511,1.995776692,0.777260999,0.994938589,0.987839949,0.709584045,HOROZ
937.416,2.111595014,0.795868881,0.994631734,0.987245667,0.735007066,HOROZ
920.338,1.942382371,0.825887275,0.994053509,0.988967649,0.650395486,HOROZ
925.555,1.929732371,0.816911144,0.991327833,0.987288586,0.725920615,HOROZ
925.555,1.929732371,0.816911144,0.991327833,0.987288586,0.725920615,HOROZ
925.046,2.010588607,0.817898503,0.996570427,0.98958796,0.674910933,HOROZ
932.537,2.100248879,0.804897747,0.997702064,0.991367956,0.724565854,HOROZ
966.607,2.099735016,0.749184145,0.9894309,0.98441283,0.671071971,HOROZ
932.685,2.109924649,0.804671214,0.99616842,0.989027183,0.732048047,HOROZ
932.287,1.884316671,0.805387316,0.99042546,0.987274693,0.80816214,HOROZ
923.024,1.903338288,0.822075836,0.996745772,0.990245896,0.770821232,HOROZ
938.383,2.011700774,0.79547101,0.995158768,0.985938163,0.690462034,HOROZ
937.638,2.084333161,0.796821356,0.99224717,0.985068561,0.750316294,HOROZ
926.981,1.995770964,0.815277169,0.998448612,0.990600235,0.703421909,HOROZ
939.249,1.858920781,0.794246974,0.992590138,0.984653964,0.782239057,HOROZ
924.817,1.868543822,0.819537781,0.994915315,0.98919983,0.807198055,HOROZ
916.971,1.993845288,0.833771871,0.996404246,0.991222927,0.817277548,HOROZ
928.865,2.107686911,0.812686974,0.997697821,0.991136295,0.766866865,HOROZ
930.567,1.993337626,0.810413452,0.994732573,0.987585768,0.632321471,HOROZ
915.961,1.792683261,0.836480358,0.994275905,0.989405616,0.777520988,HOROZ
929.728,1.939719225,0.812327441,0.993733298,0.985867532,0.674549713,HOROZ
918.733,2.009087325,0.832839774,0.996030088,0.989475732,0.810786133,HOROZ
931.194,1.958495682,0.812365798,0.9965559,0.98832822,0.799885845,HOROZ
938.306,2.096393364,0.800197538,0.995536017,0.986555687,0.816947177,HOROZ
932.592,1.952889788,0.810119905,0.996363974,0.987165041,0.776578947,HOROZ
943.633,1.987744597,0.791767096,0.995868339,0.986947191,0.72412814,HOROZ
956.5,1.997130771,0.770773229,0.996463586,0.983300916,0.75094678,HOROZ
932.009,1.971140878,0.812117467,0.993805467,0.987006822,0.697319388,HOROZ
936.002,1.904671301,0.805447074,0.99009392,0.985659371,0.697132216,HOROZ
939.382,2.038081854,0.800003099,0.994245397,0.988353272,0.798981682,HOROZ
963.141,1.966525987,0.761210223,0.996478585,0.986499535,0.731095498,HOROZ
941.886,2.007387755,0.796520047,0.995767925,0.989338119,0.650878533,HOROZ
926.125,1.900344099,0.825048184,0.992895531,0.988380869,0.80254532,HOROZ
930.097,1.907420273,0.819164031,0.989892985,0.986253454,0.732782369,HOROZ
929.481,1.978022848,0.820555624,0.994972045,0.989580227,0.661239656,HOROZ
929.481,1.978022848,0.820555624,0.994972045,0.989580227,0.661239656,HOROZ
949.365,1.911848577,0.786877905,0.997329347,0.986488376,0.760657726,HOROZ
927.722,1.973194035,0.824020608,0.995438527,0.986798853,0.763136544,HOROZ
961.485,2.081291311,0.767341671,0.994953987,0.985079836,0.638610781,HOROZ
974.851,2.056858636,0.746787965,0.996032769,0.986790607,0.779022291,HOROZ
926.135,1.965016997,0.827535654,0.991320242,0.988467529,0.763772075,HOROZ
943.147,1.883171357,0.798728556,0.988247622,0.981596903,0.695727611,HOROZ
943.147,1.883171357,0.798728556,0.988247622,0.981596903,0.695727611,HOROZ
921.703,1.87988984,0.836785297,0.993036619,0.992247246,0.626856079,HOROZ
933.43,1.922751371,0.816410951,0.996728234,0.987509159,0.729317787,HOROZ
943.324,1.975070293,0.799459733,0.995376535,0.986306143,0.636082741,HOROZ
932.14,2.022676616,0.818787898,0.993241991,0.988804471,0.796662164,HOROZ
924.217,1.935451376,0.834239929,0.994199115,0.989512625,0.718944139,HOROZ
933.793,2.031343353,0.817476891,0.99827058,0.988446861,0.75931677,HOROZ
937.119,2.056104281,0.811784615,0.994980732,0.98757072,0.73278824,HOROZ
923.164,1.815128289,0.836542275,0.993952967,0.990156553,0.815820883,HOROZ
937.059,2.075486794,0.81264707,0.995775534,0.988734307,0.807646356,HOROZ
965.022,2.060627287,0.766733269,0.997577446,0.987710332,0.698261137,HOROZ
954.661,1.97535458,0.783714587,0.994540502,0.988109104,0.628715226,HOROZ
975.289,2.095552539,0.751269734,0.988338688,0.979586915,0.619131609,HOROZ
940.939,1.964642167,0.807591164,0.992092489,0.986545297,0.746510102,HOROZ
949.645,2.117555741,0.792949175,0.997910511,0.989738417,0.813872998,HOROZ
952.347,1.9248903,0.788816286,0.989618354,0.984624963,0.647734771,HOROZ
961.62,2.089183683,0.773730723,0.987655517,0.985478148,0.74666247,HOROZ
927.498,1.906714186,0.832452947,0.997157405,0.988602456,0.7821009,HOROZ
942.7,1.993832777,0.806160488,0.991914291,0.988418662,0.775364487,HOROZ
966.209,2.112422061,0.76746192,0.989039828,0.984035209,0.793859649,HOROZ
937.521,1.919820821,0.815163266,0.995913001,0.98679451,0.792637491,HOROZ
946.971,2.070348938,0.799129256,0.992188453,0.991015571,0.647004765,HOROZ
953.664,2.065365428,0.787979362,0.995475362,0.983750496,0.784065443,HOROZ
953.664,2.065365428,0.787979362,0.995475362,0.983750496,0.784065443,HOROZ
947.339,2.050618364,0.798998603,0.994119388,0.987847102,0.618444298,HOROZ
946.381,2.096130197,0.801206326,0.993849686,0.988865222,0.734976511,HOROZ
941.078,2.042559699,0.810502622,0.997430827,0.988800028,0.634381733,HOROZ
941.454,1.981511644,0.809954596,0.992304628,0.988236922,0.696139598,HOROZ
948.593,1.874665218,0.797893016,0.990689743,0.986633971,0.810434339,HOROZ
945.44,1.863524556,0.803322175,0.98988369,0.983206291,0.699828536,HOROZ
918.841,1.722534493,0.850847531,0.989413032,0.983297497,0.744400458,HOROZ
934.644,1.918847753,0.823253483,0.996601234,0.986979167,0.791056742,HOROZ
946.538,1.827224188,0.803310953,0.99019183,0.985409749,0.727756741,HOROZ
959.521,2.087758757,0.78184213,0.991254971,0.984395944,0.735629527,HOROZ
963.934,1.910940584,0.774713316,0.994665048,0.985513978,0.627690116,HOROZ
953.118,1.898798103,0.792783326,0.99458943,0.984505179,0.6401604,HOROZ
942.944,1.932251679,0.810520326,0.993627881,0.986428842,0.655087727,HOROZ
967.188,2.0679742,0.770436114,0.995587011,0.984634402,0.684620159,HOROZ
905.574,1.68802861,0.879132618,0.989802436,0.985078984,0.67492118,HOROZ
960.547,2.04542437,0.781575631,0.992997535,0.983091208,0.690055315,HOROZ
951.325,2.069664063,0.796802027,0.995080968,0.989533039,0.803261478,HOROZ
950.739,2.093949152,0.797951396,0.995299274,0.985847031,0.723321403,HOROZ
942.998,1.875274929,0.811416707,0.994252602,0.986004739,0.770714487,HOROZ
944.296,2.040762782,0.809356655,0.995658398,0.988655535,0.720607794,HOROZ
964.157,2.094146556,0.776477325,0.990750116,0.988810467,0.630280686,HOROZ
944.771,1.819705137,0.809078007,0.988586211,0.982678431,0.651842022,HOROZ
959.576,2.058408669,0.784632116,0.993323017,0.983307394,0.628613602,HOROZ
936.819,1.974879235,0.823487392,0.994712088,0.989555911,0.81161711,HOROZ
943.161,2.031806492,0.812647816,0.993949124,0.988589105,0.63237622,HOROZ
939.89,2.039224597,0.818427804,0.997568088,0.991418528,0.722226407,HOROZ
939.415,2.006933762,0.819398058,0.994267082,0.989902118,0.631075627,HOROZ
948.049,2.066701425,0.804625187,0.98991311,0.987135506,0.793049278,HOROZ
944.376,2.099513526,0.811347171,0.994991957,0.990641021,0.673473684,HOROZ
955.589,1.993961967,0.792459273,0.990879366,0.988532779,0.825591398,HOROZ
943.978,2.025753,0.812243008,0.989914749,0.98554122,0.676211609,HOROZ
943.606,1.970633884,0.813137599,0.993643525,0.988572605,0.64382934,HOROZ
954.153,2.029191727,0.79526046,0.989076438,0.98295629,0.714755359,HOROZ
957.302,2.056120057,0.790078258,0.993652247,0.987979904,0.772659613,HOROZ
950.577,2.067170656,0.802339886,0.995783367,0.988706471,0.671379696,HOROZ
942.475,1.966680738,0.816816309,0.990107252,0.984147817,0.779229368,HOROZ
958.851,2.042870294,0.789673505,0.996096083,0.987252439,0.626491,HOROZ
937.572,1.944177416,0.825967788,0.990379861,0.988029686,0.625221833,HOROZ
958.226,1.966785854,0.790786081,0.992738117,0.98813168,0.659781219,HOROZ
932.687,1.997480803,0.834960356,0.997387832,0.99210436,0.71458596,HOROZ
952.871,2.093473166,0.800197514,0.996061948,0.989017944,0.811751492,HOROZ
938.662,1.793175405,0.825063257,0.994934391,0.987268538,0.782589286,HOROZ
952.872,2.100753245,0.800790961,0.997663167,0.991432488,0.791172127,HOROZ
945.702,2.097328466,0.813106114,0.997120661,0.99034792,0.791100478,HOROZ
950.746,2.04228313,0.804626563,0.994030508,0.986416702,0.791255964,HOROZ
985.808,2.051128254,0.748511932,0.996011619,0.983084814,0.777097597,HOROZ
985.808,2.051128254,0.748511932,0.996011619,0.983084814,0.777097597,HOROZ
945.761,2.065990157,0.813510434,0.994879108,0.986927325,0.7257357,HOROZ
964.495,1.951494979,0.78280907,0.99250574,0.985594258,0.65111236,HOROZ
949.199,2.001698864,0.809664365,0.997828624,0.989297704,0.787559354,HOROZ
933.902,1.899396029,0.837414219,0.993483738,0.988704602,0.770018548,HOROZ
947.842,2.001934929,0.81320128,0.996958774,0.987783951,0.807393726,HOROZ
955.238,1.980191772,0.801084411,0.993635312,0.98953797,0.694970131,HOROZ
950.621,1.996054689,0.808982102,0.996781562,0.986535527,0.793323515,HOROZ
949.025,1.939227291,0.811705362,0.994211905,0.987037665,0.818918919,HOROZ
945.639,1.919628865,0.818175054,0.995690525,0.98758354,0.685577693,HOROZ
950.191,2.044362624,0.810396462,0.995842951,0.987182313,0.786824324,HOROZ
951.842,1.78471852,0.807781765,0.992217214,0.987202088,0.659170138,HOROZ
946.545,2.055561948,0.816847985,0.993987038,0.987620614,0.792087153,HOROZ
962.065,2.098175459,0.790800872,0.990609836,0.990544539,0.628572045,HOROZ
958.961,1.988517494,0.795955873,0.996604298,0.990090259,0.679276968,HOROZ
963.96,2.020108999,0.788289775,0.997309665,0.989391496,0.618238513,HOROZ
960.402,2.076645748,0.794318458,0.994752163,0.990587356,0.650253173,HOROZ
953.003,2.024438559,0.807364467,0.993801866,0.989721322,0.778698588,HOROZ
979.459,2.10249173,0.764914695,0.99653182,0.987419469,0.78183157,HOROZ
956.166,1.939965437,0.803859853,0.990906765,0.983651776,0.6583293,HOROZ
952.905,2.080269998,0.809384991,0.994227657,0.986422668,0.810131316,HOROZ
945.13,1.963208808,0.822826724,0.995515058,0.989360442,0.795619942,HOROZ
935.208,1.929422609,0.840522423,0.994800399,0.991828015,0.77295069,HOROZ
948.901,1.930634723,0.816648681,0.993213133,0.987544934,0.780366478,HOROZ
943.418,1.985143856,0.826549948,0.991789603,0.990323781,0.819640457,HOROZ
968.672,2.108262937,0.784241866,0.992821464,0.986406361,0.652235415,HOROZ
967.382,2.108764528,0.786428824,0.995850045,0.987538993,0.68195156,HOROZ
943.964,1.718270734,0.826059438,0.99437801,0.988774477,0.737432489,HOROZ
960.283,2.008635733,0.799625593,0.994283349,0.986914693,0.629052316,HOROZ
978.223,2.087260294,0.771116811,0.996812827,0.988419068,0.625406056,HOROZ
951.819,1.974746131,0.815005872,0.991410237,0.989925027,0.842382188,HOROZ
954.296,2.07328187,0.811097829,0.997030221,0.989978947,0.689938495,HOROZ
953.661,1.92541065,0.812606671,0.992951226,0.988337115,0.670440036,HOROZ
959.596,1.781701404,0.803104563,0.995727373,0.986026172,0.720526477,HOROZ
946.704,1.96126363,0.825659286,0.99663556,0.991513866,0.629053967,HOROZ
957.164,2.00138251,0.808315604,0.995698136,0.990004368,0.822713947,HOROZ
947.479,1.970469865,0.82495304,0.995961851,0.989589106,0.646025169,HOROZ
974.721,2.055367714,0.780569594,0.987918012,0.984699326,0.717245989,HOROZ
973.241,2.010726818,0.783144414,0.994079695,0.986068422,0.722344591,HOROZ
963.549,2.06958512,0.799979997,0.994819623,0.98809683,0.701348016,HOROZ
950.086,1.945898955,0.823550374,0.994389786,0.989313666,0.715147485,HOROZ
954.348,2.000175573,0.816404214,0.988190991,0.989845763,0.695769249,HOROZ
973.722,1.823613383,0.784252926,0.995935428,0.986068524,0.695592886,HOROZ
952.913,1.914971849,0.818975637,0.987726848,0.988606939,0.624626621,HOROZ
956.187,2.034937787,0.813404355,0.989183027,0.985922767,0.796846598,HOROZ
948.818,2.00868034,0.826129913,0.994596195,0.990212317,0.654654057,HOROZ
959.297,1.984738944,0.808289069,0.993237647,0.986237462,0.768029064,HOROZ
959.007,1.916962095,0.809474836,0.992399463,0.989180344,0.71825368,HOROZ
986.868,2.076379117,0.76459489,0.992189365,0.984891799,0.823219694,HOROZ
952.086,2.026943097,0.821715997,0.995277261,0.99083949,0.799789508,HOROZ
967.97,1.978553843,0.795130145,0.997080617,0.98851188,0.628775666,HOROZ
994.097,2.080340492,0.753972945,0.991504142,0.984050851,0.763150782,HOROZ
949.017,1.921961585,0.827429919,0.994536086,0.990430063,0.817507582,HOROZ
971.655,2.009900321,0.789363416,0.989370427,0.981952148,0.703516098,HOROZ
968.736,2.044457664,0.794207954,0.995968422,0.987874548,0.653089764,HOROZ
970.156,1.992358173,0.792392072,0.990572791,0.986158652,0.805059685,HOROZ
974.796,2.012608109,0.785369035,0.997156133,0.986822865,0.762075249,HOROZ
972.196,1.95543714,0.789867867,0.99353642,0.987565869,0.634711538,HOROZ
967.842,2.038020786,0.797164958,0.98940752,0.987962624,0.625652796,HOROZ
963.995,2.011094476,0.803715915,0.996883998,0.990632865,0.718126238,HOROZ
975.979,2.118793521,0.784191862,0.987926652,0.985951003,0.732468301,HOROZ
975.979,2.118793521,0.784191862,0.987926652,0.985951003,0.732468301,HOROZ
957.822,1.963746374,0.81450615,0.992338007,0.986119633,0.699914076,HOROZ
957.54,1.707619532,0.815081911,0.990152409,0.985794324,0.668965129,HOROZ
961.314,2.042648448,0.808803437,0.992691108,0.987023116,0.819495729,HOROZ
973.139,2.073346173,0.789585148,0.995489053,0.989951254,0.802922761,HOROZ
957.048,1.979519339,0.816674742,0.993656879,0.989889247,0.793077261,HOROZ
958.355,2.038837556,0.814462389,0.996733811,0.98895202,0.774949879,HOROZ
977.952,1.937468538,0.782449922,0.992458298,0.985714995,0.631187332,HOROZ
962.76,2.038753257,0.807500983,0.991586938,0.986828371,0.638912726,HOROZ
961.018,1.99131598,0.810444694,0.991635492,0.986354679,0.785791557,HOROZ
949.712,1.970620673,0.829869623,0.992796271,0.990208302,0.802208754,HOROZ
1017.207,2.00441904,0.72385573,0.994967905,0.983547583,0.722343417,HOROZ
963.272,1.931098117,0.807455377,0.992686712,0.989626039,0.654546652,HOROZ
973.132,2.033131716,0.791719685,0.992309919,0.989173685,0.757625397,HOROZ
951.625,1.980319718,0.828146161,0.994316436,0.990030026,0.730942583,HOROZ
1001.425,1.876450285,0.748304333,0.992031362,0.981622723,0.767267962,HOROZ
966.881,2.090959606,0.802756094,0.990138623,0.987025866,0.810026314,HOROZ
997.957,1.908434723,0.754082039,0.996857112,0.986986177,0.668430118,HOROZ
958.63,2.049599982,0.817386418,0.997524747,0.989406604,0.705892773,HOROZ
962.167,2.034930525,0.811659393,0.994108969,0.988951921,0.800575713,HOROZ
973.464,2.099196989,0.794468426,0.997685803,0.989937211,0.758684007,HOROZ
997.748,2.010577751,0.756392449,0.994255691,0.984344712,0.650664553,HOROZ
973.199,2.048360951,0.795153241,0.993937718,0.987721467,0.622895273,HOROZ
994.266,1.965418419,0.762258937,0.991211025,0.984485306,0.661580556,HOROZ
976.479,1.998400284,0.791546818,0.996233216,0.986288098,0.806296147,HOROZ
964.754,2.075490575,0.811713715,0.993499777,0.992210321,0.809176436,HOROZ
984.152,1.927622805,0.780199376,0.99310171,0.984528234,0.681745006,HOROZ
984.152,1.927622805,0.780199376,0.99310171,0.984528234,0.681745006,HOROZ
957.495,1.914564609,0.82442434,0.991747897,0.989617954,0.770384507,HOROZ
946.769,1.809829391,0.843294168,0.993476133,0.989521303,0.815081301,HOROZ
974.122,1.975134327,0.796931348,0.990141335,0.988534069,0.640436763,HOROZ
966.28,2.011238272,0.810740067,0.992799814,0.989714943,0.623779395,HOROZ
979.689,2.076723602,0.789026074,0.997594486,0.990255846,0.813411079,HOROZ
961.548,2.00709862,0.819745153,0.995061148,0.989013332,0.757092288,HOROZ
965.925,1.972603281,0.812831125,0.994809309,0.988760731,0.616999959,HOROZ
982.77,2.034218021,0.785348663,0.995000971,0.986113607,0.704320836,HOROZ
977.491,1.960538232,0.794538108,0.987819091,0.982820609,0.765050781,HOROZ
1028.367,1.972931269,0.717878905,0.996123525,0.986495975,0.769458065,HOROZ
978.422,2.093462251,0.794024403,0.991642936,0.986046133,0.655281118,HOROZ
1001.723,1.927574436,0.757940336,0.991016607,0.986005669,0.778981916,HOROZ
982.833,1.922818117,0.78740751,0.99397595,0.985974458,0.813010423,HOROZ
964.156,1.98410682,0.818317416,0.995072302,0.988278125,0.672499028,HOROZ
984.12,2.090522924,0.785777546,0.995450494,0.98742887,0.666541929,HOROZ
981.238,2.052833433,0.791744455,0.997605693,0.989753797,0.781638964,HOROZ
989.284,2.089738262,0.779007948,0.996922248,0.986985521,0.616734267,HOROZ
977.364,2.106451311,0.798612234,0.994116163,0.987715987,0.661656676,HOROZ
984.188,2.100591373,0.787692817,0.99363452,0.986738608,0.819290765,HOROZ
984.188,2.100591373,0.787692817,0.99363452,0.986738608,0.819290765,HOROZ
968.072,1.996696422,0.81420443,0.993619571,0.991314711,0.810867475,HOROZ
973.285,2.051620721,0.805718138,0.990363806,0.988686678,0.681137154,HOROZ
962.318,2.022380038,0.82426884,0.99630595,0.989203009,0.743961885,HOROZ
953.871,1.870763189,0.839111642,0.996652701,0.991254976,0.812898047,HOROZ
988.585,1.971081366,0.781460082,0.995823653,0.984306167,0.652148253,HOROZ
1003.955,2.035951291,0.757865401,0.990173346,0.98792459,0.717335379,HOROZ
984.123,2.022898083,0.788808932,0.994320241,0.989372956,0.775681021,HOROZ
984.123,2.022898083,0.788808932,0.994320241,0.989372956,0.775681021,HOROZ
969.951,1.960402847,0.812348547,0.997016035,0.989489783,0.619163969,HOROZ
962.797,2.044671124,0.824479159,0.997485771,0.990698811,0.793608748,HOROZ
976.002,2.099995261,0.80249169,0.992093708,0.987789036,0.840755176,HOROZ
1000.597,2.064336713,0.763538087,0.992551198,0.987693007,0.697746172,HOROZ
974.219,1.975524677,0.805590676,0.99411347,0.986542141,0.689911669,HOROZ
964.835,1.852713631,0.821647734,0.991328163,0.987011092,0.68117418,HOROZ
952.762,1.782718027,0.842658189,0.98808998,0.987748678,0.687248792,HOROZ
1002.657,2.046384205,0.761016362,0.9955843,0.986758294,0.682679046,HOROZ
966.574,1.781310696,0.818949439,0.994040846,0.984923485,0.811986557,HOROZ
998.805,1.958128492,0.767338442,0.995108489,0.985042528,0.634717374,HOROZ
993.724,2.105565142,0.775625388,0.996338146,0.989126907,0.732924483,HOROZ
984.025,2.083736489,0.79136693,0.994354146,0.988586807,0.621587735,HOROZ
988.485,1.912856094,0.784794833,0.994901818,0.984082956,0.655431677,HOROZ
994.105,2.078425809,0.776238977,0.99738491,0.987591406,0.765320195,HOROZ
1008.105,1.932919466,0.755657198,0.995580312,0.983472537,0.653611269,HOROZ
1000.656,1.870519723,0.767049872,0.988484495,0.982842073,0.669199523,HOROZ
983.061,1.961436617,0.79540334,0.998268093,0.987010891,0.648977253,HOROZ
977.298,2.028979839,0.804917036,0.99343631,0.986582809,0.666717524,HOROZ
994.628,2.116055094,0.777874438,0.989225665,0.985992143,0.739732315,HOROZ
972.39,2.006922345,0.814019838,0.997366197,0.992240276,0.619262345,HOROZ
971.399,2.029829345,0.816733639,0.995296254,0.991031608,0.71220039,HOROZ
981.574,2.096847161,0.799914957,0.995081783,0.98964065,0.676121707,HOROZ
986.354,1.846399228,0.792245341,0.989957161,0.983200821,0.647707953,HOROZ
991.978,2.071358284,0.783402501,0.989845299,0.980453267,0.644956106,HOROZ
997.884,2.116391072,0.774207249,0.992236963,0.988543345,0.832912458,HOROZ
995.324,1.955116749,0.779209712,0.988336725,0.979182275,0.736770773,HOROZ
980.686,2.069540524,0.802762326,0.994940488,0.988559752,0.709757168,HOROZ
965.557,1.978582551,0.82951766,0.993709719,0.990217216,0.813531091,HOROZ
990.721,1.993807106,0.787965058,0.9901473,0.984988157,0.646450854,HOROZ
996.083,1.960710772,0.779808494,0.989890543,0.982714315,0.704462243,HOROZ
999.165,2.060842805,0.775118443,0.989486632,0.98521671,0.781657781,HOROZ
984.81,2.055435973,0.798346484,0.990419619,0.98593465,0.814366905,HOROZ
982.13,2.098719729,0.803022093,0.994401541,0.990773633,0.804466139,HOROZ
1044.245,2.034961872,0.710549746,0.990837711,0.981612087,0.788394901,HOROZ
969.404,1.979989672,0.825113262,0.993964662,0.989036353,0.650927274,HOROZ
1006.756,2.112617016,0.765420163,0.992738468,0.990327083,0.827416134,HOROZ
977.266,2.053706109,0.812811817,0.997980091,0.989349605,0.645746004,HOROZ
980.591,1.951946114,0.807335115,0.996167286,0.98996827,0.636183885,HOROZ
1010.042,2.102033987,0.761285541,0.996105745,0.987394757,0.729922525,HOROZ
978.904,1.923550469,0.810579148,0.995630976,0.988138059,0.811657956,HOROZ
985.026,2.105891423,0.801829989,0.993375199,0.988804063,0.787711843,HOROZ
985.026,2.105891423,0.801829989,0.993375199,0.988804063,0.787711843,HOROZ
974.693,1.890960307,0.819436832,0.987974607,0.987786211,0.651501767,HOROZ
986.35,2.057505572,0.801073796,0.99101586,0.987233568,0.770460644,HOROZ
999.92,2.113692682,0.781099772,0.997032106,0.988547433,0.738415475,HOROZ
980.312,1.919808834,0.813260568,0.994150257,0.991819095,0.636320851,HOROZ
998.455,2.063456372,0.784049092,0.994491217,0.986268354,0.791298263,HOROZ
978.069,1.808779183,0.817861928,0.993173933,0.988630589,0.818618105,HOROZ
983.008,1.946342452,0.809885164,0.996885181,0.987442325,0.766297527,HOROZ
995.754,2.051118996,0.789296909,0.99467,0.988131882,0.704263259,HOROZ
995.754,2.051118996,0.789296909,0.99467,0.988131882,0.704263259,HOROZ
965.024,1.838396883,0.840945883,0.99686928,0.990118043,0.699544271,HOROZ
976.551,1.883826697,0.821249891,0.989386172,0.986826271,0.714028756,HOROZ
973.114,1.919682036,0.827180813,0.997098516,0.987829036,0.67767993,HOROZ
979.857,1.981997676,0.817261932,0.99458001,0.98711605,0.802596401,HOROZ
993.163,1.814403559,0.795726511,0.992542938,0.985810789,0.635165506,HOROZ
1011.37,2.039569878,0.76804711,0.992395422,0.983977335,0.626736842,HOROZ
971.506,1.906540755,0.832770579,0.995936983,0.99031017,0.76631953,HOROZ
975.486,1.930055355,0.826094652,0.995876004,0.988621098,0.687629161,HOROZ
987.82,1.989968424,0.805954662,0.994861601,0.988329491,0.810534632,HOROZ
979.535,1.933644187,0.819829359,0.995339693,0.989691537,0.640483353,HOROZ
1022.788,1.960889965,0.752255809,0.994024673,0.98306149,0.694765571,HOROZ
998.103,2.018205681,0.790833616,0.993121492,0.98659239,0.699303975,HOROZ
992.41,1.917521893,0.800532627,0.994858411,0.987471867,0.639613832,HOROZ
983.59,1.976913239,0.815213775,0.994770021,0.988222142,0.694450899,HOROZ
998.834,1.932943836,0.790633766,0.993453021,0.987912745,0.629235334,HOROZ
1005.35,2.046906393,0.78125128,0.994592029,0.988484953,0.631349972,HOROZ
977.534,1.904258421,0.826871328,0.996501291,0.98975255,0.730864456,HOROZ
1004.35,2.014400233,0.783654917,0.995451577,0.986698665,0.623099401,HOROZ
1008.074,1.906091846,0.779693482,0.994181523,0.982654095,0.680547011,HOROZ
993.173,1.822833274,0.803660075,0.990644079,0.9871835,0.752996085,HOROZ
1000.638,2.052903995,0.792278574,0.992759604,0.989591171,0.799118954,HOROZ
996.504,2.090615268,0.79989078,0.992385698,0.988258286,0.80214467,HOROZ
1017.65,1.971959143,0.767078839,0.991395908,0.983937243,0.777851606,HOROZ
982.041,1.974214994,0.825579572,0.995063262,0.989381471,0.820584883,HOROZ
1005.966,2.101234957,0.787385321,0.996717621,0.987663551,0.798790627,HOROZ
1005.966,2.101234957,0.787385321,0.996717621,0.987663551,0.798790627,HOROZ
995.926,2.035927074,0.803378723,0.99398246,0.989745271,0.625102276,HOROZ
1040.005,2.006780831,0.7370705,0.996346364,0.982408597,0.735240943,HOROZ
984.893,1.916027828,0.823668175,0.993212947,0.988141678,0.787153964,HOROZ
990.075,1.989625802,0.815363518,0.99656634,0.98977591,0.663547307,HOROZ
997.39,1.964301133,0.803763198,0.990707337,0.989749094,0.62258317,HOROZ
995.206,2.020355808,0.807573949,0.990486786,0.988722505,0.809734626,HOROZ
993.831,1.913576639,0.810458974,0.997110647,0.988148608,0.640758437,HOROZ
1005.087,2.046181106,0.792606943,0.995115019,0.99034785,0.808550327,HOROZ
1004.206,2.069088957,0.796054395,0.995010481,0.987921996,0.754704944,HOROZ
1004.206,2.069088957,0.796054395,0.995010481,0.987921996,0.754704944,HOROZ
988.366,1.900593839,0.821787578,0.992871407,0.990004339,0.770835596,HOROZ
984.916,1.940619725,0.827762105,0.993809349,0.99069753,0.82835105,HOROZ
991.765,1.884114893,0.816943663,0.99720803,0.988070956,0.812916349,HOROZ
996.497,2.073120689,0.809253971,0.992981017,0.98927925,0.777908886,HOROZ
996.497,2.073120689,0.809253971,0.992981017,0.98927925,0.777908886,HOROZ
1027.602,2.036602972,0.761206322,0.989698569,0.982852138,0.67867374,HOROZ
1006.279,2.061966004,0.79387001,0.993106248,0.987862129,0.619144406,HOROZ
974.117,1.785776961,0.84724983,0.992755946,0.987726178,0.813418603,HOROZ
1002.749,2.002529627,0.800618981,0.996952915,0.98797076,0.624848816,HOROZ
987.105,1.928064087,0.826635568,0.99773647,0.990343165,0.721346898,HOROZ
1008.614,2.016253129,0.79200204,0.995587378,0.988513899,0.619298754,HOROZ
1020.904,2.018384687,0.774277838,0.988481014,0.986300108,0.668359647,HOROZ
1005.875,2.029409111,0.79779914,0.990736415,0.987957181,0.773990264,HOROZ
1030.083,1.997643693,0.762115377,0.996579793,0.984502172,0.623846363,HOROZ
1001.501,2.07492806,0.807088331,0.997664064,0.987748781,0.632619391,HOROZ
1025.086,2.038001379,0.770580176,0.99507148,0.986496831,0.75217706,HOROZ
1008.639,1.950157025,0.795952485,0.995878296,0.986074768,0.678712491,HOROZ
1013.402,2.093614006,0.788500334,0.995352778,0.988055628,0.703263123,HOROZ
999.152,2.004906759,0.811303105,0.99450295,0.987301052,0.756727563,HOROZ
1004.338,2.100795539,0.804154678,0.990841129,0.989211224,0.732803542,HOROZ
1007.552,1.911175287,0.800864546,0.989186282,0.9877857,0.784510356,HOROZ
1021.97,2.114895853,0.780002856,0.98977879,0.984853779,0.728592782,HOROZ
1032.629,2.055550164,0.765762778,0.995950719,0.986907854,0.716614282,HOROZ
1014.883,2.087837374,0.792911005,0.995999312,0.990248362,0.696077801,HOROZ
1023.506,2.10694116,0.780230575,0.992905561,0.989262031,0.78340259,HOROZ
1014.245,1.936978241,0.795533572,0.992169272,0.988284392,0.693240366,HOROZ
1005.967,2.023555948,0.809201716,0.992436657,0.987662741,0.783007306,HOROZ
1025.72,2.056208915,0.779565339,0.991059013,0.989478791,0.807752283,HOROZ
1016.802,2.080695887,0.794211461,0.994198868,0.984466809,0.723717438,HOROZ
1006.247,1.845059892,0.812611206,0.991355599,0.986619251,0.783280697,HOROZ
1015.78,1.945891354,0.797978271,0.997309132,0.986762048,0.795679207,HOROZ
1008.248,2.067458423,0.810142998,0.997221261,0.988954111,0.787420401,HOROZ
1019.964,1.992646908,0.793196409,0.995904238,0.988112435,0.781133647,HOROZ
1035.842,1.961069178,0.770236792,0.994172024,0.986026568,0.792294626,HOROZ
1035.842,1.961069178,0.770236792,0.994172024,0.986026568,0.792294626,HOROZ
1039.257,1.998674077,0.765357634,0.997220646,0.985306012,0.642549451,HOROZ
1039.257,1.998674077,0.765357634,0.997220646,0.985306012,0.642549451,HOROZ
1001.222,2.01543731,0.82780845,0.997488692,0.990564764,0.74145268,HOROZ
1055.432,1.958563639,0.746196032,0.996700604,0.985929349,0.636968559,HOROZ
1002.393,1.825017852,0.827651395,0.988020442,0.989636763,0.796260423,HOROZ
1038.45,2.099370046,0.774926171,0.988247422,0.986207919,0.633152433,HOROZ
1057.414,2.049798851,0.752516001,0.997811971,0.986562348,0.657795461,HOROZ
1016.057,1.950494554,0.818430955,0.993816669,0.98950699,0.707728096,HOROZ
1042.588,2.021604236,0.777850656,0.997407307,0.987350688,0.654386306,HOROZ
1036.202,2.05202035,0.788251961,0.991767723,0.98671218,0.764466187,HOROZ
1030.025,1.884483676,0.799475644,0.996209286,0.985343494,0.759471167,HOROZ
1028.413,2.113828782,0.802197775,0.995183284,0.989332396,0.732436537,HOROZ
1032.935,2.116756938,0.798074958,0.995820612,0.988692074,0.796550994,HOROZ
1089.592,2.05653371,0.718537564,0.989866817,0.981152801,0.799915158,HOROZ
1031.852,2.035726902,0.801710327,0.994542275,0.989381846,0.628453269,HOROZ
1047.928,2.056242867,0.777781941,0.992403037,0.988366851,0.717275222,HOROZ
1035.57,2.096085515,0.796467782,0.993455854,0.991047475,0.651802839,HOROZ
1073.45,1.970223776,0.744366907,0.9913151,0.981267701,0.619304263,HOROZ
1018.512,1.892632459,0.827548844,0.989707067,0.988367887,0.787021036,HOROZ
1045.495,2.06660497,0.786200192,0.995430236,0.986440874,0.640918463,HOROZ
1028.344,2.020039182,0.814057905,0.995670608,0.990973398,0.73804137,HOROZ
1033.907,2.106484991,0.806179458,0.996647837,0.990238831,0.662755861,HOROZ
1031.123,2.090082272,0.813245256,0.994487271,0.992442053,0.800994156,HOROZ
1032.23,2.06501931,0.812351045,0.996812724,0.987937464,0.81158242,HOROZ
1044.55,1.93284991,0.797228824,0.990791805,0.985225882,0.653438055,HOROZ
1030.131,1.668427357,0.820425402,0.987853661,0.982402654,0.734134427,HOROZ
1041.966,2.071798791,0.802727276,0.993665008,0.990488296,0.805418776,HOROZ
1074.074,2.048954966,0.758850279,0.990734698,0.984650394,0.631813317,HOROZ
1035.257,1.725908399,0.829720888,0.989630159,0.985694785,0.802160557,HOROZ
1050.302,1.875831363,0.806701513,0.994571779,0.982995794,0.789581661,HOROZ
1073.667,2.07313517,0.781598564,0.992812203,0.988638087,0.693306645,HOROZ
1046.449,1.63524728,0.826377725,0.99070161,0.983636115,0.737722048,HOROZ
1075.301,1.92406094,0.78463724,0.990308058,0.9872014,0.818857182,HOROZ
1082.139,1.989025441,0.778272174,0.994922071,0.98407034,0.617633533,HOROZ
1087.269,1.997122279,0.777493463,0.995201779,0.988365179,0.641317691,HOROZ
1077.293,2.096000621,0.792425297,0.995283582,0.989762108,0.650663253,HOROZ
1081.601,1.890214156,0.788993484,0.996380463,0.985456497,0.644714205,HOROZ
1078.935,2.009583437,0.793361618,0.993405576,0.988407122,0.701626761,HOROZ
1085.466,2.107830617,0.79410351,0.997096884,0.991477575,0.788820731,HOROZ
1162.588,1.874579521,0.761720855,0.994054247,0.986870475,0.630237621,HOROZ
676.641,1.616407689,0.865098731,0.997016997,0.982972088,0.758032708,SIRA
668.106,1.30252797,0.925011278,0.996822002,0.990116016,0.775569456,SIRA
670.488,1.371911784,0.927479302,0.998133271,0.988559171,0.774835365,SIRA
680.423,1.594638197,0.901298102,0.996648723,0.988774082,0.752663312,SIRA
688.874,1.560044849,0.88228562,0.998366662,0.988899442,0.698695634,SIRA
689.937,1.648590077,0.88337049,0.996652737,0.989648645,0.827284415,SIRA
683.487,1.491854201,0.900955615,0.995706467,0.98393067,0.799451008,SIRA
697.714,1.545930823,0.865800929,0.995738705,0.981706425,0.72522055,SIRA
672.575,1.34528769,0.933038657,0.995658754,0.986895072,0.73419022,SIRA
687.194,1.562103164,0.894241964,0.995957145,0.987017946,0.76618787,SIRA
670.53,1.372292186,0.940052172,0.997895985,0.989177107,0.797524482,SIRA
683.09,1.525623324,0.907039273,0.996690308,0.99003498,0.80680321,SIRA
686.903,1.517292492,0.898568612,0.996083629,0.989384476,0.771353452,SIRA
680.022,1.391962662,0.92081297,0.997025303,0.988448412,0.811422414,SIRA
691.801,1.623097677,0.893556882,0.997163286,0.988698431,0.740738322,SIRA
670.159,1.297706618,0.954104179,0.996566099,0.991942053,0.800671551,SIRA
693.8,1.530201942,0.890529798,0.997368759,0.988553047,0.777747378,SIRA
687.252,1.423263706,0.909628874,0.998772358,0.989293672,0.730066197,SIRA
698.847,1.497240991,0.880955642,0.997263464,0.986003917,0.724889905,SIRA
682.082,1.398310809,0.924902194,0.994268553,0.987227908,0.824710983,SIRA
698.401,1.468273702,0.887774832,0.997729526,0.982353612,0.752544224,SIRA
697.522,1.526362663,0.893474724,0.996578553,0.987581363,0.767369122,SIRA
702.351,1.511514988,0.882555487,0.992703036,0.985801275,0.772877348,SIRA
691.502,1.439876746,0.910938652,0.996534347,0.988141053,0.777964808,SIRA
700.168,1.555088952,0.889912971,0.997459604,0.986811063,0.815527367,SIRA
724.442,1.433831312,0.832855502,0.998398756,0.983404015,0.769518373,SIRA
704.926,1.572289665,0.880671477,0.995806542,0.988756708,0.716962098,SIRA
702.718,1.564667318,0.887156025,0.996358746,0.98533111,0.732148858,SIRA
710.337,1.679437779,0.868974144,0.995621975,0.989535181,0.680753097,SIRA
707.258,1.564773342,0.876606898,0.994583874,0.982320815,0.715686275,SIRA
701.872,1.409182025,0.8913367,0.995788479,0.987173692,0.786503703,SIRA
700.748,1.476932832,0.895426767,0.996064541,0.985439491,0.768335529,SIRA
707.652,1.509228354,0.880223238,0.988833002,0.986250914,0.785880719,SIRA
703.253,1.605832157,0.892590919,0.996684447,0.989632927,0.814453306,SIRA
692.108,1.430672013,0.92172652,0.999095455,0.988882634,0.775829708,SIRA
711.89,1.562819515,0.871633912,0.994595396,0.982750426,0.693415394,SIRA
711.318,1.610561144,0.874600979,0.997080176,0.989185393,0.765244035,SIRA
706.381,1.649648948,0.8877254,0.995877686,0.987283982,0.751609877,SIRA
723.178,1.693046593,0.847975719,0.996944124,0.984434712,0.71922638,SIRA
697.382,1.445793471,0.914168443,0.997053497,0.987495813,0.801467923,SIRA
716.279,1.578578751,0.868136777,0.991262043,0.985952321,0.736881497,SIRA
711.867,1.64571178,0.879526324,0.996140454,0.987581445,0.690361258,SIRA
711.317,1.570372623,0.881085662,0.996117047,0.983750208,0.775499497,SIRA
713.086,1.512897555,0.877460939,0.995558422,0.987896831,0.760918949,SIRA
708.141,1.485999247,0.89113674,0.997080465,0.987229672,0.793648314,SIRA
710.53,1.518412207,0.885378334,0.992230682,0.986575692,0.789286824,SIRA
712.676,1.513533013,0.881612997,0.995870943,0.989201044,0.694979716,SIRA
688.039,1.424047157,0.946066027,0.997558429,0.989450305,0.777894185,SIRA
704.049,1.428753273,0.905911401,0.994934783,0.986173589,0.718704747,SIRA
710.277,1.507588962,0.891514053,0.997197947,0.988401315,0.71092881,SIRA
713.667,1.587516187,0.883656728,0.994973756,0.988654558,0.726971948,SIRA
703.778,1.590685928,0.908968712,0.998247212,0.990681341,0.740349645,SIRA
709.926,1.522904897,0.89429078,0.998482169,0.989107054,0.788476335,SIRA
715.89,1.609302576,0.879991809,0.994471731,0.988514295,0.788959968,SIRA
708.182,1.541236438,0.899678045,0.997280955,0.990838346,0.810921903,SIRA
721.98,1.577904621,0.865739093,0.996595752,0.986349154,0.692140159,SIRA
715.801,1.434054302,0.880921904,0.995076935,0.988360254,0.708190386,SIRA
715.377,1.544626689,0.882162888,0.995565777,0.987412049,0.791182171,SIRA
705.523,1.506734744,0.909022117,0.996071161,0.989284831,0.734536924,SIRA
729.436,1.727934965,0.85072901,0.995623723,0.987796852,0.809478865,SIRA
707.031,1.343979058,0.906656902,0.993719451,0.988868478,0.693049711,SIRA
715.767,1.488406931,0.885469737,0.995633446,0.984026604,0.736404063,SIRA
718.771,1.569312457,0.878691908,0.996546572,0.988669641,0.693351503,SIRA
712.701,1.523682,0.89379732,0.996291804,0.990676758,0.71699611,SIRA
712.296,1.459333216,0.894838774,0.99581133,0.987616861,0.701806527,SIRA
730.977,1.603344422,0.850038611,0.997868361,0.983992159,0.689797321,SIRA
718.646,1.62071847,0.87980057,0.991492882,0.98244756,0.746757538,SIRA
710.469,1.559249145,0.900691692,0.993331308,0.990310131,0.725786391,SIRA
710.441,1.488429536,0.901210842,0.998024531,0.988799956,0.777577281,SIRA
705.396,1.445247383,0.915890461,0.994527188,0.987555483,0.782674378,SIRA
719.437,1.591993952,0.8818487,0.994712437,0.98924204,0.771856007,SIRA
708.613,1.439383329,0.910896752,0.998319394,0.988109458,0.777535675,SIRA
727.625,1.431778938,0.864154632,0.996921753,0.987201735,0.7585,SIRA
714.972,1.441165501,0.895232751,0.999151115,0.987927947,0.780041126,SIRA
706.901,1.4526921,0.916546406,0.998094261,0.98946654,0.773427553,SIRA
709.285,1.310475752,0.910645281,0.996484351,0.986817887,0.72083597,SIRA
713.319,1.444545131,0.900794392,0.997570059,0.988857259,0.811290538,SIRA
713.806,1.524683449,0.900280895,0.998568015,0.988651752,0.803889183,SIRA
705.826,1.417652058,0.921963702,0.997593768,0.988425863,0.781839572,SIRA
719.347,1.513267492,0.887679145,0.996276141,0.98677213,0.769569245,SIRA
708.781,1.411357271,0.914792438,0.995390503,0.988913226,0.749989746,SIRA
705.852,1.441781512,0.922627226,0.997631869,0.988087842,0.779342523,SIRA
706.337,1.33234169,0.922015509,0.990925514,0.985754679,0.833925642,SIRA
719.248,1.542443595,0.890036881,0.998177139,0.987228539,0.775597468,SIRA
712.69,1.448235219,0.90659101,0.997379343,0.989335565,0.810134418,SIRA
697.989,1.392619389,0.945233891,0.998049833,0.989977578,0.755120544,SIRA
709.026,1.44633419,0.916160093,0.99776073,0.989952192,0.771973798,SIRA
717.172,1.601251168,0.895930091,0.996996024,0.990465386,0.803637957,SIRA
723.028,1.525706002,0.882004938,0.997118242,0.988389947,0.754125989,SIRA
714.062,1.459811974,0.906758043,0.997085688,0.989271598,0.792760181,SIRA
717.304,1.52336918,0.898873094,0.992958378,0.987258242,0.793600138,SIRA
724.849,1.605498836,0.880401134,0.995570068,0.985436633,0.711606867,SIRA
719.256,1.502845448,0.894243692,0.996738503,0.987155766,0.798360514,SIRA
716.892,1.596826407,0.900322233,0.997250324,0.988722107,0.7824932,SIRA
711.732,1.403429143,0.914118684,0.998308917,0.987538189,0.76706426,SIRA
730.149,1.659189923,0.868656227,0.997692544,0.98703664,0.732498509,SIRA
716.9,1.289181659,0.901646933,0.992390468,0.983228903,0.763826173,SIRA
712.904,1.473194299,0.911807887,0.998562488,0.990279009,0.792372153,SIRA
722.957,1.495091082,0.887900371,0.994544573,0.986193821,0.711026396,SIRA
739.826,1.639184516,0.848376507,0.993913796,0.982243488,0.677148616,SIRA
718.098,1.530444716,0.900590555,0.993388424,0.98649298,0.781129124,SIRA
709.414,1.371155896,0.922823861,0.997088781,0.988234665,0.79047782,SIRA
721.266,1.433424076,0.893711181,0.997703185,0.987060801,0.754753162,SIRA
734.756,1.603619565,0.861451699,0.996043032,0.985356373,0.693571964,SIRA
717.948,1.480112977,0.902527198,0.997076787,0.989998395,0.821461856,SIRA
719.836,1.605373827,0.898890402,0.993746542,0.988268231,0.809297146,SIRA
723.319,1.442212387,0.890614667,0.99725693,0.986826347,0.729289592,SIRA
730.084,1.546610926,0.874280465,0.992016748,0.981058201,0.726368159,SIRA
731.802,1.500038179,0.870227241,0.994968122,0.986460966,0.722079439,SIRA
728.361,1.618703642,0.879061286,0.997572584,0.987966882,0.794497966,SIRA
711.337,1.365820047,0.922361072,0.993265121,0.988423154,0.752903971,SIRA
713.493,1.54494531,0.917116102,0.996980496,0.990720247,0.812051932,SIRA
720.523,1.515800923,0.899573427,0.99797809,0.986881937,0.751607815,SIRA
721.804,1.497052651,0.896552116,0.99329103,0.986700998,0.800099014,SIRA
724.276,1.600168933,0.891185196,0.992298246,0.985535658,0.685953461,SIRA
722.697,1.416460651,0.8950837,0.995586279,0.98702608,0.746803172,SIRA
725.482,1.495788004,0.888391878,0.994224297,0.988890956,0.803858451,SIRA
721.779,1.574204954,0.897554957,0.995961807,0.987946049,0.780804096,SIRA
713.286,1.509690367,0.919179833,0.995023983,0.988761358,0.805519481,SIRA
724.494,1.539923007,0.891103839,0.99238346,0.988290585,0.761632904,SIRA
721.683,1.500908185,0.898083295,0.996397632,0.989683595,0.70362949,SIRA
731.308,1.597002031,0.87502183,0.993985551,0.983935743,0.709941855,SIRA
742.398,1.658069454,0.849074797,0.997520132,0.98617658,0.709738898,SIRA
717.693,1.472620383,0.908901899,0.998196945,0.990166113,0.787832008,SIRA
733.113,1.553993601,0.871700359,0.995391857,0.983226963,0.691406105,SIRA
718.059,1.481201206,0.909462274,0.998148221,0.989210826,0.731256124,SIRA
724.77,1.497346294,0.892745783,0.997045597,0.989290069,0.820175824,SIRA
723.044,1.513334647,0.897926477,0.998210394,0.989091294,0.774892134,SIRA
731.173,1.612568415,0.878259661,0.998202701,0.988805674,0.796334186,SIRA
712.641,1.439493221,0.924927201,0.99593559,0.98828755,0.806281141,SIRA
719.358,1.486802185,0.908609065,0.996669915,0.988063801,0.757899854,SIRA
733.92,1.481462426,0.873377214,0.99659104,0.98700203,0.714359317,SIRA
728.792,1.432982013,0.886775815,0.997671006,0.985719546,0.736264168,SIRA
724.477,1.518372438,0.897921249,0.995850694,0.991094316,0.721203031,SIRA
733.863,1.692874501,0.87516957,0.996357215,0.988248623,0.748090233,SIRA
715.824,1.399902967,0.920496631,0.994881898,0.988282998,0.784950959,SIRA
732.034,1.513076121,0.880603548,0.993785396,0.988132516,0.744724734,SIRA
708.287,1.450574664,0.940717209,0.998798134,0.991524976,0.738690008,SIRA
730.495,1.613375133,0.884694737,0.996944683,0.987851696,0.787523059,SIRA
721.428,1.524779098,0.907265555,0.996455048,0.989050326,0.696290257,SIRA
721.953,1.607334772,0.906284055,0.996774971,0.990670462,0.796904812,SIRA
713.253,1.259250783,0.928676147,0.996389067,0.985762605,0.771120911,SIRA
720.306,1.462010258,0.910941903,0.997125817,0.989528796,0.797891298,SIRA
742.538,1.674987478,0.857894036,0.993086659,0.987641688,0.744187426,SIRA
725.557,1.537229503,0.898830725,0.996534239,0.990399537,0.813542477,SIRA
739.145,1.616050521,0.866616378,0.989374893,0.983862123,0.807081807,SIRA
725.576,1.532918316,0.89938039,0.997519424,0.988742521,0.743527508,SIRA
717.764,1.385758916,0.919722864,0.997793885,0.990386636,0.719237005,SIRA
758.985,1.783311238,0.822643228,0.992061347,0.982517847,0.762177129,SIRA
728.687,1.595179672,0.892545608,0.989532055,0.981113424,0.752248928,SIRA
725.351,1.445300002,0.90096547,0.993345164,0.987305991,0.780024814,SIRA
744.71,1.652352223,0.855208305,0.996440469,0.987106392,0.791191514,SIRA
719.24,1.424994843,0.91685069,0.993474049,0.988942749,0.802052786,SIRA
717.954,1.504058295,0.921137701,0.998735193,0.992383254,0.726615385,SIRA
721.209,1.47376871,0.91354243,0.997791884,0.989895023,0.807728457,SIRA
725.046,1.478647955,0.903970653,0.998073231,0.988679443,0.787046287,SIRA
743.388,1.699157391,0.860322004,0.99455438,0.98323761,0.758987321,SIRA
726.205,1.425263103,0.901921526,0.991184291,0.986242476,0.769172932,SIRA
723.114,1.426044128,0.909985109,0.997729722,0.990504342,0.71260539,SIRA
734.382,1.577930759,0.88255421,0.996334137,0.987795019,0.812601905,SIRA
730.471,1.549352266,0.892124243,0.996988104,0.986947006,0.801714286,SIRA
722.964,1.449524392,0.910771473,0.996428213,0.989680487,0.745297867,SIRA
716.14,1.446088191,0.928235907,0.997272156,0.991338253,0.778540455,SIRA
716.834,1.474358517,0.926830726,0.995356383,0.990176355,0.794778232,SIRA
727.708,1.540446828,0.89943369,0.996054388,0.990487888,0.766181524,SIRA
741.726,1.656411745,0.866237531,0.997920437,0.989123914,0.796722689,SIRA
727.993,1.538778483,0.900365674,0.99709405,0.989601522,0.720476624,SIRA
716.986,1.491337043,0.928295607,0.998599566,0.991540249,0.730738147,SIRA
727.328,1.510124208,0.902986787,0.998909513,0.989896096,0.778843199,SIRA
734.792,1.625212744,0.885223689,0.993279214,0.983298862,0.692786885,SIRA
733.889,1.544676398,0.887823417,0.998697955,0.989057261,0.712264151,SIRA
743.589,1.554254832,0.864879647,0.993409847,0.985421306,0.689977155,SIRA
730.117,1.516679363,0.897209218,0.997636057,0.987442922,0.719593125,SIRA
718.44,1.451136638,0.927268745,0.993814545,0.988374205,0.765567839,SIRA
732.053,1.449780728,0.893149964,0.989155528,0.981017875,0.705796242,SIRA
732.64,1.380097623,0.891719333,0.997727474,0.987426764,0.713851978,SIRA
733.169,1.57061477,0.890456378,0.995681813,0.986455339,0.730855575,SIRA
734.307,1.50174191,0.887815055,0.998122391,0.989146522,0.789697347,SIRA
722.895,1.410165442,0.916283763,0.996470486,0.989328833,0.819141389,SIRA
730.496,1.521300009,0.897667865,0.992255075,0.986899676,0.812771855,SIRA
712.692,1.371652295,0.943548027,0.997211611,0.990854767,0.800747459,SIRA
742.711,1.53089509,0.868839293,0.994024869,0.985351108,0.741801844,SIRA
727.24,1.44770982,0.906389231,0.997093665,0.989340733,0.718751178,SIRA
735.359,1.563665639,0.886996328,0.996005804,0.985489659,0.771028604,SIRA
740.017,1.526734629,0.87611758,0.996387059,0.986333928,0.718668825,SIRA
720.979,1.487290111,0.923867866,0.996803801,0.989026915,0.786434539,SIRA
740.064,1.50951331,0.876992899,0.992811474,0.982167176,0.742424831,SIRA
723.542,1.433549506,0.917718295,0.996466988,0.987779357,0.782800983,SIRA
748.428,1.499570344,0.857792537,0.995282989,0.981971339,0.697609925,SIRA
730.562,1.505153364,0.900613598,0.998255933,0.989881476,0.781302341,SIRA
746.449,1.615706501,0.863181429,0.997764691,0.987868776,0.731349843,SIRA
743.116,1.62485491,0.871055601,0.995484443,0.988737924,0.732958027,SIRA
752.941,1.747402908,0.849535372,0.993131724,0.985548241,0.740370127,SIRA
739.888,1.609064204,0.880279555,0.993620955,0.989370485,0.814943897,SIRA
731.627,1.533083733,0.900763741,0.995552188,0.987720743,0.811939225,SIRA
736.763,1.522485008,0.888573107,0.996886464,0.988666512,0.813750848,SIRA
732.799,1.485358891,0.898516612,0.996516942,0.987627646,0.707264957,SIRA
726.644,1.450959078,0.913921753,0.997926832,0.989895084,0.741332046,SIRA
724.312,1.42965987,0.919888023,0.996524575,0.988647188,0.782668949,SIRA
722.26,1.493494058,0.925628276,0.998142767,0.990335052,0.7980933,SIRA
742.29,1.66353745,0.876530294,0.996773447,0.987715556,0.727622113,SIRA
739.256,1.502355037,0.883785828,0.996527845,0.985967883,0.70034621,SIRA
728.262,1.441543813,0.910765657,0.995974878,0.98908988,0.807881463,SIRA
746.242,1.646885889,0.86763195,0.994059557,0.987289441,0.804877538,SIRA
726.509,1.494358474,0.915547081,0.994367955,0.992284667,0.791352842,SIRA
739.18,1.462129175,0.884657544,0.995544684,0.987142637,0.784295734,SIRA
727.03,1.423500239,0.914496879,0.994614462,0.989377299,0.81028817,SIRA
732.243,1.426945502,0.901967517,0.996161247,0.987199877,0.735330646,SIRA
721.517,1.422831526,0.929032244,0.99837219,0.990630872,0.743580827,SIRA
748.479,1.671626912,0.863328282,0.998588508,0.98616378,0.679519774,SIRA
745.466,1.578167365,0.870388967,0.995011365,0.980737381,0.726341215,SIRA
727.03,1.470481749,0.915210104,0.998793457,0.990352705,0.801198801,SIRA
758.002,1.761834951,0.842100122,0.994118042,0.986649241,0.75781373,SIRA
733.994,1.505621941,0.898229027,0.996541415,0.987942225,0.763295078,SIRA
739.853,1.492304425,0.88408191,0.992858435,0.985364106,0.691444474,SIRA
732.182,1.498709784,0.903008563,0.997514816,0.990817901,0.782097612,SIRA
732.248,1.454990431,0.903291082,0.997524527,0.98975373,0.793437088,SIRA
727.766,1.393430496,0.91475975,0.998127905,0.988792573,0.772846633,SIRA
729.013,1.571538505,0.912200455,0.994356505,0.993075577,0.695994949,SIRA
734.308,1.461019056,0.89932542,0.991704341,0.983109141,0.776001448,SIRA
749.143,1.718934504,0.86419442,0.996758288,0.989970759,0.805068836,SIRA
754.254,1.675069951,0.852787205,0.995288509,0.986634296,0.78905739,SIRA
741.171,1.632088824,0.883250877,0.994434728,0.987594639,0.673134589,SIRA
742.726,1.552030766,0.879579112,0.995370445,0.988555775,0.765625,SIRA
721.624,1.462509702,0.931942142,0.998102489,0.98802671,0.784779516,SIRA
757.856,1.801219716,0.845181424,0.992127279,0.985056738,0.684377436,SIRA
755.471,1.67884469,0.850570309,0.996616726,0.986541703,0.78451322,SIRA
728.81,1.441738903,0.914412076,0.99802894,0.987531618,0.747196876,SIRA
721.558,1.463553705,0.933102217,0.998130433,0.989987452,0.79856234,SIRA
746.028,1.514575217,0.873368053,0.9965838,0.986382762,0.718710517,SIRA
722.284,1.435325162,0.93187772,0.998289407,0.991211888,0.803818903,SIRA
760.889,1.743452514,0.839737469,0.990458178,0.983826671,0.715728716,SIRA
725.98,1.407033342,0.922651832,0.99720576,0.987747913,0.791543937,SIRA
747.193,1.563534594,0.871276954,0.994924477,0.988609373,0.72065011,SIRA
734.278,1.473290936,0.902288992,0.996979084,0.988610537,0.726322702,SIRA
745.109,1.647472671,0.876542316,0.994220542,0.987152689,0.744616213,SIRA
729.743,1.456711438,0.914387936,0.996721616,0.988595775,0.818871513,SIRA
739.551,1.48756607,0.890341303,0.998179289,0.989176771,0.792940454,SIRA
738.453,1.571705345,0.89317531,0.993795814,0.98498094,0.794697777,SIRA
738.594,1.48749639,0.892857358,0.998494834,0.989002577,0.720459488,SIRA
743.03,1.564536092,0.882410288,0.995029431,0.990040349,0.687668511,SIRA
741.738,1.531924571,0.885509868,0.996268536,0.986664291,0.70822601,SIRA
740.232,1.536813464,0.889162535,0.997936948,0.989434733,0.708897096,SIRA
742.106,1.573222195,0.88488286,0.991950716,0.982443696,0.79804091,SIRA
733.565,1.402971347,0.905771914,0.998803964,0.988027613,0.736443381,SIRA
748.071,1.42128389,0.871276402,0.98961236,0.982203883,0.722129164,SIRA
743.685,1.46697436,0.881720015,0.996337085,0.987304414,0.770204827,SIRA
746.919,1.582367194,0.874101226,0.99142712,0.983376413,0.766129669,SIRA
752.396,1.592475681,0.862553765,0.998801781,0.986844444,0.697712418,SIRA
753.174,1.591024177,0.860794868,0.997503685,0.989080357,0.690808889,SIRA
740.671,1.537838617,0.890559822,0.994751136,0.984627074,0.722706571,SIRA
732.331,1.438657475,0.91107639,0.997834998,0.989691509,0.800457016,SIRA
740.031,1.424306041,0.893133429,0.997956268,0.987342093,0.788425701,SIRA
741.576,1.467897439,0.88991851,0.995306168,0.984802508,0.806114423,SIRA
726.039,1.477932111,0.928604695,0.998461692,0.990087182,0.788522267,SIRA
749.433,1.532884783,0.871915995,0.99716223,0.985958254,0.78870674,SIRA
746.316,1.577051976,0.879282028,0.997196634,0.987758516,0.785841029,SIRA
747.763,1.584104193,0.876444167,0.993558881,0.983506507,0.768009768,SIRA
729.561,1.551864791,0.920864629,0.996228977,0.990477158,0.822435424,SIRA
729.679,1.418449914,0.920684828,0.997999897,0.989749575,0.766084053,SIRA
729.669,1.355166884,0.920710063,0.998550753,0.989975637,0.788554448,SIRA
763.613,1.65544748,0.841019662,0.993252469,0.983691268,0.669382504,SIRA
733.184,1.485587698,0.912347324,0.996579013,0.987925579,0.766969304,SIRA
740.165,1.523360156,0.895264421,0.995040815,0.987151601,0.768639962,SIRA
762.103,1.725718087,0.84481005,0.99605995,0.985611874,0.794748626,SIRA
745.459,1.583788724,0.883136554,0.995593028,0.98930996,0.716192921,SIRA
743.283,1.632526458,0.88831498,0.995446588,0.986760321,0.73512028,SIRA
734.229,1.466367132,0.910451461,0.998843944,0.989962995,0.71755585,SIRA
746.25,1.525729278,0.881400748,0.996077052,0.985318601,0.814309838,SIRA
731.629,1.43922162,0.917192165,0.999012707,0.990593306,0.786698079,SIRA
746.275,1.518698212,0.88154477,0.997587268,0.989414238,0.779167165,SIRA
758.227,1.525284315,0.854474809,0.995490021,0.985951726,0.697747474,SIRA
749.899,1.647986032,0.873782387,0.998167174,0.988822577,0.725252713,SIRA
752.94,1.580232183,0.86682718,0.994380453,0.98523632,0.778507724,SIRA
725.852,1.435891451,0.9329233,0.996539373,0.987602575,0.741708543,SIRA
734.947,1.549860252,0.910115828,0.996603006,0.989327803,0.770321361,SIRA
750.272,1.599085636,0.873315629,0.996771039,0.986633039,0.708592958,SIRA
748.177,1.665953302,0.879447994,0.995024808,0.983110821,0.791014639,SIRA
734.729,1.494409352,0.911959583,0.997138741,0.989892864,0.799608115,SIRA
732.81,1.411913938,0.916835712,0.996832834,0.987822404,0.807768431,SIRA
733.664,1.43819642,0.914819254,0.999075035,0.988147775,0.789065646,SIRA
745.835,1.578118111,0.885770448,0.998034114,0.987906274,0.795012165,SIRA
740.214,1.4366523,0.899342969,0.996775862,0.988529797,0.758120022,SIRA
744.67,1.631502258,0.888657411,0.998760613,0.989952793,0.799197033,SIRA
734.13,1.514105282,0.914824059,0.997276491,0.989558375,0.750148175,SIRA
738.237,1.491006256,0.904696633,0.998063444,0.987839573,0.792582418,SIRA
753.171,1.649017634,0.869286131,0.998052012,0.98704598,0.80902606,SIRA
750.376,1.58057791,0.875774025,0.993213518,0.986202563,0.802015206,SIRA
735.218,1.464675418,0.912397459,0.996754949,0.98856452,0.78126804,SIRA
771.589,1.509479053,0.828407981,0.996222298,0.981567627,0.788472356,SIRA
754.365,1.712267424,0.866845672,0.994636314,0.98707536,0.716397482,SIRA
742.046,1.450894594,0.896117316,0.99633174,0.989940754,0.696650344,SIRA
747.155,1.565255096,0.884669389,0.997676195,0.989152048,0.698095779,SIRA
734.754,1.455045402,0.915156297,0.998266514,0.98962948,0.794760355,SIRA
743.387,1.390258332,0.894092401,0.997715623,0.987170475,0.752516746,SIRA
736.459,1.464278437,0.911016463,0.996591341,0.987939698,0.767144669,SIRA
739.666,1.483169982,0.903363415,0.999058883,0.989359294,0.787072243,SIRA
764.8,1.721141859,0.845264475,0.997105,0.988468206,0.727662801,SIRA
733.025,1.354449515,0.920671312,0.998431395,0.988574155,0.798908191,SIRA
745.525,1.646090526,0.890192535,0.996074598,0.990515723,0.74381305,SIRA
740.919,1.48112065,0.901317778,0.996388585,0.988303213,0.745776195,SIRA
746.118,1.470894321,0.888823229,0.99678303,0.987634193,0.79091676,SIRA
745.439,1.537146272,0.890759778,0.995515035,0.989922091,0.801762742,SIRA
746.64,1.405886719,0.887964063,0.997193952,0.988854303,0.725290912,SIRA
735.469,1.519493748,0.915213094,0.993908695,0.991443312,0.755112994,SIRA
742.093,1.437913846,0.899221263,0.997416391,0.988610421,0.721277569,SIRA
739.942,1.466943142,0.904640521,0.998342626,0.989655259,0.728652506,SIRA
742.776,1.484846948,0.897841636,0.992048509,0.98601731,0.817143449,SIRA
729.778,1.436335054,0.930156375,0.998216352,0.991149775,0.777534517,SIRA
744.798,1.505745764,0.893177159,0.995508535,0.988542058,0.715312046,SIRA
728.011,1.400560046,0.934985366,0.994143582,0.990032889,0.723294204,SIRA
735.516,1.512473227,0.916025282,0.997932774,0.989809493,0.770877316,SIRA
754.844,1.499415037,0.87006854,0.995647858,0.988301017,0.761602317,SIRA
742.1,1.540386604,0.900208309,0.998406609,0.989292342,0.799898621,SIRA
737.832,1.583307838,0.910883798,0.996175709,0.990114164,0.777863197,SIRA
756.557,1.712490203,0.866396429,0.997597776,0.987340189,0.72877193,SIRA
732.103,1.326914105,0.925617665,0.994929601,0.989944835,0.740138733,SIRA
750.41,1.607118807,0.881028145,0.992847894,0.986235667,0.805714286,SIRA
747.39,1.575121992,0.888364989,0.996679594,0.988881376,0.775510605,SIRA
777.711,1.789871086,0.820486636,0.994505221,0.982363184,0.684751699,SIRA
790.356,1.493370985,0.794543116,0.996290046,0.980511904,0.727165608,SIRA
740.197,1.548950682,0.905921003,0.997113194,0.98866111,0.795048309,SIRA
745.166,1.499376974,0.894558286,0.998251176,0.987681467,0.802892428,SIRA
742.108,1.534551284,0.901991514,0.996903458,0.989734602,0.740900401,SIRA
753.465,1.562447286,0.875027089,0.995399486,0.989115748,0.699106906,SIRA
740.965,1.462304468,0.905051114,0.997440522,0.989737685,0.785342602,SIRA
749.657,1.541406829,0.884207669,0.994817296,0.98601137,0.787207358,SIRA
744.512,1.424874712,0.89653866,0.996184401,0.988106541,0.777210015,SIRA
743.508,1.663552105,0.899188907,0.996449435,0.989617473,0.765047192,SIRA
744.104,1.474729456,0.89811218,0.994992105,0.981789312,0.726145038,SIRA
756.026,1.515126264,0.870142228,0.997916092,0.988757869,0.710926694,SIRA
748.802,1.447498196,0.887214158,0.992798266,0.989130978,0.701350011,SIRA
753.122,1.623034375,0.877242255,0.99765899,0.989207285,0.804090004,SIRA
736.146,1.479906971,0.918168308,0.996066395,0.990494059,0.779766828,SIRA
736.956,1.508486661,0.91626676,0.99735948,0.990966192,0.757749713,SIRA
747.285,1.625017015,0.891337496,0.996572781,0.989260739,0.743640289,SIRA
740.396,1.421934859,0.908482921,0.996773236,0.98946396,0.761183136,SIRA
755.253,1.650719888,0.87326818,0.997769361,0.986388294,0.680147563,SIRA
748.914,1.528979783,0.88818109,0.995199204,0.986561147,0.726962645,SIRA
741.562,1.468670371,0.90594817,0.995535024,0.988530108,0.789237936,SIRA
799.719,1.532414139,0.779151727,0.997440917,0.980030646,0.703035246,SIRA
749.138,1.502645096,0.88901591,0.998207336,0.988940643,0.72593798,SIRA
748.993,1.44275588,0.889561761,0.99559282,0.98467642,0.808732486,SIRA
744.546,1.501277126,0.900219786,0.993412764,0.989288028,0.808140008,SIRA
760.568,1.568199995,0.863039093,0.996864589,0.985977713,0.695944644,SIRA
739.915,1.504133817,0.911959804,0.99280037,0.990452211,0.789096326,SIRA
731.257,1.436106195,0.934199649,0.997714794,0.990186066,0.795266769,SIRA
768.26,1.578504542,0.846482433,0.991923892,0.982285361,0.673407859,SIRA
765.885,1.65304059,0.852083206,0.995256763,0.986923401,0.712795699,SIRA
753.771,1.46988383,0.879713391,0.992963945,0.986874752,0.694881202,SIRA
755.108,1.614623289,0.876755167,0.995853184,0.987464939,0.800442656,SIRA
731.059,1.372650824,0.935481679,0.998491765,0.989652256,0.775495088,SIRA
746.535,1.480953247,0.897165451,0.99563379,0.988448353,0.732398255,SIRA
759.848,1.568373109,0.866177204,0.996109594,0.983297507,0.700750106,SIRA
751.526,1.591145202,0.885800333,0.996867248,0.989831183,0.795603517,SIRA
749.984,1.531307959,0.889669978,0.996977844,0.988850538,0.700425652,SIRA
742.158,1.55491005,0.909216355,0.995808392,0.988834301,0.771159875,SIRA
758.014,1.511900514,0.871773373,0.99405403,0.988518004,0.681151743,SIRA
753.637,1.549749607,0.882260889,0.995434654,0.983330045,0.750988738,SIRA
773.165,1.733379441,0.838382919,0.997482657,0.987740545,0.662337662,SIRA
764.323,1.523475869,0.858000182,0.993012034,0.987399743,0.687292151,SIRA
742.199,1.521563816,0.910005585,0.997696333,0.989630107,0.794135213,SIRA
756.421,1.667730518,0.876305636,0.993084061,0.988578083,0.663010967,SIRA
743.694,1.632527238,0.906805025,0.997924458,0.992070594,0.683173571,SIRA
752.984,1.479728068,0.884833459,0.994888685,0.985655738,0.744082454,SIRA
736.112,1.393202193,0.926138114,0.996702382,0.989641415,0.787206781,SIRA
743.299,1.512716031,0.908337681,0.998032578,0.987952403,0.769227806,SIRA
754.976,1.423971955,0.880611297,0.997234519,0.986563588,0.737826954,SIRA
765.008,1.57121547,0.857902979,0.993229791,0.981284999,0.731115503,SIRA
748.391,1.518736553,0.896580109,0.99636953,0.990040384,0.813207163,SIRA
741.289,1.390396866,0.913910576,0.995709964,0.986497495,0.76383792,SIRA
738.327,1.336114145,0.921258087,0.992349461,0.987960743,0.780242093,SIRA
746.035,1.505947796,0.902703468,0.997823133,0.987941387,0.80042042,SIRA
741.018,1.518069213,0.915219938,0.996196314,0.989337753,0.760188564,SIRA
739.199,1.419972681,0.920028747,0.998340831,0.988729888,0.722268361,SIRA
748.892,1.47532798,0.896501225,0.996010701,0.987779588,0.707608234,SIRA
750.006,1.544708166,0.894242135,0.994678896,0.988126389,0.791086957,SIRA
741.078,1.52185318,0.916215815,0.996600734,0.991359461,0.736445229,SIRA
761.588,1.614588264,0.868051848,0.994504166,0.988088486,0.667766667,SIRA
757.652,1.40625404,0.877378915,0.988531333,0.981871187,0.685732373,SIRA
750.315,1.529879581,0.895135207,0.995937945,0.987879982,0.709820164,SIRA
762.206,1.546615268,0.867812821,0.9957091,0.982899701,0.717761557,SIRA
747.872,1.53891999,0.901487145,0.99547292,0.988421934,0.744111865,SIRA
746.638,1.43543104,0.90460471,0.994498969,0.987523685,0.789556526,SIRA
738.551,1.394158707,0.924707993,0.996811884,0.991355463,0.786664837,SIRA
754.065,1.671854624,0.887160348,0.996736595,0.989963009,0.82277106,SIRA
762.033,1.580514062,0.868834462,0.993178635,0.986801357,0.674773109,SIRA
762.716,1.574686419,0.867387112,0.992701673,0.985132483,0.718151414,SIRA
760.511,1.505285116,0.872511057,0.992678388,0.986998304,0.687955048,SIRA
758.673,1.596347471,0.876787422,0.997628587,0.987023201,0.745692216,SIRA
772.111,1.757493883,0.846596619,0.993436073,0.986975647,0.742027861,SIRA
754.25,1.493591044,0.887255342,0.998236141,0.986322562,0.735659341,SIRA
751.61,1.633570391,0.89352143,0.994165191,0.987438236,0.808209256,SIRA
759.93,1.53721459,0.874237397,0.995763688,0.987683457,0.725879887,SIRA
782.791,1.432214513,0.823940255,0.995296072,0.98028547,0.724432023,SIRA
764.427,1.555577828,0.864024669,0.993982105,0.982755669,0.780064459,SIRA
753.08,1.512476624,0.890391082,0.997200566,0.987540242,0.795880372,SIRA
747.127,1.502688988,0.904884261,0.997865512,0.989342325,0.785826002,SIRA
747.442,1.486077209,0.904436625,0.995219642,0.988421829,0.794769924,SIRA
756.289,1.475355737,0.883620056,0.998388392,0.987939081,0.733468286,SIRA
758.276,1.413426928,0.879126347,0.998229568,0.987868071,0.720335948,SIRA
746.036,1.439672645,0.908368189,0.996267355,0.988865675,0.777520099,SIRA
762.285,1.488413974,0.870206445,0.993606844,0.983526019,0.733833023,SIRA
755.512,1.549270017,0.885944849,0.997939967,0.988042918,0.805548883,SIRA
755.91,1.582745822,0.885210093,0.996988874,0.988045559,0.774772867,SIRA
769.301,1.635118242,0.854703581,0.995016892,0.984638341,0.730597503,SIRA
750.386,1.541944957,0.898849023,0.996139547,0.987084283,0.761850717,SIRA
742.57,1.323492622,0.9182351,0.993524978,0.988542408,0.770136473,SIRA
754.222,1.571451136,0.890148843,0.994997771,0.983572544,0.805255795,SIRA
752.095,1.522356285,0.895235254,0.996414735,0.989611984,0.829258756,SIRA
744.994,1.383920799,0.912518522,0.996848041,0.987383017,0.755983643,SIRA
739.706,1.499873797,0.925680855,0.997346052,0.990368077,0.734532466,SIRA
762.303,1.631245451,0.871722344,0.994446946,0.985936506,0.772907679,SIRA
746.912,1.459371204,0.908063269,0.998055158,0.989834753,0.791195635,SIRA
756.566,1.524572125,0.885146597,0.995379013,0.986831799,0.706453365,SIRA
747.433,1.507948547,0.906932738,0.998373286,0.989569016,0.778569498,SIRA
767.18,1.640771228,0.861229533,0.994802266,0.986307064,0.798562718,SIRA
752.7,1.555906722,0.894794811,0.996706702,0.989550628,0.795841471,SIRA
760.586,1.549202376,0.876379409,0.995513202,0.985345838,0.70151278,SIRA
746.003,1.371291725,0.911045284,0.994840587,0.983761246,0.751144953,SIRA
765.007,1.634137899,0.866451206,0.995673911,0.986915156,0.727849928,SIRA
760.534,1.494676381,0.876890316,0.994471865,0.984823346,0.732217042,SIRA
764.547,1.613561235,0.867752122,0.994778958,0.987377691,0.716894004,SIRA
778.838,1.655300402,0.836240725,0.992279599,0.981090803,0.668898205,SIRA
757.076,1.580638793,0.885072603,0.996102528,0.987403385,0.782254001,SIRA
760.408,1.574747345,0.877463469,0.996375219,0.988202756,0.756086142,SIRA
779.239,1.528679517,0.835649317,0.996957059,0.985310266,0.774493632,SIRA
745.966,1.464836428,0.912332534,0.998115027,0.989420063,0.707468698,SIRA
749.2,1.554919031,0.904607504,0.996562456,0.989445846,0.688934356,SIRA
749.182,1.56390531,0.904830085,0.99629613,0.989084679,0.749351035,SIRA
758.547,1.596193634,0.882757026,0.996967552,0.988191575,0.791431704,SIRA
746.151,1.529687686,0.912376753,0.997193474,0.991707556,0.815239094,SIRA
767.967,1.71286286,0.861617309,0.993301425,0.986629581,0.76142954,SIRA
760.734,1.473823658,0.878144724,0.992092631,0.988173488,0.691973376,SIRA
738.262,1.402626258,0.932418153,0.995228669,0.990375667,0.826152683,SIRA
764.621,1.571837092,0.869389665,0.991548709,0.987018058,0.696418733,SIRA
763.262,1.562348639,0.872617769,0.994516349,0.988732739,0.772937445,SIRA
749.435,1.442522852,0.905270844,0.995055569,0.982134621,0.762839367,SIRA
751.445,1.507558864,0.900456654,0.998295632,0.989436103,0.785975136,SIRA
758.799,1.466467606,0.88332752,0.997155317,0.987724522,0.700249144,SIRA
759.236,1.509053403,0.882310964,0.996491537,0.989293833,0.772975554,SIRA
761.131,1.572443648,0.877988101,0.99371144,0.981926688,0.706338126,SIRA
750.595,1.506400204,0.902809493,0.994340808,0.989391347,0.714215133,SIRA
743.365,1.313245114,0.920524646,0.99786707,0.988136214,0.766125369,SIRA
764.309,1.595951195,0.870895528,0.990217355,0.98314675,0.701002545,SIRA
760.31,1.592225101,0.880276559,0.997124897,0.988092333,0.786596737,SIRA
754.975,1.577553327,0.892783439,0.996507758,0.990606424,0.798875518,SIRA
749.99,1.42011238,0.904892175,0.995489442,0.988770628,0.748300325,SIRA
754.798,1.450519152,0.893422775,0.99010469,0.987999122,0.691683743,SIRA
759.176,1.558922848,0.88325716,0.998327265,0.988024682,0.790516148,SIRA
766.818,1.734122937,0.865825536,0.997046451,0.98937703,0.799266113,SIRA
746.698,1.555651601,0.913181636,0.997504204,0.989426129,0.77954786,SIRA
760.728,1.593675667,0.880004314,0.994278685,0.986826406,0.684329618,SIRA
751.011,1.515435826,0.903035008,0.995222268,0.989381438,0.712921269,SIRA
762.218,1.668539242,0.876826731,0.994131625,0.988828178,0.825117036,SIRA
754.842,1.479548534,0.894355185,0.996265341,0.988759662,0.798613573,SIRA
765.979,1.593708551,0.868622854,0.994598575,0.98549316,0.671512542,SIRA
747.807,1.451299247,0.911374,0.998996191,0.98861642,0.728512152,SIRA
753.898,1.590742337,0.896773215,0.994177797,0.987534086,0.697314582,SIRA
764.684,1.461563215,0.871739312,0.99397235,0.986790571,0.761050657,SIRA
745.673,1.487794114,0.916823887,0.995369187,0.989487292,0.772263468,SIRA
745.977,1.519648577,0.916076793,0.998190355,0.991494562,0.80759277,SIRA
755.384,1.502570662,0.893556721,0.99336766,0.986481887,0.716361518,SIRA
745.618,1.42411466,0.917366014,0.996159245,0.990554525,0.710957344,SIRA
757.206,1.493037521,0.88952472,0.990549139,0.986941614,0.682829167,SIRA
754.38,1.59951805,0.896201741,0.995082443,0.987998734,0.786367511,SIRA
748.889,1.489925719,0.909526612,0.997654881,0.989132024,0.767479675,SIRA
764.567,1.497360145,0.872608051,0.993235378,0.984143917,0.756241151,SIRA
739.173,1.410589,0.933617155,0.997873963,0.990653065,0.772082319,SIRA
754.396,1.539454766,0.89667158,0.998324625,0.990608382,0.759785212,SIRA
747.07,1.460212157,0.914343886,0.998664527,0.990753391,0.788340581,SIRA
743.566,1.443079272,0.923004476,0.997832716,0.989329565,0.726138111,SIRA
754.554,1.539853655,0.896472673,0.996801749,0.990368673,0.784127107,SIRA
750.107,1.475522334,0.907178303,0.998455271,0.989693485,0.744756142,SIRA
754.866,1.516430361,0.895864088,0.995658233,0.987121231,0.806267863,SIRA
778.032,1.520158674,0.843558506,0.997808701,0.983683943,0.788845318,SIRA
761.358,1.569755984,0.880954893,0.992670739,0.984924501,0.802278291,SIRA
749.88,1.467524844,0.908152219,0.996498372,0.989939344,0.796027502,SIRA
732.733,1.338433117,0.95120048,0.996573515,0.990857004,0.74501824,SIRA
760.4,1.587571721,0.88332819,0.999125649,0.988616462,0.78790346,SIRA
762.13,1.506856068,0.879365782,0.997010308,0.988953771,0.715497817,SIRA
750.745,1.523585222,0.906261362,0.997324261,0.98823272,0.75367129,SIRA
761.513,1.484214693,0.881051373,0.992931615,0.98734792,0.678266382,SIRA
750.676,1.506307101,0.906717872,0.994836583,0.988933479,0.79488583,SIRA
767.554,1.502666351,0.867322717,0.997497584,0.984456711,0.723574632,SIRA
747.0,1.417574942,0.915843938,0.994097012,0.985723635,0.712161807,SIRA
775.893,1.712422419,0.848988339,0.99729041,0.986992817,0.673154585,SIRA
748.346,1.463791816,0.912687001,0.996755767,0.989370242,0.7091746,SIRA
773.745,1.698654102,0.85383459,0.99745572,0.987258209,0.676219766,SIRA
781.514,1.60814238,0.836963671,0.99388204,0.980264109,0.69119671,SIRA
755.663,1.588092956,0.895339754,0.997483112,0.989276856,0.791475372,SIRA
770.418,1.619412634,0.861542548,0.995972629,0.988317871,0.689887259,SIRA
758.057,1.566412867,0.889912264,0.996725467,0.987574927,0.689593818,SIRA
754.969,1.553537124,0.897581852,0.998340791,0.990439119,0.736415599,SIRA
779.506,1.646807484,0.842087804,0.98806155,0.983550327,0.680265972,SIRA
765.362,1.566913736,0.873649365,0.988181975,0.987847475,0.77509421,SIRA
744.372,1.402558592,0.923841628,0.998258395,0.989674441,0.79034167,SIRA
757.11,1.323020298,0.893126394,0.988757131,0.98010441,0.72434393,SIRA
754.687,1.552644182,0.898892611,0.994491519,0.987301587,0.785081127,SIRA
750.179,1.512855741,0.909929346,0.997661726,0.991001946,0.799521268,SIRA
770.797,1.672410933,0.861922272,0.996994785,0.988430193,0.732088962,SIRA
770.917,1.566462054,0.861971127,0.993327006,0.987070218,0.785653716,SIRA
751.925,1.469803136,0.906375247,0.996903524,0.988965684,0.791660196,SIRA
756.529,1.465212166,0.895772193,0.997065957,0.989066402,0.799615852,SIRA
744.823,1.480183997,0.924625926,0.997243483,0.991667072,0.738190828,SIRA
749.427,1.513404353,0.913322577,0.998671466,0.990632432,0.796565519,SIRA
748.161,1.426963398,0.91668555,0.997512732,0.98852467,0.817801278,SIRA
757.505,1.564269678,0.89445087,0.994610969,0.989797402,0.80749308,SIRA
765.922,1.513280055,0.874942829,0.993135887,0.989701963,0.804605626,SIRA
762.351,1.597340448,0.883288564,0.994411297,0.988171263,0.799119718,SIRA
780.21,1.692021653,0.843376361,0.990637139,0.980558756,0.665558868,SIRA
761.642,1.531686549,0.885020457,0.997344757,0.988005127,0.761453014,SIRA
761.733,1.547256164,0.885133872,0.998655415,0.987484295,0.756641674,SIRA
752.703,1.528034126,0.906654007,0.994593997,0.987510267,0.79626383,SIRA
760.258,1.563140785,0.889137032,0.990959671,0.990457738,0.812750904,SIRA
749.122,1.536476449,0.915857843,0.998879603,0.991659393,0.772850097,SIRA
753.065,1.485472572,0.906314365,0.996023984,0.985851331,0.799847466,SIRA
764.048,1.531015165,0.880467079,0.996959071,0.987350939,0.807063931,SIRA
751.858,1.570122726,0.909271075,0.996248211,0.990315473,0.810313404,SIRA
754.239,1.471486307,0.903561408,0.997357362,0.988067056,0.792759269,SIRA
760.088,1.57721436,0.889861069,0.993968487,0.990797026,0.726893145,SIRA
753.114,1.428620427,0.906550927,0.998558443,0.989767779,0.801822457,SIRA
760.932,1.588435532,0.888148591,0.998642126,0.987929411,0.710863674,SIRA
751.331,1.45721624,0.911949539,0.995602827,0.986752096,0.745867016,SIRA
751.828,1.38623459,0.910788703,0.994709756,0.986538878,0.705408337,SIRA
769.264,1.669283335,0.87003277,0.991810871,0.98601752,0.785426731,SIRA
765.762,1.604897961,0.878265833,0.995881235,0.986995159,0.72153169,SIRA
749.125,1.418053292,0.91779865,0.996112733,0.989044666,0.708700764,SIRA
763.823,1.534226489,0.882816685,0.996364081,0.98837686,0.787726784,SIRA
750.312,1.419183603,0.914919338,0.997603388,0.988710922,0.766876216,SIRA
757.012,1.432471404,0.898861646,0.997009914,0.988783288,0.723672828,SIRA
759.102,1.473049976,0.893984295,0.994785151,0.986452343,0.79427265,SIRA
768.551,1.547270497,0.872158406,0.995532673,0.987617143,0.681070574,SIRA
765.659,1.531000896,0.878823682,0.997758908,0.986691054,0.760630798,SIRA
772.852,1.725438012,0.862983043,0.992870143,0.988290567,0.677831942,SIRA
762.898,1.700364181,0.885844021,0.997958895,0.99065556,0.81217832,SIRA
768.181,1.657062043,0.87372281,0.996887958,0.98929424,0.817799482,SIRA
765.015,1.652382615,0.881098375,0.998011375,0.991806448,0.803977273,SIRA
758.004,1.527480995,0.897494695,0.992366125,0.985376396,0.780938969,SIRA
760.277,1.6003743,0.892223199,0.9970218,0.991280404,0.77549555,SIRA
753.867,1.512830668,0.907858552,0.996675791,0.989921883,0.805564276,SIRA
752.973,1.474841526,0.910104277,0.995053071,0.988778655,0.804663923,SIRA
752.361,1.423179871,0.911607709,0.998747802,0.989303009,0.798021611,SIRA
779.348,1.701026408,0.849629174,0.997659813,0.988184903,0.723476974,SIRA
763.983,1.473970704,0.884815241,0.995191675,0.987837416,0.719787726,SIRA
749.133,1.492493254,0.920376514,0.996972416,0.989837447,0.74262846,SIRA
760.065,1.568890218,0.894156655,0.996762087,0.988481424,0.704883737,SIRA
758.986,1.577577255,0.896788046,0.994342868,0.989029495,0.790957191,SIRA
762.435,1.616930714,0.888736096,0.996689398,0.988316746,0.80930727,SIRA
783.226,1.675111321,0.842260686,0.995696921,0.98415434,0.692188552,SIRA
782.98,1.637626251,0.842994998,0.994603638,0.983240491,0.685707616,SIRA
751.167,1.485651932,0.916000209,0.999514615,0.99082171,0.719005664,SIRA
761.493,1.413926139,0.891391357,0.992834714,0.986071822,0.771002812,SIRA
759.003,1.500786637,0.897336835,0.996308549,0.987825377,0.793078851,SIRA
751.833,1.422315617,0.914555929,0.998245689,0.989917463,0.781615747,SIRA
747.774,1.471600634,0.924533971,0.997452014,0.990895296,0.743870244,SIRA
767.082,1.516952368,0.878662792,0.991073567,0.983929212,0.785141788,SIRA
761.674,1.566236315,0.891487612,0.997083368,0.990064951,0.771770927,SIRA
761.265,1.519659918,0.892532533,0.987871803,0.981964358,0.704871992,SIRA
748.452,1.520978597,0.9233981,0.997736112,0.990709764,0.791809333,SIRA
749.228,1.452812207,0.921508689,0.995187646,0.991354189,0.780952381,SIRA
747.36,1.45122524,0.926368485,0.997708352,0.989902633,0.805205726,SIRA
756.309,1.442381363,0.904839366,0.998206307,0.987555747,0.728947648,SIRA
776.063,1.512764906,0.859445304,0.997367751,0.986138377,0.790917819,SIRA
758.127,1.512850944,0.900592388,0.993838576,0.98791222,0.799483716,SIRA
759.615,1.531510571,0.897154639,0.995503099,0.985031444,0.798259892,SIRA
756.365,1.437360197,0.904903078,0.997359066,0.98981259,0.779562873,SIRA
776.727,1.758975221,0.85812231,0.999037734,0.988056408,0.723864076,SIRA
770.513,1.519093799,0.872082718,0.994031738,0.988816089,0.785499123,SIRA
755.565,1.458290954,0.906930395,0.996405675,0.989718706,0.724859254,SIRA
757.396,1.547754292,0.902616417,0.99521676,0.99086187,0.700152931,SIRA
760.847,1.464432849,0.894446929,0.996675048,0.987229557,0.745153356,SIRA
755.903,1.506482135,0.906317447,0.996142141,0.98742063,0.777664553,SIRA
748.624,1.472850448,0.924274338,0.996298421,0.990008886,0.79053756,SIRA
754.38,1.531107666,0.910311851,0.993571597,0.989534577,0.805931342,SIRA
758.932,1.478383254,0.899511946,0.997055877,0.98929814,0.71488764,SIRA
773.459,1.668543409,0.866040238,0.997298559,0.988562797,0.716378232,SIRA
768.33,1.454508918,0.877790373,0.992188662,0.983847494,0.812371946,SIRA
772.337,1.588859554,0.868790051,0.998028332,0.986532067,0.704186872,SIRA
762.145,1.52107186,0.892203334,0.993496935,0.987808383,0.779102278,SIRA
753.95,1.532219016,0.91170421,0.996481344,0.99094142,0.796158301,SIRA
754.082,1.469381526,0.911429253,0.995230437,0.98889848,0.8117742,SIRA
750.674,1.500805932,0.919835171,0.998360049,0.991061989,0.816711217,SIRA
764.183,1.567181855,0.887622994,0.995917826,0.987550576,0.731365248,SIRA
761.074,1.546203911,0.895562255,0.994408767,0.989785642,0.706909838,SIRA
757.54,1.532485453,0.904090805,0.994797728,0.988271058,0.810184458,SIRA
761.858,1.464408829,0.893871574,0.994877756,0.98751465,0.72192691,SIRA
766.244,1.575296758,0.88377479,0.998375751,0.989693687,0.694286579,SIRA
761.797,1.430914609,0.894123,0.998592475,0.988272462,0.7918992,SIRA
751.089,1.413607693,0.919821374,0.998728934,0.989907465,0.770204988,SIRA
771.903,1.655766817,0.87118033,0.991889998,0.987685907,0.779230334,SIRA
764.195,1.540009653,0.888864679,0.994670336,0.989294695,0.679095154,SIRA
771.737,1.667308158,0.87157625,0.997030197,0.987119746,0.76965214,SIRA
758.92,1.566868677,0.901416753,0.997611164,0.990672358,0.791930228,SIRA
759.368,1.49757722,0.900353459,0.993627665,0.982824654,0.771608397,SIRA
764.817,1.584068061,0.887634329,0.994685442,0.987004921,0.780763416,SIRA
758.763,1.533666435,0.901898962,0.99490867,0.986298754,0.812186732,SIRA
770.141,1.363166609,0.875489029,0.995239265,0.987124053,0.771076693,SIRA
756.119,1.460040151,0.908327418,0.998171421,0.988021805,0.728078366,SIRA
778.307,1.629120902,0.857670521,0.996528713,0.988783393,0.688779675,SIRA
771.599,1.664130187,0.873027818,0.995197175,0.987631328,0.761562822,SIRA
763.305,1.560182233,0.892319052,0.998755927,0.989287422,0.779016344,SIRA
752.604,1.503693997,0.918007681,0.99859286,0.989809588,0.742979243,SIRA
773.164,1.628376656,0.870148787,0.996543838,0.988300743,0.711623429,SIRA
768.075,1.558820395,0.882079716,0.995101422,0.985295517,0.783064181,SIRA
760.493,1.428931243,0.899907891,0.993600741,0.988802941,0.726996665,SIRA
782.706,1.654619159,0.849574878,0.992428003,0.984104355,0.751278796,SIRA
765.454,1.539559721,0.888388104,0.995110921,0.989347473,0.757147035,SIRA
762.051,1.615226401,0.896469992,0.996722336,0.989821761,0.721126564,SIRA
759.449,1.528618253,0.902688793,0.994589419,0.987745858,0.794153728,SIRA
766.338,1.623526392,0.886831857,0.996490787,0.989825894,0.784943182,SIRA
760.833,1.509195639,0.899711612,0.99571097,0.984722486,0.716917488,SIRA
780.947,1.621844301,0.854024484,0.996236857,0.985871272,0.69043177,SIRA
784.715,1.738862184,0.845862969,0.998778962,0.988669974,0.71433003,SIRA
781.557,1.677723562,0.852959327,0.996278071,0.98557098,0.703468051,SIRA
748.29,1.450075279,0.930530693,0.997899258,0.991558255,0.714189748,SIRA
760.103,1.52061984,0.901832106,0.997499096,0.99125009,0.793307313,SIRA
769.004,1.612531362,0.881139783,0.992260154,0.982141165,0.714376777,SIRA
760.467,1.563517545,0.90107763,0.998693935,0.99056446,0.776903477,SIRA
762.707,1.549031028,0.895987057,0.997970009,0.990235401,0.805284821,SIRA
779.505,1.531803854,0.857848905,0.989422574,0.982449492,0.716580866,SIRA
776.644,1.623912106,0.864264166,0.992674683,0.984456204,0.71142666,SIRA
797.126,1.773907484,0.820519453,0.993751634,0.983407997,0.757222902,SIRA
776.189,1.599352084,0.865423729,0.994230145,0.986354451,0.708085876,SIRA
761.691,1.480328455,0.898703815,0.997511692,0.987716625,0.742081448,SIRA
778.016,1.574986272,0.861405506,0.993206972,0.986073814,0.736775752,SIRA
757.89,1.472755805,0.908222154,0.998928477,0.989417989,0.752801654,SIRA
752.867,1.39019884,0.920448099,0.996452371,0.989041618,0.793262892,SIRA
776.965,1.696355739,0.864549369,0.997818686,0.990295429,0.79540362,SIRA
763.002,1.564863059,0.896481551,0.998135479,0.990295429,0.711627429,SIRA
752.073,1.422277041,0.923036949,0.998360776,0.989214029,0.779065407,SIRA
763.718,1.479108507,0.895210755,0.989663756,0.986397303,0.758285276,SIRA
774.665,1.417650383,0.870193294,0.988547478,0.983062074,0.753590599,SIRA
756.937,1.549888845,0.911519437,0.996166114,0.990183932,0.806896284,SIRA
770.034,1.621426195,0.880882224,0.998286792,0.989689985,0.807997356,SIRA
768.363,1.549611814,0.884760364,0.996724609,0.987738517,0.796852235,SIRA
753.915,1.493709148,0.919040548,0.997873111,0.990469156,0.713324753,SIRA
762.263,1.436973987,0.899042472,0.995553887,0.988349976,0.745516499,SIRA
764.561,1.477729944,0.893839663,0.995512335,0.987226061,0.763365646,SIRA
766.314,1.569608273,0.88979769,0.995105609,0.988846611,0.815073998,SIRA
755.636,1.432068918,0.91523313,0.993678001,0.987814437,0.816244014,SIRA
756.439,1.452440314,0.913312986,0.998112327,0.990308139,0.808959695,SIRA
768.182,1.569824659,0.885922681,0.994755637,0.988288395,0.752718522,SIRA
766.77,1.484593789,0.88923127,0.994052208,0.985783338,0.787536912,SIRA
775.252,1.519163352,0.869921447,0.994704326,0.988007884,0.82231797,SIRA
760.435,1.560631494,0.90419585,0.993542968,0.986719788,0.762889622,SIRA
769.25,1.514214218,0.883613073,0.997235769,0.984618661,0.735856398,SIRA
780.132,1.723414995,0.859216692,0.997539811,0.990102072,0.809890816,SIRA
766.974,1.553294733,0.889078732,0.997116192,0.98873922,0.815387328,SIRA
761.671,1.561234057,0.901675223,0.994027906,0.990128919,0.715535616,SIRA
765.73,1.581139768,0.89231277,0.996944197,0.990884859,0.694333267,SIRA
754.847,1.467148698,0.918272181,0.995925551,0.988744034,0.735948105,SIRA
768.91,1.627271335,0.885117352,0.994782464,0.986029882,0.808916084,SIRA
767.796,1.551026344,0.887751609,0.992202078,0.986287744,0.737815573,SIRA
762.458,1.534764993,0.900225494,0.99752413,0.989827447,0.811243572,SIRA
782.985,1.752192266,0.854216915,0.997369361,0.989928263,0.779623602,SIRA
770.87,1.676971811,0.881404544,0.995510778,0.988286622,0.814810471,SIRA
761.137,1.503474928,0.9040905,0.995917015,0.989295293,0.766401883,SIRA
768.766,1.631211909,0.886299485,0.991414933,0.982811468,0.737243319,SIRA
754.669,1.32068703,0.920051352,0.991765503,0.986631332,0.810976914,SIRA
773.824,1.563655533,0.875065776,0.996584125,0.986514621,0.740244985,SIRA
767.792,1.577438364,0.888954602,0.995619461,0.987426894,0.697509492,SIRA
788.106,1.732065507,0.843718322,0.997172163,0.985769667,0.699228706,SIRA
778.258,1.599103231,0.865247571,0.99585144,0.988457254,0.72747571,SIRA
779.458,1.620908722,0.862626837,0.995940747,0.986143952,0.67820148,SIRA
768.988,1.545115925,0.886276589,0.993858952,0.98717099,0.704707512,SIRA
775.92,1.610486434,0.87055324,0.99642312,0.988060267,0.689217549,SIRA
766.51,1.583442514,0.892123164,0.996091626,0.990195613,0.827599206,SIRA
764.602,1.493326594,0.896624146,0.993924244,0.987243207,0.806703025,SIRA
773.739,1.662986749,0.875593896,0.992160253,0.990125801,0.820140773,SIRA
760.11,1.513965197,0.907274717,0.996846542,0.988788015,0.789365124,SIRA
769.477,1.493440955,0.88553252,0.991312945,0.984195877,0.691710875,SIRA
782.663,1.61223505,0.856007203,0.994869684,0.986174135,0.723409788,SIRA
772.243,1.708784542,0.879263541,0.996165528,0.989518367,0.814853148,SIRA
766.428,1.561233535,0.892848889,0.996684306,0.988044791,0.817679558,SIRA
751.568,1.375523348,0.928571484,0.99427713,0.99093089,0.772472378,SIRA
756.956,1.481261331,0.915443282,0.996772692,0.987882517,0.747711599,SIRA
769.125,1.456288878,0.886874331,0.996946524,0.987767946,0.742283621,SIRA
773.648,1.533888986,0.876744681,0.99670624,0.985649208,0.758399622,SIRA
761.423,1.535500156,0.905167123,0.998094429,0.989268963,0.70447031,SIRA
775.542,1.613892355,0.872655639,0.995222177,0.986700054,0.789759298,SIRA
760.786,1.525329688,0.906965782,0.997491627,0.989858301,0.713171148,SIRA
763.46,1.483489129,0.900666776,0.997246835,0.990562906,0.800720679,SIRA
775.884,1.501839614,0.872157866,0.998661596,0.988221103,0.714022046,SIRA
758.921,1.462141046,0.911603425,0.995353512,0.988712464,0.772753334,SIRA
767.352,1.625759051,0.891724334,0.993637935,0.988829989,0.691845351,SIRA
769.719,1.565854159,0.886396869,0.998143521,0.98953425,0.795382741,SIRA
780.604,1.763550957,0.862405619,0.994346031,0.989892295,0.788527898,SIRA
761.815,1.515056402,0.905534994,0.99483151,0.989260792,0.760838321,SIRA
764.967,1.559877007,0.898109439,0.997716967,0.990338622,0.747903217,SIRA
776.757,1.606013523,0.871094112,0.993862451,0.986950468,0.818697882,SIRA
763.022,1.461031715,0.90284506,0.996302858,0.989262824,0.761579637,SIRA
765.458,1.516449323,0.897150654,0.996855507,0.988561976,0.698860599,SIRA
779.103,1.621875989,0.866290762,0.994325185,0.983939992,0.703111873,SIRA
763.857,1.524757636,0.901259939,0.992520578,0.988776523,0.796660829,SIRA
762.055,1.488170688,0.905548962,0.996720916,0.990227396,0.81223555,SIRA
775.402,1.488945312,0.874705525,0.99005022,0.982325603,0.746699258,SIRA
764.973,1.558004066,0.898782526,0.993974612,0.986261988,0.683397557,SIRA
773.212,1.581952489,0.879877661,0.996307984,0.986752469,0.743798863,SIRA
763.931,1.487533093,0.901516,0.997616581,0.990536352,0.802464876,SIRA
761.417,1.421823916,0.907869123,0.998395403,0.988996718,0.809199977,SIRA
771.13,1.502914292,0.885227013,0.997096541,0.985159925,0.709441951,SIRA
765.816,1.505636143,0.897790521,0.997722705,0.987764917,0.801699066,SIRA
781.763,1.607107594,0.861700957,0.996057799,0.98653484,0.714556088,SIRA
773.023,1.514011757,0.88138046,0.997024419,0.987186735,0.710084034,SIRA
803.1,1.744310085,0.81665774,0.996455684,0.985446937,0.682399101,SIRA
773.699,1.563668123,0.879903942,0.99525701,0.987396938,0.731067081,SIRA
774.592,1.623658476,0.878148565,0.994968094,0.987819531,0.796035769,SIRA
782.3,1.494200504,0.861093294,0.996152392,0.984343826,0.748109034,SIRA
754.232,1.441048593,0.926529914,0.996753228,0.99212319,0.774885457,SIRA
760.064,1.430663411,0.912365866,0.999008913,0.99010906,0.773713337,SIRA
776.608,1.50123793,0.873928674,0.995560113,0.9883362,0.763895971,SIRA
762.595,1.546280744,0.906341366,0.998210964,0.990389837,0.744783991,SIRA
779.596,1.74435184,0.86726308,0.995535389,0.989525584,0.725390841,SIRA
774.378,1.640599118,0.879074058,0.996757253,0.987104972,0.788307588,SIRA
765.642,1.598414444,0.899377651,0.995709398,0.990439093,0.694216927,SIRA
767.143,1.546801777,0.895904336,0.9964968,0.991656819,0.721542933,SIRA
793.339,1.844475067,0.837915415,0.994167179,0.98974105,0.781799553,SIRA
776.919,1.496671911,0.873791259,0.990700711,0.979852454,0.689077148,SIRA
777.916,1.742026847,0.871594472,0.99602037,0.988576947,0.657884013,SIRA
780.738,1.539637592,0.865325669,0.992808834,0.986277551,0.705066183,SIRA
776.646,1.565011773,0.87450983,0.993938245,0.98743825,0.6996,SIRA
766.608,1.500892714,0.897689808,0.994095486,0.987672329,0.686586204,SIRA
776.212,1.60430156,0.875696594,0.992524128,0.985957167,0.789151192,SIRA
759.674,1.516150557,0.914391626,0.998545759,0.99114898,0.769102564,SIRA
781.314,1.707470418,0.864482561,0.997614123,0.987513521,0.803393786,SIRA
768.513,1.510301183,0.893649173,0.993119949,0.987608164,0.772304354,SIRA
767.935,1.479922578,0.894994922,0.994549403,0.988351845,0.795473485,SIRA
757.871,1.496606698,0.919360137,0.993862057,0.988334078,0.793987605,SIRA
775.61,1.486334328,0.877892059,0.995438503,0.988777263,0.707329799,SIRA
772.972,1.569446186,0.884125779,0.996831887,0.988268761,0.783264082,SIRA
774.13,1.503206557,0.881524617,0.995479003,0.987549625,0.740318746,SIRA
765.575,1.440911679,0.901357518,0.994796223,0.988711195,0.686771,SIRA
776.552,1.54458635,0.876076068,0.997711784,0.988362799,0.741725476,SIRA
777.85,1.609598695,0.873216995,0.993364214,0.989596573,0.789514206,SIRA
766.958,1.447917123,0.898302012,0.997482802,0.989132225,0.761067873,SIRA
767.125,1.4762934,0.898081772,0.997695943,0.990882103,0.740648774,SIRA
789.819,1.464218482,0.847233904,0.995752904,0.982158703,0.741763668,SIRA
758.676,1.505651666,0.918283469,0.998388541,0.99060292,0.733050995,SIRA
756.391,1.418132757,0.923861944,0.998870088,0.990299948,0.763736064,SIRA
761.073,1.454048037,0.912595088,0.997577588,0.988230043,0.740776614,SIRA
767.21,1.500386808,0.898160324,0.997830942,0.988393948,0.721587596,SIRA
783.081,1.580650689,0.862306979,0.991692537,0.980268369,0.697272486,SIRA
771.343,1.633272862,0.888772298,0.996189839,0.990840378,0.761284487,SIRA
762.964,1.561011691,0.908573487,0.996327185,0.991892911,0.799787169,SIRA
774.855,1.487247847,0.880943205,0.992064628,0.982515932,0.75769577,SIRA
780.972,1.669252254,0.867300209,0.997657796,0.988470389,0.679017324,SIRA
764.009,1.55992672,0.906261949,0.995166416,0.991380528,0.78858042,SIRA
764.759,1.500609647,0.904700139,0.996869565,0.990403161,0.7736376,SIRA
770.714,1.469011275,0.890879412,0.997085623,0.986621995,0.800133004,SIRA
766.156,1.58178204,0.901617987,0.998372352,0.990964706,0.800319246,SIRA
770.656,1.633215707,0.891182783,0.997443166,0.991011976,0.7976328,SIRA
771.243,1.537520324,0.889890104,0.995028792,0.988547289,0.765576154,SIRA
766.373,1.492424146,0.901535386,0.990776981,0.986953365,0.796220711,SIRA
779.769,1.548174394,0.870908369,0.990046065,0.987741134,0.758131836,SIRA
771.568,1.527850647,0.889626083,0.994584691,0.987580551,0.716702945,SIRA
761.926,1.499435903,0.912306228,0.996111452,0.986009732,0.726655172,SIRA
766.993,1.443681814,0.900591131,0.998166837,0.986475736,0.732147819,SIRA
784.8,1.633857486,0.860267825,0.995410573,0.986892613,0.692586935,SIRA
773.08,1.62337017,0.886906544,0.996626419,0.990257301,0.740992534,SIRA
769.735,1.557334479,0.894695295,0.99599553,0.988378632,0.686152995,SIRA
765.844,1.507502121,0.903895393,0.995939265,0.987292598,0.768115942,SIRA
767.213,1.528087757,0.900672484,0.994749953,0.992331938,0.813058896,SIRA
768.648,1.475282454,0.897355205,0.995349329,0.990561608,0.733152608,SIRA
786.561,1.667537774,0.857070071,0.997558404,0.989401613,0.700011613,SIRA
762.295,1.495615473,0.912699108,0.996155207,0.988361201,0.771797966,SIRA
779.537,1.587627995,0.872791668,0.997186002,0.986559454,0.758050901,SIRA
766.746,1.551139395,0.90228296,0.993506695,0.986653577,0.770053086,SIRA
767.14,1.48432254,0.901420439,0.996980205,0.989244036,0.789360509,SIRA
768.191,1.530761136,0.89899816,0.993026007,0.980878253,0.762039711,SIRA
769.884,1.543391727,0.895091057,0.994869391,0.989198688,0.807200352,SIRA
775.133,1.547394336,0.883323178,0.998711482,0.988646738,0.712077018,SIRA
770.841,1.558240836,0.893229449,0.996363207,0.986361513,0.775940623,SIRA
765.308,1.486070781,0.906234734,0.995692247,0.987376689,0.727614126,SIRA
772.923,1.564503722,0.888550007,0.995796514,0.988486919,0.752373319,SIRA
775.612,1.517025368,0.882483145,0.997235145,0.988765623,0.72190704,SIRA
773.978,1.561543797,0.886234202,0.996059344,0.989715598,0.81575238,SIRA
781.863,1.61160326,0.868469749,0.99756264,0.988003087,0.70100219,SIRA
790.637,1.616455455,0.849361531,0.996243863,0.986873146,0.695375247,SIRA
772.737,1.504795234,0.889293484,0.995161887,0.988490959,0.796340268,SIRA
775.619,1.662957018,0.882717881,0.993542239,0.989602361,0.787807606,SIRA
797.038,1.687583034,0.835932143,0.992065688,0.986576084,0.709043624,SIRA
770.713,1.513075706,0.894097369,0.989665949,0.985105589,0.777965946,SIRA
776.825,1.4956165,0.880208281,0.998519712,0.987916608,0.742655844,SIRA
747.197,1.287444111,0.95148664,0.999178777,0.991439561,0.778150023,SIRA
773.575,1.650986974,0.8878718,0.994865624,0.99011779,0.790890385,SIRA
775.793,1.5605817,0.882823068,0.996181283,0.98956188,0.733998785,SIRA
760.138,1.469585515,0.919669645,0.996720983,0.989493635,0.801938139,SIRA
777.408,1.613763175,0.879304445,0.99689976,0.989470975,0.68488647,SIRA
773.065,1.477845689,0.889232908,0.997860509,0.988823419,0.707557429,SIRA
775.769,1.564639298,0.88310738,0.99702119,0.989124842,0.715048946,SIRA
791.941,1.847029535,0.847488422,0.995390814,0.989380365,0.799625681,SIRA
760.08,1.396581797,0.920288541,0.994919868,0.990124266,0.734850195,SIRA
772.834,1.552464332,0.890206403,0.99589698,0.986661381,0.705183333,SIRA
770.012,1.591330507,0.896849325,0.995677255,0.989685899,0.774649434,SIRA
778.504,1.652143561,0.877659738,0.99648365,0.989804747,0.734814686,SIRA
781.93,1.566072808,0.870088478,0.998123942,0.987658353,0.70242915,SIRA
775.299,1.550208613,0.885035563,0.993493001,0.984649021,0.693283985,SIRA
777.505,1.521727456,0.880207586,0.994176803,0.987799188,0.731489479,SIRA
775.415,1.537514934,0.885063381,0.996140958,0.985777136,0.694138474,SIRA
785.09,1.623911611,0.86350609,0.994804685,0.986353051,0.686205891,SIRA
767.735,1.512334478,0.902987246,0.994052369,0.989440733,0.829543451,SIRA
767.68,1.567207827,0.903457808,0.99691389,0.988705838,0.78550241,SIRA
770.819,1.572804585,0.896622096,0.996184532,0.992020592,0.684392354,SIRA
775.087,1.526927714,0.886942162,0.993457334,0.987931034,0.794401978,SIRA
773.906,1.568909288,0.889735145,0.998172292,0.987380088,0.790139559,SIRA
775.906,1.538280907,0.885258604,0.993672951,0.987174713,0.817640254,SIRA
762.522,1.437472976,0.916629563,0.996906194,0.990494874,0.724310477,SIRA
768.017,1.542768304,0.903602512,0.997412286,0.990657262,0.797315588,SIRA
784.924,1.610679761,0.865115551,0.996002279,0.988049758,0.692535023,SIRA
780.397,1.532254745,0.87524345,0.995370617,0.987475556,0.742664052,SIRA
780.557,1.691611118,0.874905294,0.996964455,0.988580484,0.731172973,SIRA
775.479,1.443600529,0.886421834,0.995257542,0.987844069,0.703097807,SIRA
786.412,1.689539009,0.861966728,0.996262712,0.988235568,0.697989338,SIRA
764.122,1.489467208,0.913053174,0.99806224,0.989550289,0.785949831,SIRA
774.635,1.498207991,0.888522015,0.997200424,0.990290356,0.724484743,SIRA
762.767,1.480868759,0.916407994,0.996456817,0.989944004,0.759151906,SIRA
779.817,1.495782056,0.876773193,0.992433281,0.985918438,0.827963704,SIRA
778.43,1.627547854,0.879941907,0.995248337,0.986239918,0.747235137,SIRA
776.089,1.549758745,0.885279302,0.995077622,0.988906498,0.756957328,SIRA
783.888,1.668061514,0.867812773,0.991695689,0.98759542,0.767151767,SIRA
761.749,1.450703822,0.919010597,0.996741535,0.988723206,0.791834602,SIRA
762.303,1.522324532,0.917718559,0.994998181,0.989392209,0.809267735,SIRA
782.142,1.635231127,0.871753214,0.995150366,0.98642555,0.790735807,SIRA
775.99,1.618582241,0.885672153,0.996659467,0.990131349,0.777232437,SIRA
770.203,1.54718237,0.899179617,0.997493174,0.989071675,0.725403743,SIRA
764.421,1.499661283,0.912984198,0.997893496,0.990319345,0.770168532,SIRA
771.244,1.453609992,0.896965153,0.990681131,0.989765946,0.757700682,SIRA
787.486,1.576983065,0.860366939,0.995014656,0.984898745,0.717171717,SIRA
796.355,1.752214056,0.841408927,0.996537587,0.987190217,0.671351779,SIRA
790.375,1.677705777,0.854209458,0.996381749,0.988040393,0.679641485,SIRA
764.912,1.522787712,0.912199076,0.996848739,0.98933147,0.760329395,SIRA
775.825,1.641163559,0.886800514,0.996453464,0.99060146,0.782073943,SIRA
777.852,1.495789257,0.882247026,0.994489322,0.986140774,0.707700253,SIRA
759.66,1.383966466,0.925095404,0.997661887,0.989034781,0.728946465,SIRA
769.384,1.504388444,0.901944116,0.993655674,0.986463896,0.727579416,SIRA
771.623,1.614411448,0.896780728,0.990966405,0.98664809,0.797350297,SIRA
767.735,1.475807098,0.905993366,0.99559731,0.989567566,0.805882688,SIRA
784.858,1.7468867,0.867076644,0.996897266,0.990907819,0.702255266,SIRA
769.399,1.462721924,0.90229105,0.993417743,0.987661493,0.768875945,SIRA
779.552,1.528173698,0.879044354,0.995578845,0.987433509,0.799210378,SIRA
803.074,1.796576432,0.828401576,0.994100165,0.986312493,0.716609358,SIRA
787.42,1.804962866,0.861767749,0.996437024,0.992391355,0.785748605,SIRA
778.928,1.535508259,0.880701865,0.996354199,0.988860724,0.694236735,SIRA
781.67,1.572840151,0.874657319,0.991735792,0.983602008,0.802536232,SIRA
775.403,1.455275138,0.888894651,0.996507033,0.988426141,0.72981553,SIRA
781.126,1.572947343,0.87626733,0.996800796,0.985842717,0.71772942,SIRA
771.434,1.475558911,0.898529395,0.997045104,0.989627425,0.760617761,SIRA
771.616,1.602030541,0.898126681,0.997425857,0.990618307,0.752085543,SIRA
775.735,1.539821921,0.888614252,0.99260302,0.985844685,0.730649038,SIRA
775.043,1.594569979,0.890264525,0.995573742,0.985845669,0.697948272,SIRA
776.179,1.644001267,0.887702202,0.994228159,0.986760648,0.811927656,SIRA
776.378,1.651029228,0.88726804,0.997019361,0.990942535,0.82163404,SIRA
775.116,1.540234961,0.890326918,0.996198586,0.989953255,0.713313783,SIRA
767.095,1.478009263,0.909064725,0.996855596,0.989263305,0.71231593,SIRA
765.436,1.448272243,0.91343856,0.99540413,0.988671186,0.817977528,SIRA
776.833,1.566158813,0.886916155,0.992715665,0.989315247,0.763256456,SIRA
777.527,1.493519959,0.885395945,0.996875939,0.987458272,0.767809503,SIRA
785.173,1.59078558,0.868297118,0.99633788,0.987070164,0.682452458,SIRA
776.305,1.477935538,0.888289843,0.995694239,0.986910692,0.778508772,SIRA
793.4,1.628937055,0.850443107,0.99752659,0.987574472,0.696094771,SIRA
782.51,1.489233743,0.874524904,0.995317236,0.98750927,0.698883112,SIRA
791.872,1.673860331,0.854028913,0.992296272,0.988540942,0.677670706,SIRA
787.075,1.588805677,0.864491052,0.996511838,0.986664506,0.688960021,SIRA
793.846,1.62572114,0.84984671,0.993408166,0.987716981,0.693860606,SIRA
766.745,1.512756118,0.9110491,0.997026364,0.988748927,0.772137681,SIRA
773.731,1.567657017,0.89473466,0.994507553,0.986621299,0.820153159,SIRA
764.772,1.423424139,0.91614265,0.997067069,0.989740495,0.720513687,SIRA
773.799,1.612452481,0.895249,0.993267194,0.986539929,0.802185196,SIRA
793.32,1.695530655,0.851732789,0.990244853,0.979472343,0.674418972,SIRA
771.819,1.499777674,0.899953654,0.993269639,0.985834778,0.705390212,SIRA
769.467,1.507782574,0.905591114,0.997960639,0.989357015,0.732183612,SIRA
770.878,1.516984452,0.902300142,0.998470156,0.990873624,0.801988572,SIRA
773.906,1.536253759,0.895274221,0.995852853,0.987388638,0.768067681,SIRA
773.888,1.494715833,0.895399798,0.996523315,0.988739574,0.782019095,SIRA
780.614,1.613713023,0.880056839,0.995778712,0.987984442,0.800266287,SIRA
779.318,1.529595369,0.883048401,0.997048944,0.988923904,0.688521416,SIRA
788.957,1.6735092,0.861643482,0.992129703,0.98641028,0.791278876,SIRA
766.452,1.540779702,0.913093447,0.996972096,0.989338278,0.700799553,SIRA
794.621,1.719567873,0.849523207,0.991383354,0.984342211,0.830774022,SIRA
781.306,1.535610484,0.878766218,0.997841674,0.986914505,0.781831502,SIRA
777.834,1.576894125,0.886711864,0.995688675,0.987509252,0.800074963,SIRA
782.092,1.565982084,0.877267868,0.996732163,0.988929804,0.807400684,SIRA
778.007,1.527083096,0.886545932,0.993404206,0.987055914,0.76660563,SIRA
769.073,1.534562154,0.907432802,0.998580384,0.988978165,0.707463725,SIRA
777.283,1.600513343,0.88846864,0.998424665,0.990010893,0.703028308,SIRA
776.975,1.533364704,0.889277253,0.997675994,0.987745948,0.775335753,SIRA
765.843,1.479925979,0.915338955,0.996461554,0.989484899,0.776580081,SIRA
784.924,1.477814536,0.871744398,0.994629918,0.984792627,0.693133534,SIRA
767.781,1.494680602,0.911214169,0.997138747,0.99079783,0.722239119,SIRA
774.164,1.592756012,0.896313052,0.998944986,0.990614789,0.728791598,SIRA
779.989,1.565353658,0.883347409,0.997293749,0.988672092,0.685583289,SIRA
767.672,1.440592302,0.911942067,0.995499723,0.989175437,0.757823298,SIRA
763.413,1.464299992,0.92218883,0.996925433,0.990963646,0.773791431,SIRA
773.343,1.474887926,0.898805492,0.992587439,0.987921199,0.787481591,SIRA
773.179,1.513766655,0.899460097,0.994404158,0.989386792,0.755615597,SIRA
773.403,1.544604891,0.89898117,0.995670066,0.991083009,0.769317896,SIRA
767.708,1.452023579,0.912453544,0.994598682,0.990670864,0.721183013,SIRA
793.323,1.645842553,0.854621542,0.992041784,0.98461043,0.765031815,SIRA
769.464,1.486529053,0.908633249,0.996369473,0.989323597,0.81762796,SIRA
784.783,1.605381052,0.87354715,0.996092224,0.98763524,0.720430108,SIRA
776.073,1.627237191,0.893348578,0.996236068,0.988616948,0.791061597,SIRA
798.461,1.633407421,0.844072082,0.994654578,0.989989828,0.76546189,SIRA
782.424,1.539058795,0.879089413,0.995837083,0.988801921,0.748955072,SIRA
771.36,1.482835993,0.904509826,0.989559843,0.982428372,0.79231495,SIRA
798.445,1.817130627,0.844184757,0.997964312,0.984144128,0.740016934,SIRA
789.064,1.41528372,0.864578543,0.987537564,0.980633198,0.739346554,SIRA
773.129,1.505941736,0.900627618,0.996936661,0.986460036,0.753995353,SIRA
787.784,1.679221866,0.867471373,0.996372975,0.988623252,0.699844809,SIRA
776.196,1.473608198,0.893607772,0.995978401,0.986665745,0.803974554,SIRA
799.79,1.749132153,0.841780024,0.990315481,0.982887946,0.7935,SIRA
776.373,1.464923786,0.893408845,0.996120454,0.986305469,0.733507925,SIRA
776.166,1.416451723,0.893885445,0.990964287,0.987578355,0.726716185,SIRA
767.736,1.548503023,0.913794105,0.996034694,0.988537294,0.805597324,SIRA
775.687,1.540146893,0.895219501,0.99683308,0.988196238,0.71861588,SIRA
776.938,1.617440994,0.89240137,0.994778312,0.986264495,0.698478133,SIRA
766.587,1.538061072,0.916834816,0.997461734,0.992522802,0.81033831,SIRA
776.816,1.585303087,0.892869118,0.997496427,0.990093523,0.760779304,SIRA
784.774,1.617900443,0.874995484,0.995996764,0.983848395,0.732892398,SIRA
771.513,1.5244847,0.905502261,0.994511202,0.987589224,0.696056475,SIRA
776.661,1.400596357,0.893558861,0.990992501,0.986521919,0.714616551,SIRA
773.543,1.545919138,0.900797901,0.998610622,0.988226892,0.760109871,SIRA
771.015,1.454557368,0.906714648,0.995681374,0.990348872,0.709913936,SIRA
786.394,1.636093578,0.871739598,0.995726735,0.986932916,0.762639551,SIRA
768.085,1.389076197,0.913858504,0.993360065,0.987388092,0.741496716,SIRA
766.442,1.442748558,0.917909081,0.995608335,0.990032533,0.734994861,SIRA
775.828,1.576931689,0.8958545,0.995716072,0.98834531,0.733955939,SIRA
773.005,1.557741002,0.902472827,0.998027504,0.991199704,0.794052884,SIRA
773.758,1.570300205,0.900843095,0.997883788,0.98946422,0.799981361,SIRA
774.96,1.492911137,0.898113534,0.996590417,0.989373718,0.703720099,SIRA
767.794,1.439157835,0.915062956,0.998117044,0.989033016,0.784412974,SIRA
769.443,1.495086256,0.911272353,0.998078877,0.991295313,0.728851541,SIRA
761.128,1.388603327,0.931313328,0.995814425,0.990472236,0.806499483,SIRA
768.826,1.503106009,0.912778092,0.99395284,0.989536518,0.693349913,SIRA
781.224,1.638318573,0.884221773,0.994350924,0.987876975,0.786145791,SIRA
771.134,1.481634156,0.907533713,0.997224143,0.989242606,0.805540966,SIRA
778.088,1.47677916,0.891446683,0.994062374,0.98740114,0.789427248,SIRA
782.117,1.547311547,0.882388653,0.996397274,0.986903476,0.803130025,SIRA
763.858,1.408090869,0.925163616,0.998579517,0.990043559,0.790711801,SIRA
789.231,1.77103737,0.866754675,0.998514378,0.990752698,0.759224571,SIRA
771.052,1.366673741,0.908149492,0.995545293,0.987905544,0.804783936,SIRA
778.956,1.587142846,0.889978845,0.998171254,0.989591249,0.689730996,SIRA
789.079,1.721167684,0.86743173,0.993492818,0.987296993,0.671017298,SIRA
770.916,1.47679546,0.908787106,0.997808407,0.989547359,0.714998669,SIRA
784.328,1.577577275,0.8780132,0.996170569,0.988978625,0.713228461,SIRA
786.826,1.501834691,0.872589137,0.996264691,0.986121943,0.719697984,SIRA
783.441,1.490857281,0.880350526,0.998160538,0.986645557,0.75450079,SIRA
787.286,1.634372203,0.871833317,0.996417106,0.986646476,0.802635508,SIRA
767.416,1.546434518,0.917628972,0.997903071,0.991126988,0.76857776,SIRA
791.397,1.750785133,0.862959685,0.99487947,0.988508389,0.746390393,SIRA
781.284,1.563964379,0.885527054,0.997160558,0.987873777,0.726894804,SIRA
798.253,1.745710428,0.848318169,0.995278028,0.988169351,0.726719827,SIRA
781.572,1.588531348,0.885018564,0.992738482,0.98767161,0.79868189,SIRA
788.25,1.548117121,0.870106677,0.993512823,0.989011494,0.70308874,SIRA
761.989,1.395016673,0.931157713,0.996203985,0.991222209,0.811880814,SIRA
818.531,1.676175508,0.807032008,0.994168066,0.98304775,0.722491814,SIRA
782.027,1.652804317,0.884132853,0.993976828,0.986812834,0.794695626,SIRA
775.619,1.548010936,0.89911557,0.997511853,0.98931231,0.794972665,SIRA
783.0,1.62572365,0.882264821,0.998234483,0.989813048,0.694953018,SIRA
795.871,1.570216309,0.854018727,0.997325503,0.987248584,0.699405342,SIRA
780.551,1.507894956,0.887871643,0.995589274,0.989768233,0.70252142,SIRA
772.666,1.570185645,0.906338021,0.997002799,0.990044146,0.814169834,SIRA
779.01,1.486775796,0.89182266,0.990072024,0.981114883,0.775245707,SIRA
770.316,1.430512465,0.912426992,0.997526405,0.990004596,0.778663341,SIRA
778.746,1.580690726,0.893049071,0.997980739,0.988826431,0.754318719,SIRA
775.123,1.562365249,0.901521555,0.997967956,0.99023617,0.770108987,SIRA
771.537,1.501165681,0.909921331,0.996872244,0.987875871,0.716734843,SIRA
781.526,1.553575016,0.886995003,0.993181053,0.988943433,0.705585833,SIRA
768.325,1.434227715,0.917885724,0.997982293,0.99033073,0.789031621,SIRA
784.094,1.528425885,0.881480646,0.998028892,0.988493628,0.795051896,SIRA
792.5,1.580596412,0.862920211,0.995326686,0.985602633,0.688934682,SIRA
793.339,1.723048586,0.86111597,0.995628107,0.987001396,0.814123377,SIRA
785.821,1.467505844,0.87775289,0.99775651,0.986867092,0.799469899,SIRA
772.6,1.499007491,0.908050751,0.995904684,0.990242895,0.769297995,SIRA
797.598,1.565788339,0.852042946,0.995365951,0.985041906,0.74235853,SIRA
782.843,1.579644027,0.884771763,0.994405602,0.987436496,0.692833861,SIRA
788.215,1.570631406,0.872772941,0.993428279,0.981239341,0.690289554,SIRA
783.691,1.615291429,0.882919431,0.997970066,0.987505149,0.771342771,SIRA
780.507,1.514987001,0.890220198,0.994769647,0.984285551,0.7552942,SIRA
782.565,1.44668679,0.885605687,0.997956165,0.988502325,0.753250606,SIRA
783.276,1.558478165,0.884223948,0.993811911,0.987917067,0.742186157,SIRA
782.855,1.543001599,0.885503302,0.997161323,0.989075419,0.758447489,SIRA
768.92,1.49843083,0.917911025,0.996774197,0.990891153,0.793368237,SIRA
790.801,1.574190045,0.867837749,0.994742549,0.987809062,0.738004101,SIRA
783.521,1.593747539,0.884141857,0.996820928,0.987178315,0.688049573,SIRA
766.806,1.475863529,0.923192878,0.997725668,0.991416309,0.739067205,SIRA
772.169,1.455598665,0.910413578,0.997510652,0.987992315,0.769643303,SIRA
768.043,1.441746022,0.920391932,0.996753451,0.988921697,0.811087332,SIRA
775.213,1.527883638,0.903507858,0.994212012,0.984259323,0.767405513,SIRA
779.043,1.490676622,0.894666591,0.99254119,0.988379806,0.768132689,SIRA
786.913,1.60446815,0.876901355,0.994880158,0.986620088,0.785797418,SIRA
780.946,1.545557773,0.890373492,0.995754592,0.984619591,0.721932638,SIRA
771.987,1.459428701,0.911454386,0.99687853,0.989515612,0.809839628,SIRA
784.198,1.591668102,0.883433322,0.992282143,0.988657413,0.718729219,SIRA
782.105,1.514278761,0.888250155,0.991568855,0.982011856,0.712259489,SIRA
794.513,1.580580021,0.860822522,0.995280287,0.984944081,0.7835399,SIRA
775.198,1.55677817,0.904253814,0.99815638,0.98888584,0.780682434,SIRA
776.834,1.559653521,0.900490784,0.99819155,0.991425558,0.78925371,SIRA
787.245,1.605404238,0.87705405,0.997686726,0.986813588,0.786340169,SIRA
775.342,1.587339649,0.904189709,0.99816162,0.991973398,0.702191558,SIRA
790.347,1.592241104,0.87030364,0.997610624,0.988687266,0.750850458,SIRA
788.422,1.594803357,0.874599102,0.996513154,0.988597413,0.708532591,SIRA
772.889,1.487057464,0.910169666,0.994448612,0.990272596,0.776489591,SIRA
784.55,1.611706445,0.88333491,0.99471102,0.989118259,0.751946472,SIRA
806.547,1.756271478,0.835828787,0.990460137,0.980422369,0.752303787,SIRA
777.646,1.57533594,0.899400863,0.997642752,0.990933651,0.73279832,SIRA
822.236,1.751061335,0.804496594,0.995012895,0.98182973,0.663936187,SIRA
777.472,1.487296093,0.900011377,0.998631498,0.989282695,0.756244978,SIRA
778.205,1.591805918,0.898441215,0.996879098,0.989985367,0.685713381,SIRA
782.271,1.579637681,0.889269599,0.995079756,0.988066989,0.710920314,SIRA
788.229,1.75629893,0.875957836,0.996423472,0.989309455,0.818757562,SIRA
781.732,1.54148336,0.890640259,0.998061303,0.98840712,0.700478717,SIRA
783.459,1.448610599,0.886759007,0.990194802,0.980931244,0.721611355,SIRA
792.262,1.657147436,0.867162531,0.99758678,0.989604515,0.691541335,SIRA
776.747,1.428159588,0.902171313,0.995115816,0.987506554,0.707564892,SIRA
778.174,1.520211208,0.898907083,0.997770198,0.989108097,0.735283134,SIRA
797.664,1.668686527,0.855535977,0.995850838,0.987462387,0.797576963,SIRA
779.47,1.446510251,0.895941083,0.994976974,0.989356843,0.826048818,SIRA
789.014,1.555822554,0.874558854,0.994110943,0.982471258,0.80298762,SIRA
794.981,1.52768796,0.861559062,0.992650986,0.984414758,0.679835572,SIRA
794.191,1.762916313,0.863293863,0.991016,0.985377723,0.659889742,SIRA
783.624,1.613102568,0.886774434,0.996122926,0.989563827,0.787071346,SIRA
781.647,1.391462611,0.891327602,0.996774948,0.988120482,0.764977935,SIRA
793.558,1.67234194,0.864871215,0.997801544,0.987446459,0.743349627,SIRA
787.501,1.543603696,0.878327869,0.991459041,0.986167357,0.789400838,SIRA
783.976,1.564691084,0.886550783,0.993564665,0.987317273,0.680172549,SIRA
773.114,1.415683884,0.91186855,0.996270768,0.989798946,0.753928522,SIRA
789.87,1.573644966,0.873691555,0.995722576,0.986580845,0.694043105,SIRA
787.214,1.667311123,0.879617316,0.995253294,0.987142435,0.774800843,SIRA
792.35,1.613187828,0.868451103,0.992296634,0.98692082,0.718510913,SIRA
780.002,1.442064726,0.896185829,0.997762799,0.987460173,0.763353272,SIRA
768.192,1.428504633,0.923974433,0.994375647,0.989396876,0.766039335,SIRA
794.102,1.654597812,0.864702973,0.994557044,0.988608402,0.758734044,SIRA
769.0,1.464883185,0.922140034,0.99676093,0.99120603,0.816370683,SIRA
776.542,1.472392049,0.904335677,0.996928893,0.989533691,0.81144353,SIRA
784.336,1.527288122,0.886472513,0.992941626,0.984818227,0.717305785,SIRA
782.63,1.561117181,0.89036196,0.996185201,0.988745102,0.827574371,SIRA
777.006,1.516900338,0.903318369,0.995585337,0.987732714,0.80574431,SIRA
774.798,1.555263753,0.908495147,0.997582423,0.99224948,0.807381776,SIRA
796.222,1.502570195,0.860441401,0.989259861,0.98348362,0.726632072,SIRA
782.236,1.475029324,0.891608235,0.998161989,0.990418615,0.709580936,SIRA
784.119,1.533820582,0.887331123,0.996255107,0.988096864,0.783395586,SIRA
807.149,1.797989334,0.837456484,0.993367516,0.986929442,0.795255976,SIRA
783.626,1.516433543,0.888632138,0.994911553,0.986864233,0.770543874,SIRA
784.981,1.546302608,0.885668917,0.997459345,0.987696156,0.730414747,SIRA
799.251,1.58907491,0.854384412,0.991234449,0.980937754,0.802423974,SIRA
783.606,1.528415184,0.888882151,0.995846628,0.989249761,0.766599598,SIRA
792.041,1.525527747,0.870070338,0.99423012,0.987675376,0.79523609,SIRA
773.597,1.47085108,0.912095122,0.996905291,0.989926844,0.706258231,SIRA
778.529,1.540611597,0.900575437,0.994879668,0.986778437,0.779111063,SIRA
792.227,1.551512437,0.869741922,0.994120632,0.986577334,0.71419881,SIRA
782.927,1.590452596,0.890588606,0.998088211,0.990718146,0.80972973,SIRA
781.727,1.600678115,0.893509996,0.994056891,0.987432961,0.684224616,SIRA
773.873,1.376780886,0.911927257,0.994183042,0.985308788,0.788089798,SIRA
791.981,1.532777606,0.870723074,0.992014928,0.986136322,0.697899605,SIRA
771.879,1.455701513,0.916876927,0.997406429,0.99043084,0.823314394,SIRA
769.887,1.472099992,0.922009324,0.997345606,0.990795799,0.807415246,SIRA
789.611,1.575318993,0.876562481,0.995467539,0.986637931,0.807857342,SIRA
774.492,1.505997278,0.911245289,0.996629813,0.991588018,0.806097109,SIRA
789.994,1.727542396,0.876014781,0.995124087,0.989852566,0.703070459,SIRA
790.454,1.625572142,0.875015606,0.996219516,0.987292078,0.800644093,SIRA
792.22,1.622493813,0.871258979,0.996477633,0.989831896,0.688469084,SIRA
791.852,1.541256516,0.872089015,0.989591161,0.979891011,0.729921498,SIRA
784.865,1.607432948,0.887827889,0.996721246,0.991366939,0.742823007,SIRA
777.324,1.480819352,0.905262277,0.995592958,0.989655094,0.73676371,SIRA
795.624,1.50769965,0.864137358,0.998352984,0.986493224,0.728121236,SIRA
787.024,1.641101352,0.883267827,0.99834004,0.990918609,0.736068844,SIRA
796.581,1.556301747,0.862240518,0.98964616,0.98522357,0.660803181,SIRA
796.795,1.658708538,0.861856599,0.993413861,0.987101016,0.67465642,SIRA
774.269,1.471433341,0.912755466,0.99570925,0.987862701,0.81450029,SIRA
781.37,1.558793383,0.896261401,0.99686842,0.989164509,0.69672,SIRA
788.619,1.568233829,0.87994105,0.991964574,0.981452267,0.800283,SIRA
786.279,1.522718618,0.885186328,0.993574205,0.985293785,0.735475917,SIRA
790.199,1.687881691,0.876445816,0.996974791,0.989750233,0.782822836,SIRA
787.569,1.558922556,0.882613073,0.997833871,0.988877539,0.743049633,SIRA
795.147,1.590302312,0.865909831,0.99738398,0.987712258,0.694848485,SIRA
794.368,1.65483176,0.867828037,0.994939775,0.987939243,0.708908121,SIRA
793.443,1.597462457,0.869892575,0.993294075,0.990229493,0.703447831,SIRA
781.353,1.534192774,0.897020818,0.996195589,0.986508511,0.702450032,SIRA
781.821,1.655800112,0.896193925,0.998262291,0.991200346,0.791387542,SIRA
784.384,1.554013167,0.890612328,0.995589392,0.988461713,0.777744087,SIRA
795.74,1.598474031,0.865433404,0.995360498,0.984490349,0.758254943,SIRA
779.161,1.449866891,0.902820237,0.994233891,0.986296414,0.713344128,SIRA
781.452,1.5715854,0.897575517,0.99860568,0.991295652,0.701028608,SIRA
788.221,1.61651324,0.882286185,0.997412271,0.991251193,0.799886309,SIRA
781.191,1.489977374,0.898257754,0.993806844,0.987615749,0.789181366,SIRA
773.25,1.479666571,0.91686511,0.997904898,0.989947354,0.710042318,SIRA
786.511,1.5869457,0.886248702,0.994001311,0.988803518,0.741955782,SIRA
792.654,1.559274671,0.87260523,0.994944613,0.984364424,0.766321817,SIRA
775.132,1.599236888,0.912606502,0.994093233,0.985811757,0.797929925,SIRA
778.307,1.553273184,0.905175975,0.998504476,0.991817066,0.767663617,SIRA
798.501,1.526896912,0.860148688,0.995747169,0.985324995,0.730011374,SIRA
768.419,1.41171597,0.929110918,0.994032848,0.990875871,0.750894393,SIRA
783.069,1.506755334,0.894897104,0.99752767,0.988120291,0.800836268,SIRA
806.661,1.505195093,0.843413928,0.989781379,0.984757266,0.720569552,SIRA
787.993,1.536442641,0.883849195,0.997318218,0.987161231,0.71045354,SIRA
776.928,1.535336405,0.909266466,0.998266048,0.990857324,0.713240577,SIRA
767.654,1.367158963,0.931411452,0.996092623,0.989197146,0.797043796,SIRA
785.42,1.6793684,0.889853286,0.99653557,0.991781133,0.746105759,SIRA
776.51,1.474424438,0.910412384,0.99702079,0.990971372,0.788249517,SIRA
782.688,1.561240692,0.896260875,0.997047069,0.989760783,0.802778084,SIRA
794.323,1.674179555,0.870236696,0.997630373,0.989806089,0.799553506,SIRA
788.586,1.618691445,0.883167062,0.995988601,0.988711429,0.741164699,SIRA
806.06,1.52919281,0.84538771,0.998399162,0.984681235,0.710697039,SIRA
790.285,1.593852468,0.879494501,0.996810902,0.989989355,0.703484349,SIRA
781.407,1.526694393,0.899592884,0.997140788,0.987863858,0.785632122,SIRA
793.823,1.553337637,0.871891669,0.996576243,0.987353778,0.694088138,SIRA
788.823,1.678428813,0.883060552,0.99513538,0.986107979,0.702154992,SIRA
784.141,1.475154912,0.893678179,0.994047678,0.98800244,0.832248487,SIRA
796.006,1.542043749,0.867314328,0.997014515,0.985443238,0.697736012,SIRA
791.206,1.66871232,0.877889774,0.993462615,0.991633033,0.819860523,SIRA
775.79,1.480073976,0.913293186,0.996672765,0.989637775,0.706137802,SIRA
786.254,1.555625923,0.889369105,0.998155988,0.988477701,0.776350344,SIRA
769.631,1.365248964,0.928202363,0.995189124,0.989931443,0.767848368,SIRA
802.129,1.638002667,0.854533838,0.994581679,0.987763856,0.657346755,SIRA
794.736,1.570919076,0.870506319,0.991541059,0.990155698,0.694492063,SIRA
787.988,1.555781313,0.885580654,0.996139174,0.988948403,0.687921521,SIRA
782.552,1.532892025,0.898234568,0.997519204,0.989622897,0.721077341,SIRA
786.132,1.522861303,0.890092513,0.998074638,0.989645506,0.70643105,SIRA
783.151,1.503297618,0.896902026,0.996851656,0.990496663,0.775533705,SIRA
790.289,1.616338033,0.880773308,0.994272217,0.985879014,0.803741921,SIRA
780.897,1.595663334,0.902169608,0.997353341,0.990945925,0.739260385,SIRA
777.273,1.426067136,0.910705869,0.997520526,0.98982683,0.733769063,SIRA
793.258,1.705581058,0.874432184,0.996107144,0.989268447,0.790578847,SIRA
786.336,1.587320067,0.889915263,0.9959845,0.99018588,0.79265776,SIRA
776.66,1.485937712,0.912373196,0.995736799,0.9894939,0.783592772,SIRA
799.068,1.597816319,0.861939599,0.992542525,0.985442027,0.692011124,SIRA
788.006,1.547456676,0.886491346,0.994780889,0.989876393,0.772411483,SIRA
791.472,1.602561672,0.879045037,0.996937394,0.988250152,0.752662315,SIRA
776.152,1.4244125,0.914318867,0.993278337,0.988141669,0.710020735,SIRA
785.843,1.54540604,0.89209033,0.996144386,0.984858696,0.705958132,SIRA
785.132,1.611275892,0.893727165,0.99419861,0.988835258,0.735587248,SIRA
770.631,1.478836197,0.927784031,0.996825604,0.990310559,0.799045068,SIRA
777.155,1.498393811,0.912272435,0.995118344,0.98888112,0.792559922,SIRA
786.766,1.656078743,0.890140541,0.996698144,0.987300444,0.673160771,SIRA
785.16,1.501403808,0.893969186,0.992154385,0.98683648,0.802517933,SIRA
801.371,1.566635748,0.858284067,0.998009161,0.986638474,0.736372031,SIRA
799.411,1.645903446,0.862537245,0.998401384,0.989354024,0.732776478,SIRA
791.987,1.542372676,0.878783696,0.996910327,0.989487931,0.69725004,SIRA
801.01,1.659846181,0.859194964,0.996538423,0.988886885,0.682722236,SIRA
794.358,1.792891965,0.873665027,0.994418184,0.992040161,0.823324075,SIRA
786.122,1.531598865,0.892128257,0.996541202,0.987307874,0.778511223,SIRA
790.864,1.616166921,0.881482066,0.993218129,0.987930646,0.68294885,SIRA
781.608,1.502955603,0.902544862,0.997082029,0.991817175,0.710558704,SIRA
783.733,1.575708744,0.897657208,0.995581603,0.989357144,0.723028755,SIRA
781.02,1.501455718,0.903904356,0.99663799,0.987686836,0.751653133,SIRA
783.709,1.545288889,0.897773567,0.995153826,0.988243773,0.719816273,SIRA
783.953,1.476165,0.897501061,0.990753112,0.985850328,0.794001664,SIRA
790.024,1.643263144,0.883820631,0.997961989,0.988404035,0.780307878,SIRA
794.95,1.597840932,0.8730006,0.998075913,0.989162517,0.681538748,SIRA
778.254,1.441661286,0.910984099,0.993678271,0.990100796,0.808737936,SIRA
777.878,1.506188773,0.911927293,0.99569316,0.988919668,0.747930506,SIRA
790.779,1.525515056,0.882475397,0.993950182,0.985723906,0.699211846,SIRA
784.028,1.543524017,0.897901766,0.995652959,0.989167399,0.801247788,SIRA
774.095,1.521811858,0.92115584,0.996538563,0.990729881,0.714506474,SIRA
784.541,1.489253022,0.897197477,0.997910953,0.987639061,0.780828003,SIRA
777.578,1.522594896,0.913400091,0.995865226,0.987839691,0.79108615,SIRA
802.9,1.702018434,0.856714162,0.993311979,0.989508049,0.805900906,SIRA
805.111,1.608456347,0.852228448,0.992876925,0.984392145,0.689568627,SIRA
799.652,1.673997284,0.863923667,0.992718771,0.982061478,0.731038497,SIRA
785.947,1.590193981,0.894336148,0.994975841,0.986779197,0.799323624,SIRA
786.271,1.574020712,0.893883812,0.997324569,0.989180556,0.737654321,SIRA
792.432,1.689015081,0.880178392,0.995696758,0.990006077,0.662873764,SIRA
781.199,1.432252136,0.905837595,0.993495687,0.988783996,0.830614403,SIRA
802.382,1.787367247,0.858699005,0.997712941,0.987985358,0.734886829,SIRA
785.046,1.461444359,0.897063065,0.997115839,0.987963441,0.809684187,SIRA
807.713,1.64933693,0.847536216,0.991771054,0.984186275,0.793382618,SIRA
786.321,1.453614976,0.894359533,0.993193033,0.987544883,0.705208333,SIRA
793.67,1.57903546,0.87793339,0.992231463,0.986748582,0.800465641,SIRA
779.662,1.478842902,0.909929409,0.997490767,0.99070427,0.768972746,SIRA
793.537,1.63553467,0.87850709,0.99570163,0.989703237,0.819349315,SIRA
781.776,1.486083814,0.905261716,0.997038743,0.988837732,0.713604979,SIRA
781.299,1.484956522,0.906449762,0.990515305,0.98741955,0.807511737,SIRA
802.811,1.592661088,0.858561428,0.991897324,0.986844759,0.712259192,SIRA
790.381,1.594063724,0.885858727,0.993804733,0.988418548,0.780400496,SIRA
778.094,1.46307291,0.914243888,0.996143205,0.98948669,0.722022785,SIRA
791.48,1.684325748,0.883661117,0.994492031,0.987269997,0.786821705,SIRA
791.976,1.557049207,0.882614727,0.99809407,0.987337233,0.743640384,SIRA
791.066,1.488909691,0.885128463,0.996425428,0.987985834,0.787838707,SIRA
807.838,1.733669498,0.848852926,0.997175551,0.983183531,0.774527374,SIRA
789.911,1.491018162,0.887960484,0.995672225,0.985713966,0.72089601,SIRA
790.815,1.608458272,0.886011921,0.996901658,0.987238044,0.69389104,SIRA
790.967,1.519787736,0.885932542,0.993596389,0.987816622,0.727262235,SIRA
790.752,1.608749002,0.886494753,0.99582221,0.987817714,0.785830082,SIRA
794.555,1.505090707,0.878267814,0.994357546,0.987113806,0.739202546,SIRA
805.369,1.609171912,0.854879228,0.996725786,0.986452348,0.684458715,SIRA
777.472,1.457311907,0.91741204,0.995918008,0.98970575,0.748596244,SIRA
785.291,1.550498403,0.899274735,0.989970673,0.982719843,0.73040384,SIRA
788.468,1.483283103,0.892163662,0.993099568,0.987250319,0.799612305,SIRA
787.612,1.528511988,0.894124233,0.995257494,0.989197669,0.711995096,SIRA
777.856,1.461156438,0.916776471,0.996535369,0.989864107,0.714896512,SIRA
783.07,1.548825864,0.90473153,0.996500308,0.990776274,0.776679216,SIRA
801.564,1.703356962,0.86354274,0.995645176,0.987055957,0.702430953,SIRA
793.209,1.501532396,0.881910112,0.995929169,0.987741589,0.727890147,SIRA
793.897,1.603016781,0.880541732,0.994338307,0.985143877,0.796034607,SIRA
791.839,1.598590321,0.885124759,0.995837419,0.988053157,0.694140576,SIRA
800.778,1.491367859,0.865669915,0.994742927,0.986290971,0.691948622,SIRA
792.142,1.45421121,0.88464802,0.997178333,0.986775678,0.768577642,SIRA
802.585,1.623938235,0.861834761,0.989787918,0.98258452,0.797548338,SIRA
796.888,1.500834398,0.874399311,0.996459038,0.985525025,0.735371455,SIRA
788.858,1.572784088,0.892351992,0.995324663,0.988192674,0.804771444,SIRA
808.541,1.68351313,0.849491923,0.992940393,0.984538953,0.724748676,SIRA
795.882,1.547318497,0.876849265,0.996819815,0.989389564,0.71931452,SIRA
790.599,1.612885314,0.888607115,0.997709788,0.991809532,0.695981482,SIRA
803.24,1.598245433,0.860858263,0.996333827,0.985155466,0.76734375,SIRA
799.28,1.651894688,0.86946858,0.994919813,0.987643839,0.715937804,SIRA
798.251,1.579208961,0.871751075,0.995288913,0.990454851,0.817139899,SIRA
783.036,1.552064395,0.90614227,0.99770758,0.99005755,0.80655636,SIRA
783.854,1.463816136,0.904313383,0.996175934,0.98963719,0.791550304,SIRA
783.454,1.543757706,0.90523703,0.997965528,0.992280072,0.708862383,SIRA
790.901,1.628889292,0.888330414,0.99652744,0.990458058,0.788920607,SIRA
803.747,1.617379932,0.860278315,0.99575093,0.987363533,0.688176895,SIRA
801.688,1.613161046,0.864820262,0.996706161,0.988932612,0.686102967,SIRA
770.329,1.439730629,0.936664643,0.99845801,0.990416265,0.737183333,SIRA
799.889,1.59684765,0.869068233,0.994327195,0.987700893,0.804849212,SIRA
804.829,1.637706013,0.85849058,0.994269413,0.986402746,0.731510563,SIRA
783.061,1.509571058,0.906965638,0.991992238,0.986403958,0.796630306,SIRA
786.675,1.498639525,0.898692156,0.990983978,0.98713059,0.767408795,SIRA
803.236,1.668403822,0.862230232,0.994670369,0.987772497,0.686436867,SIRA
785.595,1.570831104,0.901490602,0.996569148,0.990447641,0.744726661,SIRA
776.522,1.385932148,0.922763337,0.997980027,0.99013842,0.71996748,SIRA
786.695,1.466436862,0.899093165,0.996760051,0.989077263,0.698268521,SIRA
784.412,1.528771283,0.904395601,0.997620723,0.988989637,0.725475098,SIRA
810.384,1.682517453,0.847392854,0.993948736,0.985732093,0.80219183,SIRA
790.414,1.532353415,0.890752941,0.996787026,0.987931111,0.771246952,SIRA
778.783,1.554485097,0.917848201,0.998136924,0.991850077,0.701155429,SIRA
791.028,1.650301767,0.889973151,0.995655245,0.988137445,0.719399351,SIRA
800.556,1.610228959,0.868973602,0.995417976,0.988270449,0.690247017,SIRA
783.549,1.548047938,0.907228091,0.99757293,0.991499642,0.8004045,SIRA
813.871,1.701374655,0.840943961,0.996639052,0.98737025,0.659627976,SIRA
789.82,1.564148095,0.893120625,0.995283246,0.989135042,0.757802619,SIRA
799.949,1.511564503,0.870665966,0.991526585,0.98173243,0.740764874,SIRA
785.279,1.520919531,0.903581603,0.995769124,0.991148267,0.745126706,SIRA
789.387,1.595850061,0.894483858,0.996636032,0.989183764,0.811114768,SIRA
813.005,1.823343974,0.843287778,0.995462291,0.988809131,0.650934813,SIRA
785.631,1.463685996,0.903118205,0.994559661,0.987972738,0.791937442,SIRA
798.069,1.58963666,0.87520689,0.992864966,0.989824835,0.803619631,SIRA
791.197,1.640641035,0.890576635,0.997026683,0.990024771,0.679908046,SIRA
787.146,1.549953535,0.899908792,0.997254591,0.988923063,0.777293112,SIRA
799.872,1.628355065,0.871678177,0.997667559,0.990580778,0.808378871,SIRA
792.067,1.54716018,0.88906197,0.997200427,0.988002226,0.770991836,SIRA
789.818,1.505178391,0.89421295,0.997973401,0.990715529,0.770418966,SIRA
802.513,1.482580703,0.86618453,0.997591916,0.984148802,0.773110414,SIRA
793.865,1.608555584,0.88523871,0.996452083,0.987565343,0.735934755,SIRA
789.571,1.632326544,0.894953921,0.99611189,0.988841871,0.794072935,SIRA
828.921,1.666404505,0.812037959,0.996374069,0.98184512,0.682997739,SIRA
784.979,1.536038302,0.905699941,0.994716123,0.990565196,0.831947098,SIRA
785.924,1.503365255,0.903543556,0.996066363,0.988911156,0.772060357,SIRA
788.365,1.456203985,0.898705063,0.997137942,0.988238694,0.716988741,SIRA
791.389,1.556529706,0.891910241,0.996762829,0.988701068,0.769731602,SIRA
796.857,1.441358363,0.879711736,0.99253957,0.982516632,0.705676911,SIRA
796.915,1.530306315,0.879603475,0.992089333,0.987274019,0.691746289,SIRA
786.843,1.472780052,0.902266366,0.995854527,0.988349601,0.729790517,SIRA
797.857,1.595663681,0.877586893,0.990599235,0.985261851,0.777202797,SIRA
791.275,1.582953073,0.892247539,0.994787354,0.988416302,0.77020097,SIRA
779.384,1.470351935,0.919701818,0.998342709,0.991171159,0.728803279,SIRA
783.979,1.539182348,0.908993326,0.997454851,0.989781379,0.799982006,SIRA
794.113,1.532146135,0.88608078,0.996726768,0.988682601,0.703219889,SIRA
793.908,1.569726102,0.886558377,0.997322686,0.990356347,0.689924285,SIRA
790.341,1.670299951,0.894599058,0.992304305,0.986183496,0.783218261,SIRA
791.616,1.608211321,0.891839962,0.996085594,0.988442903,0.715764062,SIRA
782.475,1.581065898,0.913065729,0.997514369,0.992282471,0.80643524,SIRA
787.843,1.532045469,0.900766925,0.996068811,0.989304694,0.75689837,SIRA
785.831,1.564425058,0.905385382,0.99827138,0.991575663,0.772430556,SIRA
786.469,1.556830612,0.90438432,0.99623927,0.990675213,0.762243151,SIRA
793.623,1.512057069,0.88821278,0.997460073,0.988871365,0.760367562,SIRA
784.973,1.544269454,0.90797751,0.996532504,0.991647549,0.790167717,SIRA
782.548,1.42865419,0.913757247,0.997277372,0.988171852,0.764997938,SIRA
795.057,1.634085475,0.885349588,0.9900302,0.987713189,0.701217112,SIRA
781.797,1.443510266,0.915636974,0.99313239,0.989512742,0.777062395,SIRA
793.589,1.548612018,0.888648053,0.993834701,0.988546568,0.793104676,SIRA
789.43,1.426636361,0.898096643,0.991615652,0.987057598,0.733369558,SIRA
787.039,1.515640048,0.90370372,0.995693744,0.987344017,0.773300929,SIRA
787.717,1.453516704,0.902249987,0.993357709,0.983661213,0.765375893,SIRA
792.192,1.597838522,0.89214544,0.994039403,0.987937381,0.781320146,SIRA
794.32,1.677651361,0.88737169,0.996064263,0.989055875,0.737771154,SIRA
793.957,1.579834495,0.888203229,0.994513971,0.986931,0.696248027,SIRA
782.358,1.385214233,0.914981281,0.996979232,0.990267748,0.753635687,SIRA
786.042,1.543628862,0.9064451,0.997891111,0.99238477,0.723130841,SIRA
806.698,1.693413707,0.860619236,0.997491884,0.988094446,0.722427543,SIRA
799.568,1.483421679,0.876036498,0.998207009,0.988028731,0.761221562,SIRA
807.791,1.666659093,0.858330367,0.996655762,0.986542122,0.688318508,SIRA
800.383,1.622113832,0.874351417,0.993607316,0.985997434,0.675676085,SIRA
789.547,1.490287134,0.898515874,0.995905104,0.986892505,0.711574074,SIRA
808.734,1.735816921,0.856483578,0.995388102,0.987025064,0.704456384,SIRA
785.7,1.477096593,0.907458305,0.997502016,0.989918504,0.760098211,SIRA
789.579,1.606009251,0.898584142,0.997227698,0.989171918,0.799985644,SIRA
806.549,1.497796018,0.861284956,0.995192475,0.986110497,0.707714286,SIRA
802.209,1.610116223,0.870727009,0.997871966,0.988231905,0.698480576,SIRA
791.968,1.542832426,0.893471624,0.995346816,0.989790256,0.784681166,SIRA
786.362,1.390259297,0.906500072,0.995465214,0.986749547,0.737305785,SIRA
788.391,1.557931829,0.902001886,0.997517196,0.989860667,0.704428831,SIRA
805.011,1.733803822,0.86539356,0.996112257,0.989556309,0.739265836,SIRA
804.705,1.564838688,0.866207088,0.997124953,0.988550041,0.697350331,SIRA
802.456,1.548096341,0.871186325,0.995444451,0.98571397,0.713518524,SIRA
796.47,1.635518038,0.88433062,0.996436813,0.988551562,0.7177632,SIRA
802.656,1.578291885,0.870869259,0.994615554,0.986347369,0.686797213,SIRA
796.996,1.539374459,0.883341776,0.995407519,0.985042688,0.745550175,SIRA
788.8,1.542590793,0.901955382,0.997386074,0.98930043,0.810449332,SIRA
782.631,1.461550893,0.91625106,0.997690424,0.99116694,0.788349515,SIRA
789.111,1.375859015,0.901264755,0.990392942,0.983960518,0.714365693,SIRA
808.103,1.573348863,0.859399595,0.991525552,0.984654731,0.715418502,SIRA
799.776,1.555276691,0.877447256,0.994652197,0.985590079,0.724143522,SIRA
784.104,1.53646029,0.912913992,0.994105467,0.987333658,0.799588256,SIRA
798.584,1.577595242,0.880206573,0.988223213,0.983270966,0.74624123,SIRA
799.072,1.65597087,0.879190844,0.99745438,0.989062811,0.775330626,SIRA
799.799,1.613754084,0.877612884,0.997614298,0.990312784,0.802796147,SIRA
784.947,1.463453587,0.911158136,0.996340992,0.990598461,0.766032236,SIRA
800.745,1.555179248,0.875873659,0.997451999,0.988367207,0.703042411,SIRA
807.608,1.536322214,0.861089209,0.995028986,0.985969247,0.706921641,SIRA
783.926,1.427249427,0.913942069,0.991037885,0.990844196,0.699353769,SIRA
791.572,1.605141959,0.896411443,0.997596841,0.99003256,0.800505051,SIRA
807.598,1.668304639,0.86141881,0.993394856,0.986997218,0.801926388,SIRA
795.704,1.530630553,0.887383709,0.991985949,0.987171844,0.813056919,SIRA
784.35,1.48583414,0.913260622,0.997350729,0.989772425,0.7911734,SIRA
807.275,1.737935241,0.86214684,0.998144303,0.989882217,0.790114512,SIRA
801.453,1.615678396,0.874815952,0.99499548,0.988548437,0.80301697,SIRA
791.542,1.507251618,0.896920643,0.997243811,0.988090503,0.701408495,SIRA
792.243,1.504318473,0.895454229,0.996512645,0.988223077,0.720905867,SIRA
787.183,1.492470438,0.907063999,0.993947848,0.983811367,0.725609163,SIRA
798.099,1.512166912,0.882618235,0.996589643,0.987506622,0.707767758,SIRA
805.538,1.648393366,0.866508058,0.995222019,0.988315331,0.788718491,SIRA
793.513,1.516296514,0.893149018,0.996484028,0.988055813,0.768476544,SIRA
803.168,1.669518187,0.871941098,0.995087057,0.988406757,0.705837828,SIRA
810.924,1.584711155,0.855418115,0.993880448,0.986425738,0.708964207,SIRA
806.367,1.692580741,0.865423055,0.996201397,0.989372749,0.725711044,SIRA
792.589,1.644361767,0.895972841,0.998744319,0.98996552,0.78952935,SIRA
804.334,1.644264317,0.870055907,0.996818521,0.989813055,0.698232323,SIRA
785.622,1.497562524,0.912077037,0.997075937,0.989070918,0.704089652,SIRA
806.03,1.645495072,0.866533716,0.992683157,0.98569857,0.685099095,SIRA
796.542,1.669550306,0.887300074,0.995852365,0.987545465,0.782997763,SIRA
785.824,1.490357261,0.911791337,0.998011099,0.990056567,0.803306022,SIRA
803.602,1.552472656,0.871914125,0.998138358,0.988920524,0.75085044,SIRA
810.344,1.646351844,0.857465963,0.992661921,0.986482024,0.764781184,SIRA
793.217,1.533927077,0.894894223,0.995825037,0.98776509,0.788300493,SIRA
798.298,1.573629126,0.883617721,0.997249686,0.990889592,0.68377203,SIRA
813.76,1.614966739,0.850452924,0.993839383,0.985963832,0.705008809,SIRA
788.157,1.407611745,0.906644147,0.998074725,0.986355033,0.73614533,SIRA
790.151,1.638061627,0.902073964,0.997257713,0.990606282,0.797870825,SIRA
793.455,1.48168891,0.894616932,0.996375148,0.98986285,0.816215035,SIRA
807.284,1.726921077,0.86422938,0.995316836,0.989644284,0.774976657,SIRA
821.276,1.797815783,0.835069904,0.997159678,0.986377941,0.783053809,SIRA
800.491,1.593875961,0.879116275,0.991237174,0.984322164,0.68385404,SIRA
814.955,1.797765988,0.848225541,0.9975337,0.989690266,0.658877131,SIRA
786.953,1.486674083,0.909826341,0.995329741,0.989845026,0.700670386,SIRA
807.043,1.576406218,0.865092898,0.995066674,0.986447837,0.824379482,SIRA
793.092,1.62361122,0.895895562,0.99771613,0.990392685,0.797747812,SIRA
785.154,1.502864307,0.914204278,0.99662235,0.990875146,0.812478487,SIRA
784.542,1.418038072,0.915733208,0.996746389,0.988626595,0.7791037,SIRA
799.527,1.645839531,0.881768248,0.996247643,0.988278582,0.740707102,SIRA
792.403,1.559360896,0.897714386,0.996173593,0.987669544,0.692222222,SIRA
807.517,1.541396904,0.864463026,0.997281941,0.988845781,0.711218924,SIRA
786.494,1.334223657,0.911579318,0.996635645,0.98793483,0.761678436,SIRA
794.459,1.49128596,0.893432341,0.989004974,0.987891863,0.763163265,SIRA
787.846,1.587566819,0.908514069,0.997863708,0.990312045,0.729912167,SIRA
791.752,1.544596882,0.899592167,0.996292527,0.989657074,0.814446461,SIRA
798.989,1.539393829,0.883467929,0.996725693,0.987850241,0.795085743,SIRA
807.762,1.597167606,0.864535752,0.994955872,0.986354647,0.798168563,SIRA
786.51,1.390857778,0.911907887,0.994494686,0.986701835,0.752379995,SIRA
797.98,1.603760842,0.885940344,0.995229542,0.989399215,0.821493925,SIRA
792.367,1.616743541,0.898796714,0.996965249,0.990537113,0.723601734,SIRA
799.009,1.595194891,0.883974844,0.994001999,0.986685708,0.69884224,SIRA
804.369,1.617574916,0.872446816,0.99467296,0.987773771,0.68465173,SIRA
812.2,1.704556318,0.855723206,0.992555714,0.988208637,0.675107831,SIRA
803.049,1.619841842,0.875590123,0.991521404,0.989016794,0.793214235,SIRA
785.847,1.460613127,0.914362931,0.994062652,0.988190535,0.821721162,SIRA
786.535,1.504581893,0.912824941,0.994892448,0.99071849,0.772528795,SIRA
798.353,1.61093152,0.886039348,0.997823579,0.988343963,0.765509488,SIRA
794.941,1.526976591,0.893661685,0.997228116,0.988409176,0.694289952,SIRA
796.344,1.63203672,0.890555182,0.994627672,0.989127564,0.777328075,SIRA
789.925,1.4836136,0.905127725,0.994831897,0.990523207,0.81562137,SIRA
803.695,1.605850739,0.874416569,0.99564342,0.987650523,0.740217391,SIRA
818.874,1.698664473,0.842506039,0.98934244,0.984107874,0.662496316,SIRA
811.333,1.738985288,0.858412116,0.996530759,0.988024873,0.663332743,SIRA
800.255,1.619525082,0.882362385,0.995454518,0.989155301,0.804850546,SIRA
779.067,1.388860313,0.931092421,0.998567945,0.99081255,0.800623108,SIRA
815.626,1.703291739,0.849512831,0.993485807,0.986184816,0.801354241,SIRA
791.935,1.535755007,0.901140078,0.996556009,0.988461285,0.77916183,SIRA
812.835,1.709466977,0.855451825,0.996741377,0.987875859,0.708857368,SIRA
794.94,1.500145911,0.894419591,0.994950212,0.985322468,0.708281499,SIRA
827.587,1.737275085,0.825262934,0.995785215,0.985193298,0.707784544,SIRA
798.015,1.650665201,0.887579383,0.995582711,0.990203632,0.754900644,SIRA
793.944,1.57156025,0.896724898,0.997689911,0.988506505,0.796772594,SIRA
797.634,1.582926355,0.888486767,0.994576202,0.990902282,0.73501634,SIRA
786.191,1.479301695,0.914538818,0.998363366,0.990400493,0.722177627,SIRA
814.94,1.7649926,0.85130315,0.995645721,0.987966359,0.664780283,SIRA
787.485,1.502910273,0.911778905,0.997475548,0.990882865,0.806795768,SIRA
813.978,1.478357865,0.853468295,0.991346898,0.986776896,0.688405465,SIRA
804.048,1.706276893,0.874698589,0.996048185,0.989097943,0.808886972,SIRA
802.097,1.578730006,0.879154276,0.993304143,0.989926982,0.66881631,SIRA
794.894,1.6297216,0.895398185,0.996585893,0.99191434,0.814995837,SIRA
790.438,1.48595888,0.905562268,0.996593829,0.989777748,0.821351041,SIRA
800.27,1.599947879,0.883585097,0.991470143,0.985512004,0.780609149,SIRA
808.971,1.714743606,0.864757076,0.993983823,0.985427015,0.792939519,SIRA
798.409,1.615116857,0.887807535,0.996553354,0.991545575,0.793655829,SIRA
796.887,1.513652418,0.891281233,0.995966174,0.986334968,0.811824081,SIRA
796.038,1.549713857,0.893322223,0.995808548,0.988111167,0.738729727,SIRA
800.592,1.6267075,0.883384234,0.996895582,0.990568527,0.682681818,SIRA
791.887,1.563808815,0.903193142,0.996806065,0.990484353,0.729445847,SIRA
807.346,1.427889496,0.868974302,0.991739549,0.983718545,0.682097458,SIRA
825.34,1.617160468,0.831607409,0.995329149,0.982220285,0.741162737,SIRA
795.047,1.521347953,0.896226536,0.997904978,0.990116624,0.711011924,SIRA
794.349,1.525655462,0.8978421,0.995644313,0.988900831,0.819616399,SIRA
789.05,1.49343596,0.910022552,0.998382116,0.98914045,0.755542522,SIRA
815.231,1.639869746,0.852548502,0.998121252,0.988382034,0.769594456,SIRA
805.812,1.62614437,0.872634281,0.991568194,0.986997921,0.760451977,SIRA
796.137,1.664379094,0.893992235,0.996458139,0.991229034,0.809667457,SIRA
815.759,1.739433759,0.851539654,0.992979692,0.989923825,0.807441627,SIRA
794.92,1.515585257,0.896930551,0.993630704,0.984974885,0.801784825,SIRA
793.366,1.61111013,0.900487634,0.996043805,0.989448283,0.78567447,SIRA
796.592,1.55083086,0.893327719,0.99370887,0.987997722,0.778900112,SIRA
796.691,1.495642305,0.893224506,0.99727303,0.98845387,0.800553623,SIRA
789.615,1.522274941,0.909486588,0.996579461,0.989062774,0.751269458,SIRA
819.391,1.827979004,0.844587598,0.996459815,0.988023297,0.810871518,SIRA
794.998,1.528972253,0.897231745,0.988716972,0.986123555,0.72083959,SIRA
793.896,1.564219199,0.899804105,0.997497038,0.988933932,0.794094876,SIRA
786.873,1.469769086,0.91601883,0.996465278,0.990019522,0.810625382,SIRA
794.457,1.503389926,0.898653233,0.998348557,0.989889686,0.765224468,SIRA
804.811,1.681167917,0.875873394,0.995953689,0.989913608,0.795804689,SIRA
819.219,1.752689688,0.845354227,0.996282484,0.988938053,0.692608616,SIRA
807.574,1.658434868,0.869909561,0.995688486,0.98887307,0.788979763,SIRA
813.969,1.539027383,0.856464957,0.988981651,0.982848685,0.678394904,SIRA
814.448,1.592582441,0.855552553,0.997639226,0.985273584,0.699259879,SIRA
785.996,1.440228817,0.91865401,0.996857028,0.990025867,0.796272788,SIRA
798.896,1.549898241,0.889226002,0.995845639,0.987493167,0.777305428,SIRA
791.454,1.481477261,0.906067435,0.996508021,0.98920233,0.809844002,SIRA
808.98,1.574468362,0.867272428,0.993205748,0.986028336,0.711425781,SIRA
818.531,1.699092255,0.847244815,0.997527078,0.984847494,0.786845268,SIRA
827.02,1.867227111,0.830124613,0.996494128,0.988881593,0.684264728,SIRA
782.681,1.491965577,0.926862571,0.998102616,0.992509446,0.800435799,SIRA
812.943,1.736369989,0.859141575,0.996926656,0.987541801,0.705763824,SIRA
793.741,1.551794924,0.901252583,0.996930743,0.991573219,0.711541187,SIRA
802.143,1.461371035,0.882490759,0.99887829,0.986744699,0.714380573,SIRA
798.844,1.510583097,0.889873451,0.99771973,0.988580679,0.714240556,SIRA
812.088,1.611460323,0.86156136,0.989808755,0.984047184,0.664740734,SIRA
814.984,1.707469961,0.855657334,0.99642572,0.987337903,0.744215896,SIRA
790.656,1.516196355,0.909364756,0.997031372,0.990605908,0.738736385,SIRA
812.088,1.735350177,0.862018674,0.99075871,0.988009959,0.651614669,SIRA
805.168,1.63022023,0.876918935,0.996192033,0.990389457,0.709268782,SIRA
800.869,1.558472647,0.886358663,0.997581095,0.990844978,0.718711276,SIRA
795.015,1.501472674,0.899758147,0.997379349,0.990067602,0.704292206,SIRA
794.509,1.518609722,0.900944387,0.997899987,0.989786545,0.723996161,SIRA
785.65,1.392615913,0.921539933,0.996434731,0.990633139,0.797452521,SIRA
809.048,1.582197754,0.869027272,0.991358295,0.983679944,0.712569854,SIRA
797.848,1.535534906,0.893616658,0.995284937,0.988794233,0.770843267,SIRA
796.822,1.594053389,0.895958992,0.997071643,0.991588724,0.784272622,SIRA
800.932,1.669027112,0.886787318,0.993650054,0.991241323,0.830913529,SIRA
803.314,1.67594662,0.881536083,0.994039289,0.987306711,0.799240819,SIRA
815.716,1.684189668,0.854991079,0.995877248,0.988104852,0.664621167,SIRA
800.096,1.533389701,0.888994794,0.99768382,0.990464318,0.794508772,SIRA
805.407,1.650955728,0.877522159,0.99620284,0.989925479,0.796826625,SIRA
792.334,1.54152882,0.906818228,0.996350433,0.989126875,0.75314204,SIRA
789.661,1.457852942,0.913068535,0.997453158,0.989689821,0.766892349,SIRA
802.357,1.536067067,0.884499086,0.997929368,0.990036925,0.733362465,SIRA
803.555,1.57954411,0.881999928,0.995466212,0.987041272,0.779927032,SIRA
801.826,1.571626433,0.88590552,0.995381854,0.98611927,0.80022952,SIRA
807.124,1.678981536,0.874525628,0.996424545,0.989588108,0.817616188,SIRA
801.253,1.525945586,0.887505799,0.996464585,0.988359927,0.803252551,SIRA
792.215,1.482870735,0.907911611,0.995609516,0.989546734,0.792727273,SIRA
793.284,1.572022548,0.905626075,0.995339243,0.989526968,0.787115138,SIRA
784.586,1.457757919,0.925980415,0.999045844,0.990717484,0.765182186,SIRA
811.372,1.590586632,0.866041315,0.996605978,0.986347232,0.712737213,SIRA
802.955,1.588370386,0.884429521,0.996434165,0.987658889,0.696650086,SIRA
802.222,1.587977634,0.886105067,0.997704819,0.987659695,0.779725086,SIRA
779.361,1.417242461,0.93889312,0.998205497,0.991652828,0.733956527,SIRA
798.566,1.584137785,0.894375122,0.998360992,0.992716535,0.809037433,SIRA
800.96,1.627122216,0.889056281,0.997302114,0.98822095,0.735147392,SIRA
800.164,1.589931105,0.890884901,0.994813515,0.987963608,0.795998176,SIRA
804.02,1.542619329,0.882437957,0.998683857,0.989040917,0.707021151,SIRA
800.386,1.478077518,0.890469231,0.997589992,0.98759926,0.802740937,SIRA
813.207,1.594354811,0.862650347,0.996029985,0.986676809,0.72645661,SIRA
802.968,1.468051279,0.885122017,0.997535844,0.986874701,0.759139461,SIRA
814.808,1.691697146,0.859680079,0.994220309,0.989283614,0.665479853,SIRA
796.324,1.50810342,0.900092091,0.993568031,0.990556985,0.699171849,SIRA
787.527,1.461759044,0.9203132,0.997015244,0.991270378,0.783471901,SIRA
801.81,1.534136319,0.887836878,0.997953459,0.989370508,0.740592187,SIRA
807.251,1.542641712,0.875928173,0.996866425,0.988982995,0.730990199,SIRA
790.918,1.473321602,0.912579192,0.996072675,0.989221087,0.764781145,SIRA
790.537,1.50636517,0.913479149,0.997133433,0.991207017,0.79241235,SIRA
811.756,1.768641249,0.866366371,0.994441345,0.989092334,0.666989664,SIRA
806.793,1.553445495,0.877058088,0.995290639,0.988382212,0.680986929,SIRA
806.533,1.673330789,0.877739558,0.998419227,0.98756738,0.737453743,SIRA
785.75,1.480302217,0.924785849,0.996747771,0.991511184,0.8004651,SIRA
810.822,1.698851377,0.868535514,0.99313767,0.986667535,0.789900043,SIRA
799.876,1.612427458,0.892488964,0.995851492,0.987546998,0.728485315,SIRA
794.308,1.52904815,0.905065209,0.996774377,0.991706859,0.792621664,SIRA
806.11,1.661199112,0.87883502,0.993291053,0.987419607,0.788359788,SIRA
798.685,1.646875302,0.895507303,0.998763279,0.991385515,0.781871345,SIRA
803.158,1.671248193,0.885813695,0.998405937,0.989489489,0.804967427,SIRA
807.807,1.659726473,0.875801221,0.99630368,0.987235982,0.741666667,SIRA
809.278,1.674316318,0.872677842,0.99437584,0.98704399,0.756117835,SIRA
798.577,1.610454415,0.896399802,0.992799096,0.988956282,0.663675887,SIRA
821.249,1.697993516,0.847775961,0.996085172,0.98704933,0.653984908,SIRA
797.005,1.596705832,0.90015699,0.99757927,0.991436976,0.790995219,SIRA
819.252,1.666062107,0.852063842,0.998062158,0.989326087,0.698676615,SIRA
807.94,1.592486476,0.876109681,0.996760927,0.987908915,0.712306898,SIRA
795.194,1.601361924,0.904440608,0.994600943,0.991589864,0.79471598,SIRA
799.609,1.548934689,0.894736041,0.997764494,0.989695204,0.787994184,SIRA
799.104,1.574907766,0.895886948,0.998759102,0.991074344,0.79679706,SIRA
800.854,1.473743577,0.892034679,0.995901988,0.990126571,0.712176198,SIRA
801.419,1.563378747,0.89079692,0.993593157,0.987742439,0.807882036,SIRA
798.635,1.561896255,0.897254714,0.995625313,0.989054186,0.745779088,SIRA
805.243,1.491261599,0.882589,0.998499488,0.988453107,0.711522537,SIRA
806.084,1.681144823,0.880883701,0.991063892,0.98326965,0.808190496,SIRA
807.337,1.60743912,0.878190091,0.997287143,0.989636518,0.688867716,SIRA
797.549,1.511938156,0.899877712,0.994528142,0.988219469,0.775662421,SIRA
793.486,1.476742471,0.909156769,0.995607072,0.986550582,0.705904231,SIRA
799.25,1.580743034,0.896326873,0.997307413,0.991060359,0.708659948,SIRA
836.966,1.656840018,0.817436827,0.992301305,0.981857358,0.764089408,SIRA
805.54,1.576942534,0.882461181,0.99590619,0.987346161,0.78410049,SIRA
796.675,1.572522601,0.902229419,0.994715588,0.989189659,0.764375335,SIRA
812.978,1.688583312,0.866444673,0.989466793,0.987240035,0.693411442,SIRA
791.028,1.473834045,0.915297671,0.996831522,0.989577905,0.715074683,SIRA
804.721,1.657576528,0.884413577,0.997091426,0.989642369,0.7922403,SIRA
796.917,1.564024805,0.901938775,0.996555581,0.989600747,0.728554304,SIRA
801.717,1.555992484,0.891425183,0.99640067,0.990033439,0.769925701,SIRA
811.89,1.685232903,0.869225982,0.994516972,0.989775539,0.769198326,SIRA
820.748,1.617440903,0.850807336,0.991343713,0.98278277,0.746570633,SIRA
804.498,1.645420304,0.885564093,0.998064185,0.99171577,0.770829812,SIRA
800.011,1.486355065,0.895721973,0.996305629,0.989523458,0.704795452,SIRA
800.984,1.618229824,0.893547128,0.995063784,0.989137269,0.780109099,SIRA
811.443,1.525044214,0.870775545,0.994762083,0.986806817,0.80828373,SIRA
796.935,1.52147253,0.902768628,0.995810275,0.987319311,0.698927696,SIRA
806.878,1.588800992,0.880888052,0.993416808,0.986767568,0.814237288,SIRA
789.69,1.547675079,0.91977221,0.998049929,0.990667188,0.729533613,SIRA
800.09,1.382737948,0.89603586,0.998144557,0.988886,0.727758291,SIRA
817.735,1.639153905,0.858047019,0.996023698,0.988589616,0.795065125,SIRA
802.466,1.593653018,0.891108393,0.996365657,0.989276197,0.703562184,SIRA
809.693,1.603336752,0.875463698,0.99748956,0.989385668,0.707816762,SIRA
817.565,1.793000432,0.858723496,0.997989371,0.990802603,0.753170088,SIRA
814.728,1.418274992,0.8647711,0.996785464,0.984737103,0.727071595,SIRA
799.811,1.474564258,0.897427227,0.995704146,0.98936654,0.72120485,SIRA
795.665,1.466507759,0.906883504,0.996016713,0.987592408,0.772435247,SIRA
812.373,1.541567972,0.87002066,0.989131385,0.988212648,0.686463341,SIRA
795.294,1.405758056,0.908107305,0.990334626,0.986531696,0.740266261,SIRA
804.837,1.667840612,0.886816409,0.996951901,0.991820351,0.77806713,SIRA
811.304,1.547073537,0.872868561,0.993095775,0.985429778,0.733503393,SIRA
814.346,1.650942559,0.866511111,0.99525214,0.985878447,0.796932729,SIRA
804.843,1.553390175,0.887113577,0.994399496,0.989505345,0.785451735,SIRA
799.376,1.618763791,0.899348156,0.998347466,0.990942579,0.716802508,SIRA
796.436,1.557822708,0.906020012,0.996346088,0.990577889,0.733511901,SIRA
813.793,1.627036053,0.867784034,0.99315302,0.984712443,0.791776316,SIRA
796.17,1.495825552,0.906724636,0.997034724,0.98762713,0.760588675,SIRA
804.596,1.659680402,0.887871848,0.995959351,0.989614885,0.682197828,SIRA
795.417,1.539846649,0.908481916,0.998126611,0.992104807,0.76447386,SIRA
797.357,1.52091244,0.904125848,0.997698257,0.98925173,0.704160958,SIRA
806.068,1.548789399,0.884825441,0.996056345,0.986650564,0.760067783,SIRA
798.725,1.592490346,0.901169338,0.997944406,0.992429337,0.812798692,SIRA
827.857,1.838274121,0.838879931,0.995367284,0.986650852,0.646995602,SIRA
800.907,1.495283993,0.896363667,0.995471305,0.988506492,0.803663956,SIRA
805.962,1.545839021,0.885174274,0.994970382,0.983428977,0.784769745,SIRA
805.16,1.532392321,0.887326235,0.998312938,0.990479488,0.717042607,SIRA
800.227,1.510649945,0.898339048,0.997048869,0.989003392,0.703303119,SIRA
806.543,1.598889289,0.884324437,0.997570766,0.989302617,0.696900499,SIRA
796.285,1.556585466,0.907295136,0.997564752,0.991209457,0.794543372,SIRA
809.732,1.609266167,0.877602602,0.997374538,0.98793933,0.76605213,SIRA
810.604,1.601721335,0.875906718,0.994140646,0.988667026,0.682797382,SIRA
805.163,1.557680482,0.887784837,0.99766113,0.988474986,0.708649234,SIRA
807.796,1.574328235,0.882180144,0.995842389,0.986221447,0.753164973,SIRA
806.739,1.596917873,0.884531963,0.995521109,0.98841374,0.776510272,SIRA
801.271,1.57524333,0.896645527,0.997149685,0.990379626,0.811819954,SIRA
791.382,1.461811982,0.919214317,0.995694275,0.98805159,0.774832981,SIRA
794.885,1.477674051,0.911130349,0.991878087,0.98881934,0.709955368,SIRA
814.284,1.655093175,0.868310857,0.997199484,0.986818299,0.699747995,SIRA
805.225,1.632641818,0.888093891,0.996471551,0.989398454,0.772770966,SIRA
793.385,1.471558793,0.914898252,0.998202026,0.990383161,0.754544257,SIRA
803.4,1.576268627,0.892289007,0.995930374,0.989485729,0.715215356,SIRA
798.839,1.505483242,0.902546591,0.997475687,0.988312668,0.788321293,SIRA
794.578,1.490404097,0.91225253,0.998064128,0.991112361,0.70823933,SIRA
806.261,1.448891702,0.886103024,0.992631358,0.988846942,0.696732026,SIRA
820.515,1.60452979,0.855602311,0.991819835,0.982594157,0.752149514,SIRA
803.351,1.540068893,0.892748347,0.995230107,0.990237792,0.70089429,SIRA
807.498,1.554838904,0.883621538,0.991404243,0.990430519,0.761526707,SIRA
800.555,1.485354826,0.899034437,0.997168139,0.98797647,0.749787415,SIRA
810.087,1.644998815,0.878039985,0.990913867,0.983083916,0.797249365,SIRA
801.817,1.477385639,0.89634346,0.994902212,0.990346615,0.758108778,SIRA
805.619,1.635054965,0.888135447,0.993465936,0.989153171,0.70787037,SIRA
820.718,1.528984638,0.855944009,0.990185298,0.981957494,0.687176108,SIRA
809.692,1.621493001,0.879433576,0.995020378,0.986985329,0.761106135,SIRA
808.226,1.604491919,0.882799924,0.993738835,0.986393827,0.77890556,SIRA
797.616,1.496007861,0.906481895,0.995697125,0.989563567,0.807588076,SIRA
812.949,1.652031436,0.872610122,0.992058922,0.987795691,0.781113834,SIRA
836.233,1.854352106,0.82471085,0.996329122,0.983793865,0.66003653,SIRA
807.111,1.636431401,0.885491509,0.996523064,0.98954471,0.75,SIRA
833.6,1.83568026,0.830127848,0.991141504,0.983924208,0.716533467,SIRA
794.895,1.48320989,0.913036557,0.996182226,0.989162286,0.766529754,SIRA
805.448,1.550411763,0.889364887,0.996701417,0.988120346,0.779471683,SIRA
804.283,1.668562528,0.891962661,0.998638688,0.991063912,0.792047611,SIRA
821.571,1.623926887,0.85493087,0.992573286,0.98861141,0.665232508,SIRA
806.515,1.590995812,0.887303012,0.995904664,0.991237725,0.766914908,SIRA
813.788,1.718586831,0.871646672,0.997639569,0.991988252,0.691598916,SIRA
785.38,1.398056364,0.935864165,0.998784078,0.990170931,0.755269475,SIRA
813.641,1.55656758,0.872037588,0.995672045,0.989616992,0.813846372,SIRA
799.353,1.581802338,0.903569263,0.997629335,0.991326112,0.786793164,SIRA
795.062,1.481357501,0.913547619,0.997188947,0.990430622,0.78029647,SIRA
802.157,1.51899813,0.89747814,0.995327319,0.987812218,0.765151515,SIRA
795.948,1.600642669,0.911852144,0.997786341,0.991908687,0.748250269,SIRA
813.356,1.564464889,0.873370645,0.99513706,0.987669703,0.737772786,SIRA
818.128,1.639259316,0.863230691,0.993316588,0.985088377,0.728460978,SIRA
793.771,1.435595871,0.917040201,0.997667261,0.989689834,0.778477584,SIRA
817.836,1.691606632,0.864298125,0.991397148,0.986977044,0.746656495,SIRA
812.918,1.605005821,0.874996613,0.991596603,0.984762231,0.741969814,SIRA
821.604,1.741069132,0.856761019,0.998444793,0.988891276,0.674003778,SIRA
828.185,1.693514547,0.843290577,0.995183244,0.984808935,0.691277184,SIRA
806.905,1.568329299,0.888356236,0.995673899,0.988573883,0.732556659,SIRA
799.941,1.521264812,0.903949899,0.996743938,0.991064893,0.773682264,SIRA
811.712,1.540549141,0.877941899,0.995569924,0.986752412,0.707912341,SIRA
814.361,1.767815048,0.872372189,0.998442732,0.99215568,0.683020547,SIRA
815.867,1.58731075,0.869230071,0.990675658,0.98496128,0.746179402,SIRA
798.158,1.537267046,0.908427031,0.993303545,0.987393066,0.727604512,SIRA
829.889,1.646975504,0.840469711,0.989436221,0.984778193,0.693981168,SIRA
792.738,1.419663672,0.921091406,0.997369197,0.991028399,0.790631812,SIRA
805.639,1.564016324,0.891982922,0.99290841,0.986340962,0.758245556,SIRA
809.128,1.602377791,0.884690847,0.998209046,0.990458794,0.788608288,SIRA
839.583,1.616085799,0.821868542,0.997007499,0.984328294,0.697669492,SIRA
802.554,1.542104227,0.899516974,0.995384557,0.988783564,0.796080463,SIRA
797.182,1.506604636,0.911740361,0.997387448,0.990419728,0.726796974,SIRA
801.42,1.48674182,0.90218178,0.998286248,0.989272918,0.764959605,SIRA
804.554,1.524779954,0.895225125,0.997389631,0.989103857,0.790882741,SIRA
803.509,1.618107131,0.897652521,0.997433274,0.990826279,0.722415414,SIRA
807.139,1.593346166,0.889615821,0.994206543,0.987009652,0.705846342,SIRA
805.168,1.632351653,0.893995981,0.993303483,0.987686311,0.744079117,SIRA
810.047,1.628443103,0.883316599,0.99430739,0.98842791,0.735629984,SIRA
814.407,1.661678543,0.873884088,0.994766353,0.991380978,0.74050765,SIRA
815.524,1.658350519,0.871510754,0.994349555,0.989085217,0.741559486,SIRA
812.99,1.639542367,0.877028076,0.997646944,0.989086153,0.795245319,SIRA
807.467,1.546120473,0.88906669,0.994764856,0.989298276,0.796701209,SIRA
818.05,1.713616763,0.866230798,0.997141566,0.990020388,0.796649685,SIRA
804.134,1.546751811,0.896607496,0.99717938,0.990043132,0.774110738,SIRA
805.77,1.560026485,0.892970327,0.996539379,0.989151641,0.793891422,SIRA
796.996,1.47629607,0.912977081,0.997149104,0.990704564,0.779517584,SIRA
796.648,1.489171488,0.913794688,0.998622444,0.99127932,0.793282453,SIRA
804.515,1.559994582,0.896010869,0.992335738,0.989409142,0.74050897,SIRA
803.596,1.506535141,0.898119792,0.99516492,0.988879842,0.785556236,SIRA
812.216,1.511875748,0.879176617,0.995122169,0.987420307,0.700066739,SIRA
803.311,1.429303962,0.898796125,0.99631137,0.98752621,0.714142039,SIRA
807.795,1.614745578,0.888845541,0.995321035,0.991770166,0.830603945,SIRA
810.79,1.618220657,0.882386585,0.996392741,0.98881796,0.810336353,SIRA
822.469,1.593155201,0.85789497,0.99394873,0.985552094,0.729050897,SIRA
812.239,1.681032498,0.879736352,0.993644682,0.990287099,0.769766667,SIRA
805.44,1.553090602,0.894767586,0.995156108,0.986586929,0.802990004,SIRA
819.652,1.652387231,0.864007723,0.99106341,0.983394363,0.701409135,SIRA
816.298,1.619345568,0.871141227,0.994060778,0.9890164,0.783676031,SIRA
811.465,1.495319517,0.881720736,0.992561719,0.986252828,0.67904174,SIRA
819.647,1.719496998,0.864373658,0.996273996,0.988618617,0.816419914,SIRA
803.234,1.504966396,0.900156562,0.988621238,0.986678053,0.747275491,SIRA
820.662,1.673144619,0.862367466,0.995352077,0.987036839,0.668663194,SIRA
807.867,1.556544446,0.889919396,0.997908243,0.989424785,0.697750604,SIRA
793.688,1.485412178,0.922039599,0.997169913,0.991420175,0.813377679,SIRA
806.265,1.583611606,0.893710644,0.996763819,0.98947008,0.688837237,SIRA
805.804,1.540665033,0.894830285,0.996423524,0.987927866,0.772548037,SIRA
833.643,1.802400605,0.836099727,0.991406969,0.984730386,0.672762986,SIRA
800.216,1.518113098,0.907489071,0.996233575,0.988774376,0.749578552,SIRA
805.849,1.561067052,0.894885158,0.996312297,0.988986313,0.700310441,SIRA
809.128,1.586448157,0.88785793,0.995926326,0.989285027,0.74485113,SIRA
796.091,1.441527539,0.917215294,0.997223209,0.989475936,0.716201152,SIRA
814.273,1.656533057,0.876995676,0.995277292,0.986420806,0.747979439,SIRA
834.059,1.714835181,0.835898143,0.993295768,0.985706678,0.663940542,SIRA
796.204,1.415333572,0.917311771,0.99777935,0.989057023,0.748112582,SIRA
806.705,1.563156336,0.893604946,0.998140207,0.990517979,0.78702381,SIRA
792.617,1.43553641,0.925733186,0.998700122,0.990243276,0.720259587,SIRA
806.762,1.607225431,0.893903437,0.997571294,0.989887112,0.815467803,SIRA
814.862,1.489682895,0.876258218,0.993305753,0.988239563,0.690595868,SIRA
816.808,1.614296211,0.872219764,0.995524371,0.989656352,0.818336043,SIRA
817.857,1.545876075,0.87007768,0.996130646,0.987420847,0.692427301,SIRA
819.571,1.67703443,0.866479649,0.991853818,0.989679046,0.674870315,SIRA
807.617,1.519002321,0.892358535,0.997481199,0.987253544,0.7194315,SIRA
814.578,1.60522374,0.877191287,0.996361399,0.989848909,0.745441378,SIRA
808.065,1.437281278,0.891504057,0.995592528,0.988498389,0.6906093,SIRA
822.692,1.613673694,0.860214957,0.993658557,0.98455098,0.746551724,SIRA
816.772,1.590287761,0.872767575,0.994986703,0.988100062,0.710683335,SIRA
813.226,1.608669457,0.88039542,0.991409962,0.990741137,0.701175865,SIRA
811.784,1.652548269,0.883602228,0.99746829,0.991271794,0.7584666,SIRA
798.429,1.530813847,0.91342847,0.992714757,0.99127198,0.782842276,SIRA
818.771,1.671257396,0.86890476,0.994529194,0.987789545,0.794494721,SIRA
806.085,1.607710226,0.896623975,0.994839215,0.990641026,0.800034513,SIRA
820.682,1.7675276,0.865049471,0.997309701,0.989880012,0.79858073,SIRA
814.795,1.679282814,0.877613747,0.996696315,0.991446595,0.739120038,SIRA
818.138,1.558542468,0.87058777,0.996256017,0.98945931,0.671182516,SIRA
799.228,1.384479641,0.912291599,0.998057408,0.989924218,0.785969729,SIRA
809.067,1.600882897,0.890353088,0.997427418,0.990305981,0.680622817,SIRA
820.606,1.577109567,0.865564274,0.991233521,0.981650794,0.81339436,SIRA
816.487,1.615245548,0.874394871,0.991171101,0.983942814,0.806534061,SIRA
833.571,1.775022545,0.838956958,0.99724346,0.987105011,0.675948592,SIRA
806.126,1.626473869,0.897112902,0.997349811,0.991981525,0.809068713,SIRA
801.902,1.575250607,0.906608377,0.996024953,0.991578857,0.797459433,SIRA
809.254,1.559395648,0.890287047,0.996068565,0.9898449,0.744950387,SIRA
804.141,1.549999992,0.901683398,0.994835795,0.988053663,0.817718797,SIRA
808.352,1.620198836,0.892313473,0.996930977,0.990965785,0.801309063,SIRA
813.074,1.713187806,0.882017205,0.994326969,0.989402533,0.789777369,SIRA
807.342,1.598510473,0.894778825,0.998429874,0.989046351,0.793350427,SIRA
820.147,1.734394498,0.867075163,0.995902088,0.989046584,0.699523723,SIRA
801.859,1.505880158,0.907331023,0.997527865,0.989893175,0.780409494,SIRA
819.412,1.610479885,0.868893386,0.996956299,0.991076765,0.687029227,SIRA
810.154,1.60092178,0.889018503,0.988835342,0.987495215,0.664120827,SIRA
813.7,1.638576756,0.881305909,0.991843068,0.985922969,0.834681478,SIRA
824.571,1.681578307,0.858239607,0.994859698,0.983771874,0.681919643,SIRA
802.578,1.546440651,0.905920662,0.996333411,0.990338885,0.808876812,SIRA
819.656,1.491393382,0.868619308,0.996430685,0.987160683,0.711403536,SIRA
828.68,1.593827738,0.849841064,0.998053298,0.988442874,0.685091757,SIRA
815.309,1.583839336,0.877963185,0.997301867,0.988043571,0.723395639,SIRA
803.64,1.547097568,0.903703036,0.994693573,0.98918067,0.709571461,SIRA
819.082,1.646806881,0.86998701,0.997945469,0.987540663,0.68859337,SIRA
815.423,1.568783685,0.8780957,0.995426639,0.986496242,0.747999678,SIRA
814.123,1.613429215,0.88107288,0.994535881,0.987840912,0.799707451,SIRA
798.985,1.535672167,0.914992256,0.997397444,0.991764103,0.728101504,SIRA
807.684,1.533803149,0.895465962,0.998372083,0.991109311,0.703906723,SIRA
816.055,1.514594865,0.877604149,0.991193865,0.988816601,0.688487217,SIRA
809.906,1.430738499,0.89103817,0.996720489,0.989427332,0.745966319,SIRA
800.438,1.451241221,0.912281398,0.997782472,0.989596187,0.785878417,SIRA
815.292,1.495334531,0.879379886,0.993880171,0.986595117,0.689560602,SIRA
816.113,1.575306386,0.877630351,0.998149574,0.988839523,0.688575066,SIRA
807.757,1.539135984,0.896016724,0.997098857,0.989051405,0.769051476,SIRA
810.566,1.580854989,0.889836355,0.991802625,0.991433321,0.801944358,SIRA
801.294,1.537566658,0.910568168,0.996709417,0.99101114,0.725932283,SIRA
816.724,1.624952939,0.876864046,0.995793934,0.987692308,0.697209365,SIRA
802.162,1.499405638,0.909067329,0.996736477,0.990235705,0.713197892,SIRA
807.419,1.572900161,0.897268228,0.997058614,0.990109329,0.746935173,SIRA
801.999,1.505629018,0.909456426,0.995294024,0.991395834,0.796216475,SIRA
826.971,1.59924174,0.855488728,0.994137352,0.988618266,0.677961906,SIRA
819.442,1.711603371,0.871449768,0.992492526,0.990976804,0.648913043,SIRA
824.156,1.668886388,0.86156476,0.992363973,0.984004564,0.734944132,SIRA
815.76,1.517032177,0.879409776,0.993648617,0.989104348,0.755283089,SIRA
805.749,1.436719112,0.901494699,0.996395773,0.989546816,0.713825923,SIRA
806.225,1.561496604,0.900546515,0.995844722,0.991443714,0.804299404,SIRA
803.589,1.41821422,0.906522681,0.996887434,0.989843186,0.735517486,SIRA
809.163,1.590694012,0.894153126,0.993946715,0.985217925,0.761366236,SIRA
814.364,1.603024687,0.882806334,0.996769495,0.988332626,0.734950782,SIRA
804.046,1.49491482,0.905628549,0.998391702,0.990981602,0.732102451,SIRA
817.505,1.658693116,0.876129583,0.996371587,0.991319703,0.779441285,SIRA
808.28,1.574736899,0.896280928,0.997060706,0.988418217,0.730681177,SIRA
810.528,1.576173201,0.891411792,0.996931982,0.989426752,0.761470588,SIRA
805.94,1.516410329,0.901647856,0.997277456,0.98814774,0.709144857,SIRA
801.894,1.478902094,0.91121891,0.997596913,0.990210028,0.719856733,SIRA
804.679,1.532766174,0.904980576,0.994618728,0.991410652,0.788725009,SIRA
818.779,1.687689948,0.874211251,0.994922483,0.987298361,0.816748976,SIRA
834.946,1.749422028,0.840720484,0.993842249,0.986693182,0.726117823,SIRA
819.003,1.600641211,0.873882992,0.995290985,0.986736615,0.799170779,SIRA
805.423,1.47101997,0.903716218,0.99632254,0.988201402,0.79486131,SIRA
804.8,1.554980536,0.905387523,0.997539548,0.991227511,0.721601979,SIRA
810.287,1.539579461,0.89320534,0.993772284,0.988749762,0.740761905,SIRA
805.211,1.574251703,0.904521639,0.995639884,0.989588634,0.729681979,SIRA
820.673,1.693905208,0.87079651,0.994907639,0.988918083,0.740809524,SIRA
826.63,1.615991323,0.858383122,0.995313615,0.989485288,0.680964052,SIRA
813.324,1.454826863,0.887231119,0.991680757,0.989869018,0.701735407,SIRA
819.378,1.644564168,0.874299904,0.996149918,0.989262569,0.689685211,SIRA
820.51,1.51651179,0.872113135,0.997360528,0.987488112,0.711091833,SIRA
821.862,1.560213859,0.869394998,0.99287299,0.988701999,0.790790943,SIRA
830.8,1.615290922,0.850807396,0.994438906,0.985470572,0.669273183,SIRA
831.719,1.707410462,0.848964583,0.990175798,0.983087214,0.655786933,SIRA
810.188,1.530266163,0.894782883,0.994146205,0.988703911,0.749863629,SIRA
818.623,1.691356781,0.876569659,0.99756123,0.989354272,0.789361702,SIRA
805.052,1.53065919,0.906488276,0.99813761,0.989439377,0.772032961,SIRA
829.953,1.582178121,0.853000929,0.993548295,0.988687304,0.720169426,SIRA
821.138,1.614443547,0.871730165,0.996603702,0.985878088,0.739720395,SIRA
798.73,1.509434533,0.921485817,0.997638078,0.990011428,0.711275315,SIRA
807.981,1.615543571,0.900524712,0.997175787,0.98934168,0.774578628,SIRA
819.8,1.635348414,0.874821071,0.99596698,0.987880323,0.702507508,SIRA
820.847,1.64842755,0.872609456,0.994791313,0.986131602,0.808027079,SIRA
805.383,1.55803036,0.906866979,0.995387185,0.989682439,0.787927755,SIRA
807.608,1.329349984,0.901934736,0.994228918,0.990688422,0.725884232,SIRA
822.48,1.733089512,0.869649396,0.995971061,0.987449905,0.69858537,SIRA
805.902,1.410167054,0.905892797,0.989682002,0.980482493,0.771283606,SIRA
814.731,1.528279567,0.886403255,0.99552889,0.987805907,0.700697375,SIRA
808.608,1.512711588,0.89997435,0.995688435,0.990104662,0.781765973,SIRA
820.888,1.682418889,0.873286876,0.992199226,0.985935954,0.771457283,SIRA
804.02,1.428495909,0.910449701,0.995073847,0.988330625,0.723134881,SIRA
820.688,1.671347461,0.873880482,0.995482022,0.990253494,0.677633102,SIRA
807.204,1.459145794,0.903339223,0.996799714,0.988873876,0.710704802,SIRA
808.233,1.610779839,0.901194415,0.994786842,0.988583608,0.701260404,SIRA
805.168,1.552925674,0.908126704,0.997324779,0.991031011,0.756621447,SIRA
809.173,1.528874864,0.899274563,0.99614531,0.98910749,0.726900403,SIRA
816.488,1.613036838,0.883308757,0.998933463,0.99080241,0.774814398,SIRA
812.557,1.61442336,0.891914063,0.997565238,0.988378715,0.710838074,SIRA
808.394,1.522346832,0.901162384,0.99781123,0.990886986,0.755797826,SIRA
820.738,1.602098496,0.874370978,0.988836545,0.986736842,0.783831694,SIRA
826.694,1.597459944,0.861890926,0.995636024,0.986447241,0.736665095,SIRA
810.125,1.497532225,0.897621814,0.995198895,0.989154745,0.706534844,SIRA
821.995,1.467715241,0.871996407,0.993916449,0.984255605,0.790724344,SIRA
817.391,1.663589895,0.881960058,0.992716788,0.990348265,0.785302787,SIRA
815.81,1.569381823,0.885495049,0.996373311,0.990495903,0.795204829,SIRA
819.195,1.619871496,0.878342055,0.993792991,0.990413851,0.711926661,SIRA
807.242,1.530836702,0.90458479,0.997195329,0.990205184,0.811332503,SIRA
818.989,1.524401826,0.878840174,0.994309978,0.985193431,0.701999342,SIRA
823.512,1.608540527,0.869324102,0.992349883,0.985505724,0.745510885,SIRA
825.347,1.678240621,0.865481298,0.996042597,0.987601305,0.756538846,SIRA
814.753,1.63954784,0.888210557,0.997791107,0.98962288,0.772091493,SIRA
830.981,1.739791813,0.853894451,0.989014208,0.984164272,0.695635415,SIRA
820.238,1.54448292,0.876445911,0.991904861,0.98693869,0.694306345,SIRA
868.451,1.546952904,0.782050059,0.992824421,0.979261856,0.753064433,SIRA
801.777,1.475824749,0.917720687,0.995940975,0.988815873,0.792996858,SIRA
836.513,1.63313905,0.843122776,0.993921491,0.98702855,0.673867176,SIRA
811.245,1.615049935,0.896462535,0.998220331,0.992033977,0.814450516,SIRA
825.213,1.598492438,0.866389816,0.995926051,0.984958147,0.742057847,SIRA
809.342,1.551508633,0.900836657,0.996555034,0.992433689,0.822234674,SIRA
831.681,1.745114595,0.853111695,0.991279374,0.979413912,0.770864797,SIRA
817.837,1.573526687,0.88231353,0.995116782,0.985561385,0.803057508,SIRA
815.744,1.552633818,0.886865825,0.997008223,0.98927789,0.750891387,SIRA
812.915,1.512812558,0.893068289,0.995417349,0.987136371,0.799986373,SIRA
817.358,1.673453122,0.883554873,0.996565493,0.991744785,0.77811092,SIRA
823.08,1.667667144,0.871405486,0.998459021,0.990783507,0.76753913,SIRA
817.382,1.654091867,0.88361584,0.998918447,0.989969445,0.790878941,SIRA
800.571,1.495649184,0.921409251,0.998103927,0.989389027,0.759437621,SIRA
821.278,1.603287461,0.875736684,0.995514034,0.984707238,0.731697825,SIRA
807.979,1.530971046,0.904821713,0.997161275,0.991102302,0.800851861,SIRA
802.977,1.449620698,0.916188139,0.992894877,0.989871552,0.798522167,SIRA
824.669,1.690612367,0.868660382,0.995966008,0.985927604,0.75187525,SIRA
820.516,1.561804126,0.877587988,0.997197832,0.987855867,0.781065187,SIRA
808.716,1.536043682,0.903403866,0.99615247,0.989956838,0.814771172,SIRA
813.381,1.566772869,0.893127945,0.998995898,0.991042448,0.758207559,SIRA
819.584,1.512733332,0.879678582,0.996318345,0.985187203,0.70651341,SIRA
818.549,1.537260194,0.881942087,0.999067824,0.990500263,0.703720332,SIRA
815.622,1.621995813,0.888321228,0.993623448,0.984672725,0.741290709,SIRA
799.758,1.415230516,0.923971174,0.997007315,0.989147124,0.771599672,SIRA
838.205,1.549352022,0.841510941,0.996790444,0.985216208,0.728493125,SIRA
803.179,1.478469127,0.916642906,0.996953171,0.988467598,0.706122449,SIRA
815.953,1.57903975,0.888563269,0.995435794,0.98756031,0.748334896,SIRA
821.528,1.668626728,0.876637465,0.99529346,0.988328645,0.765013649,SIRA
833.628,1.769156118,0.85168101,0.987471979,0.98204754,0.693754603,SIRA
834.12,1.652850187,0.850766897,0.99725664,0.985439331,0.712983986,SIRA
805.392,1.47382947,0.912736081,0.997727114,0.987094071,0.766205887,SIRA
818.382,1.65180988,0.883990717,0.99816878,0.990955746,0.777612729,SIRA
809.205,1.533842032,0.904193045,0.998090324,0.98972797,0.741283826,SIRA
822.883,1.610684204,0.874476578,0.992642613,0.98515607,0.735690867,SIRA
836.282,1.812540908,0.846679148,0.998588957,0.991874882,0.68559581,SIRA
810.08,1.511212331,0.902393984,0.995915887,0.989355672,0.766505636,SIRA
831.746,1.718102917,0.856030032,0.997935358,0.988588211,0.779586435,SIRA
811.933,1.573439352,0.898470403,0.998362903,0.99004369,0.780390079,SIRA
812.169,1.563855388,0.898043579,0.995998221,0.989109908,0.697487571,SIRA
839.093,1.778464575,0.84139063,0.997369455,0.988944597,0.694132371,SIRA
819.001,1.584882886,0.883235751,0.996982306,0.989755002,0.805773471,SIRA
804.357,1.477608754,0.915843994,0.99788358,0.990796579,0.807276151,SIRA
822.128,1.682717162,0.876715599,0.995891931,0.990152024,0.802242297,SIRA
810.17,1.555026192,0.902844438,0.993940685,0.98836795,0.798016719,SIRA
817.827,1.609341717,0.886055186,0.993557027,0.988637793,0.807534247,SIRA
822.039,1.631510653,0.877035623,0.993289089,0.99040299,0.717969797,SIRA
813.503,1.638977469,0.895594432,0.995079162,0.990362002,0.685717193,SIRA
809.701,1.603430567,0.904043982,0.99695824,0.991590632,0.779874006,SIRA
808.254,1.497781852,0.907437749,0.996486725,0.990093607,0.751752932,SIRA
809.861,1.485561685,0.903935879,0.99736117,0.989015366,0.710869696,SIRA
821.453,1.493808267,0.878659826,0.993882799,0.987380977,0.70862996,SIRA
825.516,1.588741127,0.870068867,0.996632444,0.988167291,0.694270328,SIRA
856.996,1.521030777,0.80732245,0.996184562,0.983163861,0.736881559,SIRA
804.934,1.538125205,0.915229677,0.997427611,0.991448861,0.810640418,SIRA
816.99,1.540734035,0.888643528,0.994921041,0.988854671,0.689317269,SIRA
832.896,1.670509955,0.85517129,0.995254542,0.987222919,0.757513519,SIRA
805.648,1.498757005,0.914285785,0.995164562,0.989046432,0.805760306,SIRA
813.702,1.576735701,0.896276207,0.997139506,0.988797923,0.801901851,SIRA
825.347,1.652490788,0.871181565,0.997385235,0.987950043,0.73101452,SIRA
818.195,1.573008221,0.886534776,0.995242507,0.989150924,0.709779227,SIRA
817.735,1.593101255,0.887551253,0.992563066,0.988509356,0.681554491,SIRA
819.735,1.609532345,0.883375225,0.997311827,0.988139068,0.701428487,SIRA
826.032,1.661915213,0.870105619,0.996532321,0.988203058,0.79954307,SIRA
819.854,1.652161351,0.883399236,0.995436402,0.990815685,0.796453614,SIRA
816.125,1.602834846,0.891547052,0.999134817,0.991356704,0.780248993,SIRA
831.164,1.687354174,0.859612185,0.997753019,0.990401341,0.68561936,SIRA
828.291,1.705899153,0.865622441,0.997624124,0.988309841,0.729035542,SIRA
817.568,1.50805645,0.888515486,0.996199337,0.99000796,0.692042992,SIRA
820.003,1.514412774,0.883302491,0.995214361,0.985015526,0.74186156,SIRA
818.126,1.598342496,0.887378979,0.996375802,0.988848906,0.784221005,SIRA
808.68,1.45424608,0.908326661,0.99652427,0.989636763,0.784173855,SIRA
817.055,1.553181978,0.889857457,0.998177916,0.988189306,0.714395817,SIRA
823.47,1.593365569,0.876213901,0.998306744,0.987098121,0.703078067,SIRA
808.169,1.4362264,0.909725802,0.996463284,0.987861441,0.787184097,SIRA
818.79,1.599886134,0.886371433,0.997739928,0.989392196,0.749746322,SIRA
827.422,1.744960392,0.868028998,0.994557196,0.987533411,0.770864576,SIRA
827.289,1.562399824,0.868730421,0.997217502,0.987993067,0.806415326,SIRA
828.183,1.734996486,0.866855894,0.998079574,0.991305077,0.767685618,SIRA
817.434,1.534742145,0.889841163,0.997328311,0.987725451,0.720577485,SIRA
818.657,1.523013847,0.887278215,0.995618377,0.988366264,0.720127222,SIRA
824.295,1.670596112,0.87521913,0.995385748,0.987706629,0.813711161,SIRA
817.383,1.582880214,0.890083869,0.994888528,0.99070488,0.805470452,SIRA
825.849,1.707962161,0.872002129,0.994612548,0.989856103,0.812062457,SIRA
834.252,1.690764516,0.854542178,0.997263703,0.989090909,0.784147392,SIRA
823.684,1.677305023,0.876666244,0.993551532,0.988967592,0.786229236,SIRA
814.504,1.512510448,0.896671418,0.993371175,0.987319067,0.766507983,SIRA
827.636,1.748466281,0.868552482,0.997477796,0.990667504,0.768846016,SIRA
816.287,1.625675432,0.892947124,0.997797656,0.989508882,0.692222222,SIRA
822.101,1.605796823,0.88052906,0.995834378,0.988911627,0.688628763,SIRA
813.385,1.552218411,0.899710096,0.997085425,0.991522408,0.808217308,SIRA
809.933,1.480505813,0.907797996,0.997737038,0.989579853,0.732849808,SIRA
808.959,1.476431164,0.91013894,0.996999459,0.990822811,0.713058523,SIRA
818.69,1.467345255,0.889119053,0.995516232,0.986868939,0.739055901,SIRA
815.015,1.477492178,0.897212173,0.993991578,0.986561824,0.812450749,SIRA
833.066,1.636892293,0.858986958,0.994905708,0.984906365,0.701552795,SIRA
827.126,1.590088422,0.871479087,0.996149266,0.98936503,0.697310406,SIRA
835.604,1.704355683,0.85390282,0.998380547,0.989447781,0.678759961,SIRA
828.575,1.627639,0.868451996,0.997786665,0.989509687,0.704783125,SIRA
825.973,1.70843768,0.874005929,0.995803301,0.992636291,0.816077325,SIRA
815.136,1.583872388,0.897607765,0.996112225,0.989760594,0.751762153,SIRA
817.819,1.518073243,0.89176548,0.996999397,0.990835456,0.795025126,SIRA
817.221,1.56201528,0.893108686,0.997390555,0.989782087,0.70487689,SIRA
809.477,1.562961362,0.910566246,0.994901637,0.98964087,0.811915388,SIRA
825.566,1.666220292,0.875457908,0.992383453,0.987911699,0.702604321,SIRA
814.313,1.619302129,0.899972621,0.996823675,0.9926217,0.812544913,SIRA
812.113,1.495819286,0.905026728,0.996347214,0.991504196,0.809292578,SIRA
827.373,1.572281815,0.871968478,0.99750331,0.989480262,0.712250712,SIRA
813.446,1.571492333,0.902082002,0.994244207,0.989562717,0.786423841,SIRA
817.323,1.543149814,0.893920414,0.996011994,0.988969823,0.805478338,SIRA
816.906,1.557427583,0.895059241,0.997894945,0.991448,0.711993888,SIRA
814.954,1.505281798,0.899579168,0.997148791,0.989695872,0.711821775,SIRA
815.076,1.563998829,0.899328807,0.99644562,0.989160737,0.740922549,SIRA
821.031,1.629973682,0.88644217,0.997450154,0.991348038,0.741316413,SIRA
826.271,1.645171415,0.875565952,0.99545483,0.989022184,0.798244731,SIRA
852.287,1.78521436,0.822963202,0.987771076,0.98333919,0.646960424,SIRA
826.316,1.686608939,0.875820271,0.995019361,0.988143442,0.751357838,SIRA
821.806,1.599983,0.885496713,0.992580319,0.989685147,0.790584092,SIRA
824.036,1.654192852,0.880914117,0.996779053,0.987880046,0.723529412,SIRA
816.603,1.556895541,0.897080401,0.997343284,0.989523572,0.692966112,SIRA
824.229,1.627389553,0.880575609,0.993588317,0.982012088,0.792122866,SIRA
823.369,1.698959677,0.882471682,0.994947436,0.989627289,0.828512756,SIRA
832.665,1.672755416,0.862913822,0.989600341,0.986306478,0.743673852,SIRA
819.072,1.55147824,0.892148537,0.997906873,0.991403355,0.705489394,SIRA
810.644,1.523352555,0.910872213,0.997197593,0.99000291,0.760618932,SIRA
820.625,1.678558532,0.888905644,0.997458649,0.988934792,0.788557996,SIRA
822.506,1.523025993,0.884844593,0.996849006,0.988442305,0.697902016,SIRA
825.825,1.612200343,0.877746484,0.996653355,0.990621166,0.786539859,SIRA
809.7,1.484958128,0.913112361,0.996643765,0.990580554,0.799312081,SIRA
817.345,1.494969568,0.896204787,0.996922548,0.989326799,0.698879305,SIRA
817.095,1.518069114,0.89703561,0.997809655,0.990131716,0.712625976,SIRA
810.033,1.478348326,0.912744796,0.99722409,0.990234578,0.719685301,SIRA
834.119,1.617424659,0.861118177,0.996041567,0.98599909,0.779265143,SIRA
820.384,1.441936468,0.890230847,0.995688096,0.989560417,0.772930649,SIRA
813.399,1.514372739,0.905624058,0.997298909,0.991268373,0.713915673,SIRA
837.565,1.687763992,0.854226075,0.996933337,0.987819782,0.676795345,SIRA
842.978,1.791991262,0.843343895,0.987805557,0.98196269,0.734868097,SIRA
824.388,1.594647675,0.882085009,0.995626332,0.989012128,0.795799553,SIRA
826.816,1.608896074,0.877003923,0.99458152,0.990327134,0.807275804,SIRA
812.843,1.445479962,0.90745301,0.998901762,0.988317176,0.743108121,SIRA
819.146,1.523200841,0.893579219,0.996726101,0.98733601,0.730241812,SIRA
812.279,1.533846419,0.908751706,0.997394102,0.991583366,0.797946351,SIRA
812.323,1.40205998,0.908748481,0.996484196,0.990370048,0.733732087,SIRA
827.421,1.551290482,0.876401022,0.990008487,0.986121151,0.81202381,SIRA
820.144,1.583363335,0.892041019,0.993200825,0.990232066,0.801356069,SIRA
822.431,1.52951212,0.887179669,0.995426755,0.986550698,0.696890095,SIRA
817.968,1.482843757,0.897018819,0.996779943,0.9900908,0.802230658,SIRA
837.149,1.585759631,0.856438014,0.995913546,0.98370886,0.732201987,SIRA
826.07,1.529842643,0.879564637,0.994953707,0.9886159,0.690775772,SIRA
817.143,1.447033976,0.898962759,0.993909362,0.985679206,0.761275619,SIRA
815.034,1.480884245,0.903658965,0.99579273,0.991881229,0.754120359,SIRA
823.47,1.549613889,0.885275882,0.992016633,0.988249653,0.799113416,SIRA
827.016,1.586570631,0.877774047,0.996126414,0.987678568,0.771622386,SIRA
820.597,1.583358618,0.891709569,0.993303166,0.990013467,0.826523905,SIRA
830.066,1.689054131,0.871481207,0.992190243,0.986640512,0.679556282,SIRA
834.923,1.719754088,0.861533599,0.993415287,0.985544305,0.750879839,SIRA
820.103,1.532601964,0.893307315,0.997251359,0.989527495,0.814566829,SIRA
812.951,1.45710922,0.909208422,0.997625707,0.990246024,0.726117261,SIRA
826.176,1.582871272,0.880811789,0.996282787,0.989370722,0.699264824,SIRA
830.691,1.608687665,0.871499715,0.991874875,0.988351921,0.706257379,SIRA
839.571,1.736204567,0.853286594,0.993834469,0.986479523,0.768587211,SIRA
833.813,1.676354192,0.865184538,0.996793275,0.988824161,0.663989458,SIRA
820.104,1.556110465,0.894594339,0.995249333,0.99015634,0.729333272,SIRA
826.804,1.708943678,0.880172789,0.993429023,0.985124681,0.748784111,SIRA
822.332,1.522794937,0.889790501,0.996294339,0.989215767,0.710362733,SIRA
832.392,1.701693626,0.868449343,0.995697241,0.990505347,0.753390604,SIRA
825.106,1.685137995,0.883983745,0.995351406,0.990281425,0.793317652,SIRA
815.472,1.545609739,0.905050612,0.995040108,0.989279739,0.800956586,SIRA
827.291,1.72185821,0.8796693,0.996815869,0.988446462,0.767788462,SIRA
828.355,1.674159948,0.877539123,0.995466208,0.987531429,0.67238718,SIRA
815.389,1.530156181,0.905707395,0.994531177,0.98961216,0.802703653,SIRA
812.697,1.497319732,0.911869723,0.998269123,0.992318523,0.707200826,SIRA
824.548,1.540019572,0.885845991,0.995880816,0.988878802,0.702711024,SIRA
838.842,1.524969474,0.855931159,0.99190016,0.9830578,0.795063203,SIRA
828.947,1.58895764,0.876597055,0.993807499,0.99178581,0.695017979,SIRA
820.344,1.555488733,0.895154013,0.993581746,0.988860927,0.7598472,SIRA
828.665,1.648206147,0.87726698,0.995203133,0.98623655,0.721197533,SIRA
832.029,1.628548896,0.870750237,0.997991504,0.989031154,0.754834852,SIRA
807.211,1.360053656,0.925212841,0.995358774,0.988746908,0.760731332,SIRA
819.607,1.540031703,0.897456753,0.996617924,0.989991746,0.791823463,SIRA
828.083,1.624206304,0.879196928,0.996655724,0.990175844,0.746824408,SIRA
835.28,1.695303587,0.864165433,0.993707702,0.983377741,0.799996665,SIRA
830.466,1.725619638,0.874267827,0.997400486,0.989911493,0.803637825,SIRA
826.362,1.617531216,0.88310204,0.993067846,0.9878345,0.824383289,SIRA
825.312,1.623958518,0.885424312,0.992055459,0.987489969,0.798711889,SIRA
813.008,1.475515281,0.91252205,0.996701154,0.990323313,0.784409217,SIRA
848.364,1.770397853,0.838117163,0.993900775,0.987350104,0.683789174,SIRA
823.958,1.60988117,0.888577343,0.996137662,0.988754325,0.750257869,SIRA
821.825,1.422061557,0.893288862,0.993097773,0.987068257,0.718512421,SIRA
832.7,1.580418466,0.870398621,0.993315321,0.986666941,0.701380066,SIRA
824.551,1.647223208,0.888002067,0.998174617,0.991783989,0.807869514,SIRA
836.659,1.81462234,0.862521892,0.998844029,0.991784328,0.79367649,SIRA
825.869,1.498451792,0.885335831,0.995168508,0.987160524,0.724038693,SIRA
832.676,1.637616842,0.870938148,0.996938345,0.988846819,0.69142446,SIRA
824.999,1.55844398,0.887351776,0.991785964,0.98645348,0.768680827,SIRA
840.632,1.537075187,0.854690552,0.99210456,0.98457473,0.681841396,SIRA
833.135,1.637370324,0.870395155,0.995139885,0.991155733,0.670791941,SIRA
824.228,1.515482495,0.889327106,0.995498155,0.989177845,0.684696232,SIRA
821.099,1.4741129,0.896192576,0.995911327,0.990891105,0.711946221,SIRA
821.859,1.593659442,0.894628886,0.998094455,0.991750366,0.736739697,SIRA
827.726,1.61219568,0.882119797,0.998354533,0.98861207,0.79499471,SIRA
857.135,1.794363937,0.822711282,0.992819403,0.984283873,0.726735665,SIRA
824.539,1.495693503,0.889044515,0.994418663,0.989508116,0.721557156,SIRA
825.797,1.572685468,0.886374733,0.99733322,0.988004519,0.740414069,SIRA
835.252,1.616482369,0.866781153,0.995723044,0.990062546,0.80330195,SIRA
821.422,1.535218635,0.896251503,0.997211496,0.989492947,0.701307218,SIRA
840.554,1.787246671,0.856040846,0.996415689,0.989982928,0.64725659,SIRA
824.637,1.653644615,0.889609347,0.991970494,0.986273586,0.80204255,SIRA
826.049,1.600652714,0.886938976,0.995495705,0.988485694,0.796708023,SIRA
831.084,1.610218257,0.876242946,0.995250943,0.984847555,0.672137325,SIRA
833.024,1.676731951,0.872220723,0.996106578,0.989115926,0.695021645,SIRA
826.879,1.621985197,0.885287951,0.996395885,0.990214621,0.708155074,SIRA
816.592,1.505252761,0.907770925,0.997279072,0.99015396,0.724687829,SIRA
819.102,1.496354369,0.902272216,0.996882925,0.989198957,0.809616645,SIRA
822.915,1.54461251,0.89409719,0.995666453,0.987862386,0.803033333,SIRA
837.673,1.638730418,0.862924287,0.994277314,0.986366707,0.686298248,SIRA
837.335,1.608014399,0.863746548,0.993900971,0.985098424,0.683303085,SIRA
835.429,1.652273141,0.867746269,0.99183059,0.98244863,0.724170573,SIRA
825.629,1.488377746,0.888578978,0.993057988,0.986997297,0.72773802,SIRA
826.362,1.553745653,0.887205725,0.994792688,0.988416672,0.677001713,SIRA
818.737,1.475954602,0.903807992,0.994370317,0.988700449,0.788666961,SIRA
842.866,1.648160139,0.852854537,0.994544358,0.987587309,0.676939277,SIRA
825.418,1.535550641,0.889328436,0.996200096,0.988073526,0.696274368,SIRA
821.186,1.517852389,0.898686116,0.997704614,0.990999507,0.775387485,SIRA
826.694,1.528915368,0.886824239,0.993056413,0.98462732,0.786016949,SIRA
837.447,1.688247661,0.864250176,0.992311883,0.985674582,0.695400807,SIRA
823.67,1.472716526,0.893496099,0.996236142,0.987572935,0.702737351,SIRA
845.75,1.723528047,0.847452069,0.994519299,0.986361313,0.711495914,SIRA
830.258,1.616369156,0.879391012,0.995878579,0.989396177,0.816364867,SIRA
818.361,1.516062089,0.905164086,0.995632314,0.985797486,0.720021493,SIRA
828.052,1.532002863,0.884211086,0.993002299,0.986182086,0.741105991,SIRA
838.687,1.502693867,0.862232434,0.994370685,0.986529578,0.712011684,SIRA
817.34,1.506226003,0.907915992,0.99711663,0.989462895,0.807231737,SIRA
815.562,1.502278978,0.912143486,0.998495368,0.991783073,0.808750859,SIRA
829.738,1.636409788,0.881862548,0.996628201,0.98874427,0.74196818,SIRA
837.416,1.782637817,0.865837327,0.996151024,0.990467991,0.686530264,SIRA
826.388,1.505963653,0.889118808,0.989103997,0.990610329,0.781709053,SIRA
811.486,1.357539228,0.922112086,0.997278953,0.990732577,0.776765046,SIRA
831.509,1.559569698,0.878309981,0.997616821,0.990794276,0.704251009,SIRA
837.928,1.593475248,0.864940622,0.997182837,0.987071078,0.68915508,SIRA
840.97,1.589451845,0.858730061,0.994885537,0.98385652,0.71465117,SIRA
828.946,1.609281134,0.883932509,0.994803174,0.988971641,0.759411136,SIRA
834.914,1.630717068,0.871431036,0.990971913,0.985766141,0.779476264,SIRA
836.603,1.699569299,0.868095505,0.992990496,0.987944422,0.768484964,SIRA
815.384,1.433394024,0.914110561,0.996020353,0.987100725,0.724083723,SIRA
821.782,1.610332592,0.900118396,0.995148026,0.98952644,0.813333333,SIRA
825.792,1.568603602,0.891932171,0.997080502,0.988340514,0.80439407,SIRA
828.83,1.646864449,0.885497028,0.998110062,0.989756277,0.748314989,SIRA
835.676,1.622189056,0.87130009,0.996165926,0.98882944,0.736934222,SIRA
831.069,1.61681701,0.881259819,0.996859875,0.98861085,0.796120973,SIRA
835.37,1.710217236,0.872262664,0.994646961,0.985073109,0.802661232,SIRA
833.818,1.564418311,0.875675472,0.996422452,0.98964355,0.697836545,SIRA
825.903,1.598753259,0.892558303,0.998377751,0.990453022,0.725414745,SIRA
826.543,1.600335391,0.891397335,0.995667719,0.98954526,0.706140351,SIRA
833.546,1.729249775,0.876590701,0.996173177,0.988577722,0.704790019,SIRA
836.742,1.636109484,0.869907079,0.996272196,0.989102263,0.754937695,SIRA
827.697,1.520007223,0.889023499,0.994822188,0.986404803,0.753939488,SIRA
837.905,1.78228396,0.867690803,0.995006217,0.987573338,0.692325269,SIRA
836.757,1.569153488,0.870091265,0.992735271,0.987754686,0.678398007,SIRA
846.321,1.67424155,0.850817851,0.988020815,0.982157323,0.695807507,SIRA
861.497,1.732720301,0.821190778,0.990800303,0.98251727,0.651067886,SIRA
834.031,1.63745141,0.876565091,0.997539574,0.988409281,0.774542668,SIRA
825.251,1.569978791,0.895353096,0.995716621,0.98851043,0.75497884,SIRA
817.194,1.371274779,0.913114143,0.993777964,0.988933725,0.74552913,SIRA
823.619,1.560067979,0.899108668,0.997550946,0.990793288,0.79186517,SIRA
827.083,1.564456555,0.891611492,0.998131897,0.990773251,0.773765683,SIRA
818.048,1.515299609,0.911584212,0.995323479,0.988213501,0.721665576,SIRA
820.627,1.560084954,0.905956811,0.995321339,0.987953278,0.758001561,SIRA
830.623,1.590819268,0.884301045,0.995595046,0.989241835,0.751749659,SIRA
838.885,1.650932026,0.867003949,0.996143067,0.988054538,0.737495253,SIRA
862.071,1.831469471,0.821061408,0.989904417,0.98279596,0.783278488,SIRA
828.554,1.51544915,0.888887718,0.995323001,0.988559098,0.809333333,SIRA
848.576,1.800417355,0.847488634,0.991224993,0.985350512,0.778253205,SIRA
851.032,1.804377747,0.842777651,0.99431882,0.988602365,0.79375429,SIRA
851.748,1.792902532,0.841465258,0.992098071,0.982803617,0.754918415,SIRA
847.239,1.539719486,0.850550674,0.995772302,0.984478531,0.698311175,SIRA
821.543,1.585862436,0.904812778,0.997008592,0.991815992,0.752566783,SIRA
830.105,1.61103811,0.886353331,0.999160531,0.990240821,0.721690969,SIRA
819.362,1.527277122,0.909879432,0.996700044,0.990666015,0.760077556,SIRA
837.677,1.631569754,0.870545023,0.995366126,0.987526663,0.79238117,SIRA
833.064,1.535237946,0.88041199,0.996665584,0.986888041,0.709571969,SIRA
841.797,1.674475937,0.862718347,0.998083687,0.990915572,0.693203192,SIRA
827.886,1.556199412,0.891972842,0.995323185,0.988298866,0.728424268,SIRA
846.191,1.712247816,0.854027665,0.994028348,0.981960167,0.686341711,SIRA
821.12,1.50445349,0.907087174,0.997677991,0.989549234,0.77875384,SIRA
836.033,1.605054862,0.875158727,0.988205974,0.986202845,0.718373672,SIRA
848.981,1.794683554,0.848754977,0.996367433,0.98989406,0.643431139,SIRA
824.604,1.555934075,0.899715585,0.998114727,0.991365969,0.727310755,SIRA
829.382,1.503794383,0.889452147,0.997184089,0.9893924,0.740456854,SIRA
822.774,1.527036439,0.903796552,0.995397766,0.987926871,0.806119408,SIRA
838.652,1.748392294,0.870112186,0.99686276,0.991126669,0.8175256,SIRA
833.397,1.561438682,0.881318819,0.991578236,0.989678783,0.721783455,SIRA
821.827,1.462569084,0.90642023,0.996526508,0.990968451,0.707931295,SIRA
830.914,1.587371618,0.886794148,0.99612236,0.988295909,0.778306709,SIRA
829.821,1.691656813,0.8895515,0.996638508,0.989203888,0.805077048,SIRA
848.294,1.673311906,0.851352686,0.995448758,0.988262958,0.80014443,SIRA
823.52,1.576460198,0.903382795,0.997010705,0.990572555,0.758935243,SIRA
828.828,1.583961067,0.891922087,0.996013842,0.989126466,0.788964401,SIRA
831.85,1.60471571,0.885707633,0.99307072,0.988127558,0.707168542,SIRA
843.596,1.70434206,0.861214643,0.996436393,0.986408867,0.678066956,SIRA
833.874,1.577437651,0.881702381,0.994929038,0.987411455,0.796317757,SIRA
839.221,1.593748052,0.870752638,0.992548026,0.985600323,0.806697964,SIRA
836.893,1.699909984,0.875801114,0.996229909,0.989579743,0.800344319,SIRA
836.317,1.597811735,0.877169618,0.991896957,0.985566344,0.693159554,SIRA
822.823,1.475773264,0.906231743,0.997484485,0.990425381,0.773551126,SIRA
830.137,1.585568615,0.890424387,0.996428693,0.98762186,0.729895366,SIRA
828.398,1.598475945,0.894185038,0.996240185,0.989383041,0.793922544,SIRA
844.94,1.583926764,0.859603566,0.99655721,0.987483571,0.706692714,SIRA
832.466,1.556777998,0.885557854,0.995386559,0.988082954,0.801983775,SIRA
837.407,1.536889403,0.875461029,0.997048112,0.989448101,0.69762527,SIRA
831.807,1.582138675,0.887324819,0.997716669,0.988587616,0.712810038,SIRA
833.196,1.621327104,0.884495523,0.996995379,0.989951174,0.756686024,SIRA
830.349,1.608723841,0.890662352,0.994755817,0.989190721,0.808403639,SIRA
827.086,1.654527307,0.897979404,0.995373547,0.990496839,0.71787529,SIRA
826.058,1.603478529,0.900326297,0.994145208,0.990477927,0.756772236,SIRA
825.048,1.564482094,0.902587335,0.997260916,0.990659129,0.820555854,SIRA
824.21,1.514259095,0.904479141,0.996514433,0.989096573,0.691388575,SIRA
841.394,1.547506985,0.867982602,0.995204671,0.987499495,0.689057986,SIRA
849.167,1.670548791,0.852234575,0.98870749,0.987261275,0.68468582,SIRA
836.247,1.679114202,0.878807959,0.997235401,0.98873883,0.795979818,SIRA
828.085,1.594478284,0.896235561,0.997347385,0.990701914,0.785171866,SIRA
834.315,1.602018762,0.882900787,0.995358899,0.987700697,0.686111111,SIRA
846.382,1.671228217,0.857975111,0.993305899,0.984877469,0.678852987,SIRA
836.372,1.576322457,0.878976438,0.998232218,0.990124856,0.705008501,SIRA
835.461,1.603518221,0.881110426,0.994277243,0.991390836,0.780222233,SIRA
826.904,1.470150632,0.899514175,0.990383028,0.988248834,0.742581017,SIRA
834.814,1.586750235,0.882584905,0.995572542,0.988648529,0.785893195,SIRA
839.533,1.662525551,0.872940413,0.994528441,0.985963994,0.689785855,SIRA
823.385,1.52012119,0.907590039,0.993742353,0.989551756,0.817991981,SIRA
835.903,1.463538606,0.880754367,0.993913534,0.987677477,0.687581608,SIRA
840.161,1.592195743,0.871885134,0.995544955,0.986126772,0.716008772,SIRA
829.315,1.559303224,0.894949377,0.995498401,0.990335429,0.678313253,SIRA
827.009,1.562209536,0.900020714,0.993979956,0.987879643,0.766013011,SIRA
835.087,1.683347427,0.882926946,0.994932902,0.99134059,0.831813938,SIRA
847.62,1.765232193,0.85713231,0.991151232,0.987745147,0.700872426,SIRA
840.74,1.619654091,0.871324663,0.995241087,0.988204694,0.690198564,SIRA
831.992,1.523260044,0.890143508,0.992819718,0.9893265,0.691687004,SIRA
830.002,1.544210173,0.894526461,0.998281481,0.990406754,0.782096265,SIRA
823.272,1.604457158,0.909433692,0.996021292,0.989929364,0.799136527,SIRA
821.717,1.537429233,0.913158098,0.997578785,0.991332458,0.759512089,SIRA
841.14,1.700495244,0.871508542,0.997229145,0.991733533,0.821826952,SIRA
840.583,1.583898986,0.87266391,0.994779917,0.986192342,0.716551301,SIRA
833.162,1.531178769,0.888351244,0.991974495,0.984116798,0.781525721,SIRA
824.934,1.420306378,0.906382276,0.997454471,0.988859117,0.74061109,SIRA
836.758,1.531993168,0.881252688,0.994793297,0.988285732,0.795647524,SIRA
835.878,1.51811005,0.883271075,0.991252305,0.983458827,0.68950509,SIRA
857.162,1.8160591,0.839968157,0.997427948,0.989582494,0.709040772,SIRA
830.489,1.46616778,0.894989903,0.993720666,0.988250915,0.764651858,SIRA
834.234,1.473598128,0.886972455,0.997681182,0.988947273,0.808033952,SIRA
840.624,1.595109302,0.873752468,0.996673917,0.989706919,0.701113014,SIRA
837.903,1.651150518,0.87952601,0.995443462,0.991465235,0.71551925,SIRA
828.621,1.503159577,0.89950554,0.99319797,0.987224811,0.781541202,SIRA
839.947,1.612643248,0.875553388,0.995136683,0.991128317,0.721238354,SIRA
848.793,1.71718005,0.857416143,0.996475682,0.988398279,0.745525965,SIRA
834.536,1.569448447,0.887070401,0.99413741,0.986673892,0.740384326,SIRA
850.731,1.695933351,0.853653039,0.994725317,0.989315035,0.674435513,SIRA
833.183,1.462521525,0.890062368,0.996013437,0.988719083,0.705559063,SIRA
828.597,1.533909169,0.90005183,0.997096486,0.990074092,0.798165882,SIRA
844.274,1.605018097,0.866954358,0.994605067,0.990094226,0.683607651,SIRA
838.722,1.619678169,0.878791669,0.995668684,0.987732155,0.698114011,SIRA
832.071,1.629372674,0.892969325,0.996460041,0.98914311,0.803495019,SIRA
847.163,1.694307781,0.861436666,0.992011624,0.987039563,0.788429487,SIRA
832.864,1.584449493,0.891324026,0.994348311,0.989561545,0.794987801,SIRA
848.51,1.777515496,0.858860881,0.996369824,0.988290821,0.780035826,SIRA
851.431,1.663383437,0.853047348,0.992350964,0.985915775,0.708744995,SIRA
836.051,1.646510414,0.884793273,0.997035298,0.989345663,0.710634611,SIRA
826.516,1.568241808,0.905325646,0.99593969,0.991318535,0.722051056,SIRA
831.527,1.600124238,0.89464698,0.996885546,0.989527007,0.744157218,SIRA
845.116,1.696736552,0.866600075,0.994148183,0.989234786,0.690818817,SIRA
842.823,1.642615115,0.871321866,0.996032085,0.988282034,0.789326923,SIRA
867.856,1.77774485,0.821830928,0.988380007,0.979459137,0.728438332,SIRA
824.068,1.51779224,0.911545122,0.996548513,0.990449382,0.765239545,SIRA
845.236,1.668917045,0.866547511,0.9949219,0.987650608,0.73245614,SIRA
844.304,1.642419764,0.868955269,0.994772172,0.988985193,0.694933175,SIRA
835.634,1.612540606,0.887260211,0.996757578,0.98882872,0.777404604,SIRA
831.795,1.491052675,0.895523577,0.995449475,0.989285714,0.83006734,SIRA
831.6,1.529637377,0.895998119,0.996683253,0.988176116,0.731609247,SIRA
828.199,1.505812411,0.903445345,0.995745462,0.988058266,0.816440397,SIRA
827.606,1.543056329,0.904777184,0.997546465,0.989009887,0.736880641,SIRA
860.959,1.738974974,0.836050994,0.988918937,0.981549669,0.694689393,SIRA
829.603,1.506585568,0.900609099,0.997396712,0.99070057,0.806596677,SIRA
836.361,1.703713186,0.886239373,0.996007357,0.99207658,0.796011231,SIRA
849.87,1.638256634,0.858289083,0.992396472,0.983237997,0.697962649,SIRA
838.788,1.641522577,0.8812075,0.997011932,0.988618375,0.736571019,SIRA
830.819,1.577486,0.898284226,0.993780925,0.985932942,0.714666435,SIRA
836.215,1.551486914,0.886782492,0.995297643,0.989988765,0.724436615,SIRA
847.426,1.694540758,0.863474364,0.994589039,0.988323185,0.818447198,SIRA
837.19,1.490030414,0.884897475,0.995632221,0.98731721,0.726054401,SIRA
836.657,1.681802717,0.886150963,0.99596748,0.989615076,0.687607957,SIRA
852.78,1.630561625,0.852994429,0.997507451,0.988367204,0.696759259,SIRA
850.513,1.648698241,0.857547718,0.995666758,0.990389824,0.761637326,SIRA
847.409,1.585716049,0.864261484,0.991365004,0.984923421,0.775480082,SIRA
830.595,1.56042258,0.899606695,0.994857596,0.987384794,0.685259185,SIRA
828.257,1.504663427,0.904894173,0.994295166,0.989781402,0.789550235,SIRA
846.662,1.661785106,0.865980046,0.993566711,0.989008569,0.682702673,SIRA
854.512,1.738619503,0.850211264,0.990370431,0.986481629,0.667788592,SIRA
836.728,1.592097383,0.886844187,0.996956987,0.990775833,0.724440274,SIRA
859.314,1.674158754,0.84105889,0.993933804,0.98446277,0.665741689,SIRA
829.027,1.54229714,0.903689408,0.995154207,0.990480962,0.749408661,SIRA
846.401,1.633613417,0.867180766,0.996835136,0.987061995,0.79975734,SIRA
831.769,1.4877733,0.897995337,0.996644016,0.98883933,0.700249285,SIRA
824.19,1.528042842,0.914642153,0.996996002,0.991278545,0.81337808,SIRA
829.973,1.484712007,0.902196053,0.996288668,0.98943662,0.736127649,SIRA
837.86,1.579915137,0.885433976,0.99297782,0.988094287,0.740434705,SIRA
844.283,1.677557669,0.872348054,0.990839909,0.983972638,0.680178694,SIRA
840.761,1.622759088,0.879778666,0.991189557,0.989028338,0.791684663,SIRA
833.519,1.517133096,0.89520528,0.997426325,0.988989689,0.714432127,SIRA
837.585,1.605347354,0.887197705,0.993770681,0.987341772,0.815174457,SIRA
833.671,1.594937094,0.895565946,0.997673443,0.991512361,0.692605644,SIRA
834.902,1.560573304,0.893143336,0.998829236,0.990721299,0.703735795,SIRA
842.662,1.690836961,0.876787019,0.995092369,0.990404606,0.821747856,SIRA
849.16,1.74157825,0.863524107,0.993534501,0.984717502,0.697808698,SIRA
837.728,1.534407982,0.887360404,0.99444568,0.98872728,0.712216154,SIRA
840.121,1.637050223,0.88231249,0.997323452,0.98695505,0.702324263,SIRA
830.709,1.569696263,0.902437306,0.997360534,0.989319652,0.753260374,SIRA
850.029,1.642753984,0.862194209,0.988751303,0.990153391,0.815445349,SIRA
834.853,1.456992611,0.893861193,0.995547138,0.986312544,0.71477797,SIRA
846.147,1.632801564,0.870439532,0.997339962,0.988597628,0.739145987,SIRA
837.602,1.622983266,0.888343858,0.99753309,0.991662168,0.811585665,SIRA
832.939,1.477579402,0.898336152,0.994532774,0.987260386,0.760142229,SIRA
832.409,1.609041847,0.899679962,0.997542765,0.991267859,0.770669567,SIRA
855.35,1.755084615,0.852084406,0.987546404,0.986223212,0.799629271,SIRA
845.045,1.698466717,0.873027999,0.994835377,0.987893029,0.757604911,SIRA
833.731,1.599965564,0.896901395,0.996983257,0.992716504,0.807907764,SIRA
835.229,1.613724561,0.89379514,0.996593734,0.989056551,0.801479615,SIRA
857.74,1.495232742,0.848025756,0.994292218,0.986194979,0.757907431,SIRA
834.77,1.580040446,0.89548162,0.995518665,0.987746902,0.742645629,SIRA
841.965,1.529004461,0.880260089,0.996067001,0.988415605,0.696582875,SIRA
838.807,1.604123411,0.886936417,0.998220743,0.98975565,0.690489433,SIRA
853.315,1.692357893,0.857102574,0.988763989,0.988082685,0.807518455,SIRA
855.787,1.693493904,0.852278235,0.996055928,0.985926955,0.794329303,SIRA
840.472,1.633073344,0.883746014,0.99343783,0.98781094,0.788539683,SIRA
833.732,1.525096213,0.898255114,0.996627243,0.991716898,0.801222305,SIRA
852.643,1.74765321,0.859007264,0.996825455,0.989487098,0.660026031,SIRA
821.93,1.424782745,0.924459415,0.997844512,0.991125558,0.802243745,SIRA
845.105,1.643008717,0.874557966,0.998033262,0.989883098,0.749110803,SIRA
844.844,1.623309139,0.875151226,0.994831288,0.987955639,0.710367989,SIRA
834.515,1.588989057,0.897039447,0.997076357,0.989096914,0.692497353,SIRA
831.424,1.550984905,0.904103479,0.997703216,0.992199501,0.814070352,SIRA
852.55,1.651806383,0.859868954,0.998370913,0.989633079,0.695399888,SIRA
841.282,1.594510992,0.883110378,0.992406686,0.988886017,0.796853472,SIRA
838.536,1.533814906,0.888993147,0.995422005,0.988572678,0.79002287,SIRA
845.485,1.702020928,0.874527913,0.994218698,0.987318157,0.769283108,SIRA
838.927,1.57747424,0.888575338,0.997391605,0.988990461,0.766456184,SIRA
835.85,1.571767272,0.895327428,0.9978366,0.990488509,0.778434592,SIRA
856.101,1.691410008,0.853590638,0.994742822,0.986994449,0.770316272,SIRA
838.034,1.551047518,0.891024747,0.997842068,0.989311612,0.725977869,SIRA
841.146,1.509098971,0.884550435,0.991054141,0.990276784,0.713050326,SIRA
850.999,1.735001441,0.864220789,0.996844272,0.990415018,0.659162498,SIRA
838.198,1.551794179,0.891033832,0.995830486,0.98925692,0.781381852,SIRA
855.615,1.691034473,0.855436048,0.99251382,0.982706263,0.808589694,SIRA
836.362,1.622486647,0.89559689,0.996408077,0.992000796,0.77817495,SIRA
843.916,1.483461941,0.879653088,0.995151892,0.986563236,0.697005285,SIRA
852.253,1.658833676,0.862613698,0.992410281,0.982598242,0.684021347,SIRA
848.277,1.71872946,0.870911146,0.997929571,0.992536571,0.668973936,SIRA
859.689,1.741260602,0.848180717,0.996033407,0.987938922,0.668372747,SIRA
847.834,1.687079447,0.872171137,0.995225855,0.989625692,0.730165235,SIRA
848.727,1.590975431,0.870441439,0.993372571,0.984880186,0.735386883,SIRA
847.921,1.44361564,0.872166953,0.989060376,0.982999429,0.677115137,SIRA
852.703,1.609142988,0.862498487,0.990311345,0.980625258,0.759242355,SIRA
847.577,1.677686255,0.872997504,0.995270191,0.987318984,0.789917695,SIRA
833.692,1.568104895,0.902481633,0.997056112,0.989807654,0.799705213,SIRA
847.634,1.664743908,0.873404801,0.993769871,0.987170363,0.785691809,SIRA
836.653,1.506831759,0.896643556,0.998975644,0.989382354,0.78096757,SIRA
846.403,1.526381603,0.876613751,0.995290208,0.986517431,0.746095966,SIRA
828.77,1.39463908,0.914531972,0.992160341,0.989449723,0.7972154,SIRA
821.137,1.340434594,0.931874249,0.997941661,0.990569963,0.802854895,SIRA
860.687,1.740065929,0.848216572,0.993568256,0.986038257,0.713498858,SIRA
834.774,1.49474933,0.90185678,0.997428102,0.989728874,0.794733664,SIRA
848.958,1.583996807,0.872182137,0.989576574,0.985208965,0.777116669,SIRA
854.392,1.730631064,0.86126084,0.991089915,0.986610136,0.731832543,SIRA
859.211,1.745879033,0.851780137,0.995740203,0.987703057,0.786396781,SIRA
843.532,1.558518877,0.883880324,0.990436438,0.984247478,0.751031678,SIRA
840.011,1.624684161,0.891412474,0.99841313,0.99232767,0.794962201,SIRA
841.114,1.521655532,0.889431335,0.995662789,0.986329972,0.693161683,SIRA
837.283,1.465244073,0.89787597,0.995321209,0.989139021,0.727470772,SIRA
847.229,1.676401355,0.876918576,0.995096314,0.988650942,0.781703549,SIRA
847.172,1.750187087,0.87710662,0.996713908,0.991351843,0.767771204,SIRA
865.101,1.820986653,0.841194887,0.995589336,0.987756068,0.73339189,SIRA
856.295,1.671810394,0.858602414,0.993228818,0.983915315,0.761707109,SIRA
843.528,1.58206165,0.885089642,0.997552457,0.989867467,0.692736195,SIRA
835.834,1.535213539,0.901513417,0.996364157,0.990376635,0.754304377,SIRA
846.379,1.607100069,0.879400024,0.995905788,0.985066122,0.710050707,SIRA
849.747,1.688099715,0.872494988,0.996463104,0.989871068,0.695609946,SIRA
841.825,1.536569927,0.889011226,0.991678747,0.983617814,0.711801119,SIRA
836.759,1.548302223,0.900113627,0.992971264,0.985420678,0.689734844,SIRA
841.2,1.486560323,0.890936559,0.995009031,0.989975729,0.779360592,SIRA
846.314,1.471167397,0.880412349,0.994302016,0.989899986,0.704710145,SIRA
845.771,1.651201978,0.881560759,0.998148482,0.99091663,0.679834722,SIRA
842.741,1.567420409,0.888265178,0.998143011,0.990822429,0.722071197,SIRA
882.965,1.804719268,0.809322766,0.994203463,0.980071049,0.700488281,SIRA
833.741,1.622119366,0.907780843,0.995779334,0.991372503,0.691495222,SIRA
840.795,1.509557577,0.892754965,0.991967626,0.990376841,0.785188312,SIRA
835.312,1.500640712,0.904729663,0.993783398,0.990633011,0.750055991,SIRA
855.416,1.577655109,0.862840832,0.990808992,0.982229434,0.810370968,SIRA
843.69,1.620323581,0.887044801,0.997855717,0.990713173,0.77564063,SIRA
854.813,1.421142761,0.864144575,0.992216902,0.987035436,0.757340086,SIRA
851.074,1.661232616,0.871754099,0.994674927,0.987132389,0.789070352,SIRA
840.181,1.452783244,0.895377618,0.994954771,0.989377815,0.809153797,SIRA
876.729,1.7942277,0.822511671,0.990509139,0.981390812,0.715610554,SIRA
847.013,1.613746504,0.881236875,0.991463704,0.988117684,0.77611687,SIRA
841.897,1.638222899,0.892316391,0.997350739,0.98915137,0.734315728,SIRA
840.539,1.528126637,0.895237599,0.99505326,0.98688261,0.786892422,SIRA
854.099,1.687414969,0.867209252,0.994125611,0.989037328,0.67230235,SIRA
843.262,1.591083716,0.890066109,0.997082038,0.989858889,0.719226595,SIRA
836.498,1.423459742,0.904698209,0.996520143,0.990756402,0.71439106,SIRA
857.43,1.655578509,0.861475739,0.988450001,0.988215917,0.686695279,SIRA
849.668,1.617586552,0.8773744,0.993713939,0.986032591,0.78611644,SIRA
847.437,1.592946686,0.882280083,0.995600192,0.988220768,0.733609777,SIRA
839.831,1.561981505,0.898475869,0.996587337,0.989036636,0.711379763,SIRA
854.817,1.69915851,0.867283617,0.99745487,0.990824787,0.674887922,SIRA
850.438,1.70346394,0.876324967,0.998256316,0.990728373,0.75668377,SIRA
843.871,1.592201783,0.890087736,0.993663182,0.990223409,0.801742088,SIRA
844.685,1.564881545,0.888496343,0.995261461,0.986545419,0.710501113,SIRA
853.419,1.653374228,0.870506953,0.994523835,0.989371507,0.684646909,SIRA
845.681,1.598476252,0.886545292,0.996997823,0.991549573,0.805398589,SIRA
853.739,1.645195615,0.869906228,0.995757761,0.986085053,0.700777778,SIRA
860.826,1.727770764,0.855828217,0.991216296,0.988754139,0.71669791,SIRA
855.001,1.627309901,0.867701112,0.997025669,0.988291728,0.794713143,SIRA
844.768,1.562248732,0.889078946,0.995321286,0.991672232,0.703125,SIRA
851.764,1.664427525,0.874689838,0.996249229,0.987774822,0.714473684,SIRA
837.553,1.513112236,0.905125458,0.996327635,0.989600063,0.798946902,SIRA
860.216,1.694443399,0.858061359,0.996158994,0.986585699,0.686694754,SIRA
851.72,1.668378073,0.87526525,0.994625668,0.98930942,0.72269184,SIRA
848.108,1.59305363,0.882911151,0.995034952,0.98707006,0.725189416,SIRA
845.08,1.614606467,0.889372763,0.993728201,0.987708362,0.804290056,SIRA
858.245,1.63539856,0.862314127,0.994096269,0.987226313,0.815110466,SIRA
854.246,1.637286806,0.870441004,0.995170622,0.986706489,0.69770042,SIRA
848.686,1.699360146,0.882057878,0.993800959,0.989083439,0.775854396,SIRA
848.081,1.647285461,0.883543936,0.996499784,0.990228906,0.792285517,SIRA
850.083,1.643764628,0.879595905,0.994871961,0.989843643,0.665272517,SIRA
849.576,1.654974859,0.880733099,0.993460807,0.989573552,0.825937173,SIRA
893.763,1.983670665,0.795988978,0.997071894,0.987374624,0.745638078,SIRA
856.783,1.553552238,0.867159678,0.994165403,0.986004866,0.68945993,SIRA
863.776,1.630107375,0.85325994,0.994539519,0.984167379,0.796556604,SIRA
844.311,1.556054039,0.893302864,0.99670925,0.988529739,0.753352362,SIRA
858.577,1.608884159,0.863914634,0.991385448,0.984344651,0.741231534,SIRA
840.605,1.533827678,0.901339159,0.99806688,0.989129586,0.767006159,SIRA
861.87,1.743995215,0.857410207,0.996042737,0.987472236,0.733345873,SIRA
863.896,1.720568834,0.853528047,0.991813196,0.987051172,0.718837744,SIRA
845.013,1.612591858,0.892294414,0.996428605,0.990041397,0.775319214,SIRA
841.018,1.521667747,0.900827227,0.996813596,0.987650473,0.782589906,SIRA
850.597,1.588294504,0.880738978,0.996748849,0.987863321,0.706371538,SIRA
866.1,1.808214703,0.849558109,0.992402552,0.991282081,0.774587222,SIRA
858.649,1.760070626,0.864383351,0.994291378,0.989155452,0.81311528,SIRA
860.619,1.699347298,0.860549411,0.99462936,0.987519956,0.775550459,SIRA
849.547,1.541864887,0.883178599,0.994874459,0.989099702,0.694487801,SIRA
848.659,1.6469047,0.885045253,0.994644416,0.989312114,0.808753189,SIRA
841.03,1.56874747,0.901227902,0.998372331,0.992001877,0.715466418,SIRA
845.587,1.612843249,0.892260933,0.9963971,0.988281326,0.708787067,SIRA
860.561,1.654037054,0.861802311,0.992602096,0.988151059,0.762296435,SIRA
843.161,1.53772935,0.897756391,0.995484083,0.988458993,0.733362212,SIRA
859.211,1.698427172,0.864614713,0.991860846,0.985487564,0.818268224,SIRA
854.095,1.577721521,0.875296612,0.995882973,0.989966099,0.702216756,SIRA
838.628,1.469479145,0.908023863,0.995420375,0.989389456,0.797949346,SIRA
849.895,1.538453428,0.884264799,0.994921691,0.990779907,0.694846206,SIRA
867.083,1.780781048,0.849655368,0.997089281,0.986895494,0.65775581,SIRA
845.151,1.584097121,0.894413291,0.996507731,0.9913035,0.813280863,SIRA
843.716,1.51629716,0.898164449,0.996140409,0.991542104,0.755778372,SIRA
848.549,1.646343086,0.887962405,0.997769353,0.991658058,0.696171529,SIRA
843.481,1.510346249,0.899283187,0.997281209,0.990814619,0.816976893,SIRA
841.48,1.515734198,0.903653913,0.99720383,0.99035301,0.806445993,SIRA
853.978,1.608329139,0.877466369,0.990781466,0.985619169,0.794195168,SIRA
852.515,1.570534752,0.880497881,0.990948988,0.983886549,0.791089293,SIRA
849.362,1.605967165,0.887430399,0.997741865,0.989338771,0.810158387,SIRA
852.259,1.640636591,0.881615153,0.998490493,0.989706339,0.74657173,SIRA
869.395,1.861519483,0.847253807,0.995230766,0.987310136,0.69075309,SIRA
859.921,1.704201489,0.866450379,0.99648201,0.988828983,0.667268682,SIRA
861.296,1.743684785,0.864516174,0.998692563,0.991298098,0.77950543,SIRA
847.843,1.593214987,0.892291322,0.996069866,0.989607972,0.775655345,SIRA
848.581,1.484228876,0.89091448,0.997443984,0.988536907,0.712718135,SIRA
858.232,1.580819329,0.871365436,0.993526227,0.984578016,0.687476444,SIRA
848.569,1.581630708,0.891323613,0.992602106,0.987452391,0.769685188,SIRA
846.345,1.606031916,0.896084329,0.996807958,0.990517191,0.767766955,SIRA
846.634,1.496622788,0.895472673,0.992435938,0.98927022,0.794716206,SIRA
851.458,1.53083425,0.885580014,0.996778731,0.98852643,0.708455821,SIRA
875.59,1.671139865,0.837536381,0.991616011,0.981841589,0.672045981,SIRA
855.9,1.557494164,0.876823491,0.994655326,0.989814295,0.680010111,SIRA
873.417,1.740732916,0.842054956,0.995295175,0.989125387,0.661105507,SIRA
861.669,1.759250799,0.865308046,0.995262883,0.989069664,0.791399647,SIRA
842.796,1.527252863,0.904584661,0.994537407,0.989874937,0.812505959,SIRA
854.791,1.55108932,0.879547297,0.995964849,0.988843343,0.696364379,SIRA
848.932,1.676631072,0.891816965,0.996879933,0.991951281,0.813701158,SIRA
841.317,1.473475957,0.908105222,0.996413759,0.991413564,0.764231286,SIRA
852.648,1.579258954,0.884319768,0.995639653,0.989574468,0.738637676,SIRA
860.523,1.655749803,0.868310101,0.990766469,0.986313781,0.697383127,SIRA
844.578,1.533744771,0.901493763,0.997668225,0.992166899,0.7109197,SIRA
849.927,1.553052593,0.890512922,0.994101647,0.987499759,0.783911672,SIRA
864.497,1.721482965,0.860816198,0.995437157,0.987710295,0.755378169,SIRA
854.345,1.583388501,0.882066978,0.995406137,0.989168839,0.695452694,SIRA
876.705,1.778658239,0.838039625,0.99397918,0.985105606,0.693312774,SIRA
853.865,1.548167765,0.883489859,0.996569986,0.989116801,0.700106534,SIRA
862.629,1.658828288,0.865646061,0.995462333,0.988049345,0.74853972,SIRA
857.171,1.631212503,0.876995841,0.996443895,0.988472289,0.747641613,SIRA
847.272,1.52613039,0.897730637,0.997893158,0.990172417,0.768092499,SIRA
856.939,1.640284923,0.877607664,0.99667141,0.988988738,0.738317353,SIRA
844.228,1.523332329,0.904321922,0.995174089,0.989867799,0.772416493,SIRA
859.959,1.693379142,0.871845355,0.998386852,0.988593449,0.742303241,SIRA
868.552,1.553245227,0.854896078,0.99286388,0.982633836,0.738166127,SIRA
902.593,1.84163982,0.791890053,0.990136746,0.98738316,0.627527197,SIRA
867.61,1.644175224,0.85705397,0.99668995,0.987212522,0.70189902,SIRA
856.244,1.5902317,0.880129893,0.993815253,0.986096442,0.777661669,SIRA
857.648,1.635584032,0.877797335,0.991619656,0.988685563,0.806077625,SIRA
856.906,1.632025506,0.879335287,0.991527163,0.982240829,0.784218559,SIRA
856.431,1.642284235,0.880636485,0.996064616,0.991149248,0.832270078,SIRA
860.051,1.533891141,0.873578571,0.992471735,0.981878938,0.691281844,SIRA
859.453,1.556556425,0.875066849,0.994926144,0.989306253,0.763047026,SIRA
859.399,1.610128552,0.875295923,0.995565949,0.987105687,0.710905975,SIRA
852.194,1.55478433,0.890366769,0.996862497,0.989443323,0.755173325,SIRA
859.757,1.612752357,0.87483914,0.995239386,0.987545338,0.781651097,SIRA
869.426,1.547149796,0.855788177,0.996125312,0.986527663,0.73918038,SIRA
864.097,1.605764633,0.866645523,0.994586749,0.988767065,0.691956247,SIRA
856.204,1.672474076,0.883263364,0.997722895,0.989856882,0.720576719,SIRA
845.219,1.486191785,0.906723259,0.995862523,0.991536346,0.778443928,SIRA
855.45,1.607603806,0.885336239,0.993504647,0.986585786,0.773304735,SIRA
850.918,1.519759038,0.894844043,0.993703532,0.982619302,0.785724082,SIRA
858.03,1.68003058,0.880088306,0.992868883,0.986416942,0.816989114,SIRA
854.573,1.605727,0.887309178,0.996505561,0.988062619,0.776572995,SIRA
852.241,1.688349069,0.892189038,0.996449711,0.991940138,0.817874703,SIRA
853.672,1.612668801,0.889407337,0.995921286,0.988520066,0.761763403,SIRA
858.452,1.671213422,0.879768914,0.995901776,0.989831744,0.809937206,SIRA
860.256,1.613385033,0.876354634,0.990976038,0.986391697,0.719038662,SIRA
866.739,1.756230916,0.86418038,0.996893053,0.989371278,0.774171312,SIRA
859.263,1.628073161,0.879589722,0.997728585,0.991957619,0.734842453,SIRA
884.134,1.819015032,0.831088786,0.993233434,0.989397535,0.657819061,SIRA
862.727,1.724185954,0.873114529,0.996437433,0.989817402,0.795477619,SIRA
877.218,1.768874982,0.844539023,0.99369182,0.985385744,0.759858948,SIRA
859.255,1.649707115,0.88025287,0.995912966,0.989401592,0.735644283,SIRA
850.537,1.539905301,0.898564236,0.99825833,0.991527698,0.787000974,SIRA
860.034,1.524751621,0.878947785,0.993984318,0.988195519,0.696992967,SIRA
849.569,1.514947563,0.900804569,0.993942492,0.986858167,0.775604125,SIRA
871.374,1.732014696,0.856649819,0.99180765,0.983937193,0.679171259,SIRA
866.65,1.711764442,0.8666333,0.998391144,0.988700134,0.687450231,SIRA
871.723,1.719721369,0.856642037,0.996544037,0.989154096,0.792988902,SIRA
864.849,1.629122846,0.870380896,0.995494462,0.989154924,0.690636165,SIRA
872.032,1.678069244,0.856299453,0.996246746,0.986915532,0.732565208,SIRA
852.278,1.579068888,0.896765288,0.997231629,0.9919057,0.716323034,SIRA
869.561,1.639945625,0.862220007,0.993039923,0.988002514,0.68781238,SIRA
871.948,1.730303973,0.857753655,0.993488973,0.987047568,0.766207497,SIRA
951.106,1.726357273,0.721043086,0.994851461,0.983160965,0.739671954,SIRA
864.959,1.606158818,0.87232628,0.997985025,0.989426557,0.795572917,SIRA
861.798,1.672043119,0.878737249,0.996880022,0.988616679,0.684435952,SIRA
849.792,1.499865681,0.903742536,0.994757522,0.986925869,0.799430463,SIRA
842.218,1.434047152,0.920247352,0.997516978,0.992358391,0.770788818,SIRA
855.807,1.58284064,0.892919225,0.996527714,0.990144597,0.725465596,SIRA
864.997,1.558328696,0.87413068,0.995594537,0.989430261,0.683282571,SIRA
855.466,1.535169111,0.894472621,0.993643257,0.988350251,0.810477346,SIRA
892.816,1.708706937,0.821230941,0.98847509,0.98309083,0.670127097,SIRA
863.127,1.674154233,0.8789008,0.996630621,0.990269305,0.734328316,SIRA
875.592,1.689368497,0.854185843,0.995018116,0.989575026,0.657693473,SIRA
862.522,1.632366355,0.880877438,0.996302803,0.990409086,0.768071757,SIRA
871.17,1.725501914,0.863541744,0.992545383,0.986028133,0.832476695,SIRA
870.899,1.752814199,0.864128954,0.994470856,0.986999224,0.796031746,SIRA
869.105,1.680897666,0.867716729,0.993493961,0.988514679,0.730551587,SIRA
868.899,1.523816156,0.868144862,0.995697474,0.98819651,0.697765886,SIRA
865.845,1.693877654,0.874397222,0.995280755,0.99099527,0.781990166,SIRA
853.722,1.57390824,0.899717071,0.994274031,0.986893865,0.772166321,SIRA
861.858,1.646962685,0.88326724,0.994255236,0.988488773,0.818903319,SIRA
863.826,1.632125275,0.879634574,0.995319446,0.988905507,0.784632717,SIRA
858.101,1.520469406,0.891974239,0.995016915,0.987567077,0.697354201,SIRA
853.839,1.517815541,0.901452753,0.996128755,0.990098635,0.75677944,SIRA
851.191,1.529679844,0.90715692,0.997321947,0.990474567,0.817745466,SIRA
856.496,1.440358369,0.896485183,0.996636615,0.990949027,0.708441629,SIRA
868.397,1.754825039,0.872664916,0.996441269,0.989326331,0.692876611,SIRA
870.3,1.728186341,0.868852746,0.996161905,0.988523321,0.684070276,SIRA
888.1,1.77847991,0.834500774,0.990384769,0.983753428,0.738224101,SIRA
874.216,1.602539144,0.861332869,0.993084742,0.986999284,0.712620223,SIRA
856.068,1.575111137,0.898256328,0.993601862,0.990189778,0.835326572,SIRA
861.757,1.579051189,0.887129349,0.996074897,0.990290895,0.681441235,SIRA
864.207,1.57263993,0.882123337,0.991896223,0.989898418,0.800607782,SIRA
870.22,1.706944631,0.870024737,0.991761437,0.988984042,0.816488616,SIRA
862.895,1.630470385,0.885432295,0.994644471,0.991776782,0.748523327,SIRA
868.011,1.657803005,0.87507573,0.998353294,0.989588638,0.787083708,SIRA
869.965,1.682449545,0.871464657,0.996988008,0.98763713,0.739697841,SIRA
868.092,1.686961373,0.875329321,0.998260815,0.988791983,0.68668158,SIRA
866.461,1.682898897,0.879029529,0.995028912,0.988815666,0.69118189,SIRA
873.235,1.659472386,0.865724679,0.996269877,0.987054226,0.681742087,SIRA
869.452,1.747478659,0.873291257,0.994350658,0.989434033,0.774015794,SIRA
864.753,1.64352446,0.883278361,0.995747254,0.990875844,0.781033612,SIRA
874.526,1.722982291,0.863712775,0.99286639,0.98478774,0.67146963,SIRA
867.632,1.654339523,0.877493023,0.992646072,0.985637141,0.756073355,SIRA
881.769,1.580880063,0.850729201,0.991438504,0.983850769,0.671810187,SIRA
856.435,1.474251474,0.901855441,0.992208393,0.985527868,0.736223776,SIRA
870.84,1.689544762,0.872464969,0.995707513,0.988639991,0.79693649,SIRA
866.059,1.596941823,0.882258316,0.993099337,0.986049995,0.804989529,SIRA
879.681,1.679160507,0.855194769,0.989054269,0.984299946,0.820871327,SIRA
883.087,1.7898617,0.849222979,0.992368556,0.985747152,0.651160205,SIRA
872.7,1.572035916,0.869706925,0.992488475,0.989301802,0.677419355,SIRA
859.859,1.586590205,0.896471894,0.996605135,0.991689699,0.775205761,SIRA
868.829,1.596308848,0.878506139,0.994647707,0.988739625,0.781344389,SIRA
870.492,1.566314322,0.875185892,0.992981389,0.989555793,0.670716673,SIRA
874.536,1.728054065,0.868129295,0.990244543,0.985783052,0.673293065,SIRA
868.73,1.626408628,0.880304874,0.994865696,0.989703845,0.678525592,SIRA
869.116,1.598347684,0.879939015,0.993946782,0.987970936,0.694580505,SIRA
874.021,1.678704671,0.870633155,0.992935682,0.984614812,0.684222774,SIRA
875.744,1.643635733,0.867603884,0.992632598,0.984731547,0.73544731,SIRA
879.784,1.660299764,0.860628154,0.995244063,0.989768102,0.683479674,SIRA
879.152,1.663390028,0.864694955,0.993184858,0.985418095,0.789525252,SIRA
876.863,1.653468478,0.869460472,0.988630817,0.981368407,0.733314035,SIRA
885.093,1.660292674,0.853863636,0.994551387,0.985211646,0.685829876,SIRA
879.491,1.672901022,0.864792052,0.993618078,0.986947251,0.81642638,SIRA
880.63,1.784411653,0.862572673,0.994191536,0.989515949,0.828268683,SIRA
893.511,1.59887599,0.837897701,0.995311976,0.985394839,0.68915385,SIRA
886.334,1.714210222,0.8528659,0.997581971,0.988028835,0.689892991,SIRA
881.24,1.712762934,0.863045634,0.993011426,0.983441816,0.695934132,SIRA
868.816,1.568273103,0.888054914,0.994703942,0.985133613,0.785336768,SIRA
859.683,1.498617138,0.90707498,0.997446186,0.990990489,0.806747724,SIRA
875.74,1.581467864,0.874641186,0.997481057,0.989361111,0.695945241,SIRA
872.79,1.605474378,0.880596684,0.995780596,0.990536453,0.683836999,SIRA
895.966,1.706418159,0.836129943,0.994950896,0.985243392,0.757502269,SIRA
877.594,1.728516948,0.871602219,0.996805058,0.990616597,0.684297499,SIRA
886.651,1.726967275,0.854733795,0.994504588,0.988574598,0.663037683,SIRA
877.465,1.608116959,0.873490627,0.994297996,0.987836391,0.755725945,SIRA
872.576,1.632106784,0.883817938,0.993049752,0.986987614,0.789543524,SIRA
883.94,1.742807749,0.861416065,0.996888578,0.990421421,0.795440707,SIRA
874.191,1.658836232,0.880834926,0.997140155,0.991816179,0.745798817,SIRA
881.856,1.686904924,0.86610631,0.991441498,0.990464751,0.751950056,SIRA
883.157,1.687634734,0.863814208,0.997552289,0.987839705,0.702171408,SIRA
871.395,1.602958537,0.887688123,0.995709227,0.989905142,0.798722378,SIRA
874.645,1.556374529,0.881234861,0.996138666,0.990729284,0.749437716,SIRA
900.334,1.88657992,0.831850222,0.997219145,0.989817565,0.696652991,SIRA
871.401,1.629344434,0.888039979,0.995090797,0.989872717,0.784827344,SIRA
879.517,1.573530695,0.872538554,0.996763255,0.989134638,0.714802837,SIRA
893.897,1.783866555,0.845194788,0.995580874,0.984664712,0.782798048,SIRA
890.116,1.756912075,0.85242213,0.99187417,0.983404084,0.659383128,SIRA
871.252,1.586368755,0.889800564,0.992411047,0.988341945,0.806206783,SIRA
877.19,1.68056901,0.877794607,0.994336574,0.990929371,0.82179989,SIRA
888.3,1.785767273,0.857407987,0.995703026,0.988197937,0.772439024,SIRA
876.518,1.580199791,0.881987098,0.997400133,0.990648883,0.694248819,SIRA
893.241,1.790138294,0.849570865,0.991707918,0.98850996,0.670636795,SIRA
873.397,1.594348103,0.889586686,0.995648992,0.990789498,0.776590543,SIRA
882.527,1.737308432,0.872534312,0.996137429,0.988809859,0.7569425,SIRA
891.178,1.645893055,0.856056241,0.996012662,0.988399284,0.719914307,SIRA
883.783,1.695744799,0.872051034,0.995613009,0.989051694,0.786097575,SIRA
875.728,1.605818689,0.888953697,0.996054582,0.989115373,0.761118438,SIRA
879.376,1.547832278,0.882097289,0.99726961,0.988383103,0.760315993,SIRA
914.301,1.859958182,0.816595958,0.995916743,0.98918348,0.682548657,SIRA
889.751,1.670532557,0.86472518,0.997763633,0.990923147,0.670333592,SIRA
878.705,1.59693646,0.886732555,0.99510454,0.98865884,0.806358039,SIRA
879.66,1.544645374,0.884840723,0.997014874,0.990348438,0.723979856,SIRA
885.313,1.677859304,0.875372533,0.996498816,0.990080696,0.786850752,SIRA
906.199,1.906084152,0.836221029,0.998241677,0.988924681,0.664591061,SIRA
875.653,1.547519631,0.89567787,0.990748257,0.986177776,0.786133487,SIRA
886.563,1.665344187,0.873849113,0.99511462,0.988426135,0.733926845,SIRA
892.021,1.746116535,0.863567233,0.997918446,0.989450637,0.760556916,SIRA
913.265,1.83271798,0.824476341,0.993230694,0.981630969,0.757502769,SIRA
895.425,1.782980404,0.858142384,0.997907675,0.990430882,0.673253326,SIRA
896.262,1.787470457,0.856837562,0.99334122,0.989307131,0.650236247,SIRA
874.836,1.541626023,0.89994584,0.99711678,0.989975616,0.754044684,SIRA
893.955,1.715855517,0.861941849,0.99747635,0.990280563,0.766814952,SIRA
904.655,1.832510741,0.842870501,0.99745073,0.991492667,0.818797452,SIRA
883.443,1.609675881,0.884202406,0.996659926,0.991227754,0.766533598,SIRA
886.541,1.628598739,0.878449253,0.997509329,0.988912488,0.706558642,SIRA
897.669,1.705951858,0.857038686,0.993479122,0.98558132,0.742642091,SIRA
894.091,1.663678802,0.865782511,0.994391993,0.987502914,0.7025,SIRA
901.067,1.739840892,0.853341906,0.99247448,0.989270271,0.65593176,SIRA
893.011,1.702561614,0.869043997,0.996250126,0.989699232,0.800667828,SIRA
886.757,1.562882743,0.88142528,0.991253651,0.983365426,0.718922301,SIRA
896.53,1.667956922,0.864799194,0.995182907,0.987485495,0.703337784,SIRA
882.65,1.64727791,0.89398592,0.996642844,0.991591226,0.784686828,SIRA
879.739,1.556875111,0.899960703,0.996524683,0.990599253,0.814911197,SIRA
888.425,1.600384965,0.882560609,0.997491468,0.991238109,0.705338966,SIRA
881.021,1.533643879,0.898541523,0.994186852,0.98900531,0.80934743,SIRA
904.513,1.711926316,0.852658127,0.997482546,0.990596003,0.66941202,SIRA
895.616,1.634671881,0.869745453,0.994818943,0.986810999,0.676821983,SIRA
891.941,1.559441703,0.87713266,0.992005433,0.984208008,0.694758968,SIRA
873.756,1.40589361,0.914566329,0.996377505,0.990427807,0.711333871,SIRA
893.42,1.670184649,0.875758099,0.995707021,0.990033282,0.78270719,SIRA
900.96,1.725033933,0.862229445,0.993382993,0.988955574,0.824258928,SIRA
898.251,1.547685761,0.869182361,0.994745052,0.986146452,0.696729089,SIRA
894.312,1.662321094,0.8770444,0.99615655,0.989944491,0.744981849,SIRA
883.311,1.576634607,0.900073223,0.992535349,0.989535378,0.801057852,SIRA
928.849,1.741913816,0.814054981,0.991056137,0.982646764,0.715822639,SIRA
923.044,1.825597971,0.826656675,0.99582862,0.987734386,0.671555236,SIRA
937.773,1.760496561,0.801264593,0.993777209,0.985206269,0.653200536,SIRA
895.196,1.732268623,0.880189893,0.998162488,0.99271351,0.785290579,SIRA
898.795,1.683112873,0.874446125,0.996141347,0.990694723,0.717015306,SIRA
904.166,1.705373953,0.865917268,0.996473786,0.98880132,0.689746792,SIRA
920.06,1.891272213,0.836451289,0.995458461,0.989533209,0.670474423,SIRA
921.327,1.701933518,0.838534328,0.988400799,0.983658371,0.642250519,SIRA
924.718,1.84190522,0.837436322,0.990311613,0.986445783,0.657888661,SIRA
906.065,1.670609539,0.872501155,0.99542547,0.989909866,0.765809945,SIRA
922.051,1.827543998,0.845598754,0.997784253,0.991920243,0.714755122,SIRA
919.405,1.726859313,0.850918918,0.992772586,0.981784189,0.69659243,SIRA
897.247,1.55691245,0.896540723,0.997350044,0.991455352,0.778518759,SIRA
917.251,1.759448844,0.860969141,0.99428259,0.985451748,0.677479256,SIRA
920.668,1.763340845,0.856754633,0.995818254,0.990538549,0.735981457,SIRA
921.449,1.681584975,0.857582144,0.990994096,0.981419691,0.686353245,SIRA
941.882,1.808214259,0.822462945,0.99417417,0.985187322,0.735011899,SIRA
910.115,1.672666511,0.881046966,0.998429522,0.990871709,0.777648335,SIRA
956.785,2.00698885,0.815819695,0.995979377,0.985981153,0.689838889,SIRA
931.321,1.711151043,0.876427902,0.995735964,0.98781822,0.791813922,SIRA
984.282,1.96200522,0.825106158,0.988573676,0.984995587,0.815663948,SIRA
524.932,1.294002834,0.931235461,0.99804522,0.987236511,0.790186518,DERMASON
524.736,1.289424354,0.937772948,0.996790631,0.986698679,0.759686483,DERMASON
525.413,1.309663214,0.942777707,0.997413845,0.986801982,0.793524904,DERMASON
530.683,1.369592756,0.934453442,0.999195792,0.988249729,0.742360865,DERMASON
533.701,1.269458709,0.930929662,0.992423358,0.983179573,0.746356819,DERMASON
537.215,1.384630191,0.928065363,0.998803519,0.9873535,0.76208524,DERMASON
530.825,1.353412672,0.952060005,0.997975778,0.988791107,0.725974291,DERMASON
535.436,1.359176314,0.937880736,0.998942844,0.984630252,0.772650128,DERMASON
534.918,1.336881778,0.94004939,0.996619417,0.984726503,0.724414512,DERMASON
543.924,1.440527981,0.912320593,0.99852061,0.986995681,0.736692276,DERMASON
539.466,1.414839279,0.930872445,0.998119032,0.988536317,0.728926458,DERMASON
538.454,1.40506913,0.934894907,0.999005949,0.988542621,0.81245998,DERMASON
545.616,1.331373218,0.913298285,0.998560012,0.983767562,0.761187729,DERMASON
531.318,1.267814342,0.964449616,0.998339771,0.990355168,0.810913991,DERMASON
546.187,1.435351208,0.914338368,0.99846206,0.986367354,0.791034985,DERMASON
536.869,1.284744205,0.948968581,0.99759301,0.985868285,0.735959425,DERMASON
543.295,1.45340121,0.929377563,0.996450751,0.990966453,0.731029402,DERMASON
542.194,1.463100304,0.93516494,0.998618906,0.989596056,0.747165301,DERMASON
551.696,1.49788879,0.906697265,0.998808802,0.986257691,0.780419332,DERMASON
557.585,1.391210794,0.895042737,0.989273605,0.986589441,0.720059832,DERMASON
542.436,1.39829364,0.946331753,0.998423947,0.98813771,0.743656867,DERMASON
544.793,1.320604457,0.939896945,0.9961535,0.988423349,0.734093915,DERMASON
564.439,1.50267992,0.875843707,0.992383207,0.985487307,0.725274366,DERMASON
544.406,1.375069765,0.942420897,0.993394718,0.99059631,0.719786269,DERMASON
539.161,1.296133932,0.963915214,0.998684832,0.990802044,0.736709948,DERMASON
556.965,1.379238432,0.90372055,0.991281464,0.986251105,0.742544268,DERMASON
545.278,1.415371068,0.943889116,0.995804819,0.988360772,0.799434422,DERMASON
550.728,1.345985723,0.92923615,0.997025718,0.988191752,0.811550152,DERMASON
554.779,1.425775255,0.91657253,0.996611943,0.988420218,0.787960688,DERMASON
544.584,1.29796572,0.951720002,0.998579162,0.989514957,0.77473096,DERMASON
553.435,1.449235884,0.930794253,0.999146368,0.986863282,0.721734428,DERMASON
561.892,1.486052608,0.90302626,0.998481082,0.98720738,0.746463118,DERMASON
552.565,1.483035537,0.93446841,0.996546957,0.985759562,0.736410223,DERMASON
553.6,1.396500072,0.931633599,0.998307281,0.987182829,0.776706663,DERMASON
550.994,1.431930923,0.940673971,0.996671775,0.985046162,0.790662074,DERMASON
562.893,1.332207839,0.902078037,0.99724927,0.983269929,0.740638229,DERMASON
554.747,1.437151377,0.928887586,0.997612468,0.988957482,0.791427478,DERMASON
563.861,1.444828306,0.90024822,0.998224877,0.987256729,0.772049353,DERMASON
563.396,1.428290558,0.904149849,0.993043352,0.985713669,0.77958696,DERMASON
565.655,1.466364918,0.898160141,0.995198626,0.986072784,0.788368726,DERMASON
559.526,1.47537376,0.920433282,0.997512047,0.988107037,0.806861365,DERMASON
553.724,1.331076481,0.943020021,0.998707282,0.988019581,0.731280193,DERMASON
567.483,1.492342313,0.898197285,0.999315982,0.987642667,0.73315072,DERMASON
578.382,1.412088559,0.864665065,0.996775863,0.980950352,0.781994225,DERMASON
556.421,1.405190302,0.934874571,0.997615752,0.986212802,0.72417154,DERMASON
556.502,1.443352112,0.935900898,0.997657761,0.988175314,0.805820494,DERMASON
558.141,1.49172886,0.931420827,0.998509955,0.99034956,0.727060898,DERMASON
556.583,1.359957743,0.939603869,0.99604485,0.990422029,0.799854967,DERMASON
559.315,1.424683516,0.931089923,0.998712518,0.987474971,0.735561056,DERMASON
573.695,1.385779963,0.885456459,0.996957437,0.98204531,0.704422575,DERMASON
571.287,1.452320385,0.894284292,0.998887639,0.987332086,0.79,DERMASON
558.113,1.450653336,0.939502152,0.998357873,0.989084731,0.80458817,DERMASON
554.434,1.306806804,0.952706792,0.996722365,0.988086153,0.787437492,DERMASON
559.695,1.344778996,0.934960764,0.99873092,0.985330177,0.728867624,DERMASON
567.128,1.573743134,0.910730662,0.996644113,0.99035561,0.806853583,DERMASON
556.106,1.444174432,0.947799237,0.999286183,0.992637671,0.77931841,DERMASON
563.168,1.437950754,0.924891088,0.997970899,0.98689384,0.721554202,DERMASON
567.724,1.562889982,0.9111198,0.997993054,0.987784259,0.79131112,DERMASON
566.451,1.450117901,0.9161595,0.994596913,0.986963125,0.715119834,DERMASON
556.684,1.342179325,0.951265795,0.999302436,0.99024905,0.757719638,DERMASON
572.86,1.437564576,0.899182716,0.9956248,0.987011895,0.712547413,DERMASON
570.486,1.467185843,0.907376953,0.996299905,0.981989888,0.734834271,DERMASON
570.132,1.463692714,0.908968016,0.992174648,0.9880237,0.704184013,DERMASON
559.892,1.412608478,0.942881515,0.998379706,0.989524611,0.768208244,DERMASON
567.875,1.467737793,0.916987053,0.997582682,0.986459862,0.709864253,DERMASON
577.69,1.556659615,0.886883135,0.99770295,0.98754717,0.695106835,DERMASON
563.728,1.30722628,0.932149363,0.998626783,0.988468635,0.792449659,DERMASON
561.266,1.324367302,0.941023211,0.99881694,0.986740285,0.750270339,DERMASON
566.553,1.421822406,0.924560036,0.996454061,0.986837157,0.7118828,DERMASON
576.368,1.478259162,0.893415043,0.995044306,0.986426095,0.699419569,DERMASON
564.881,1.368705639,0.931144066,0.99620816,0.987347058,0.73337469,DERMASON
575.093,1.43287884,0.899052703,0.998310522,0.985341884,0.717813372,DERMASON
571.022,1.42112743,0.912765538,0.997877672,0.988192097,0.768162948,DERMASON
573.605,1.509144063,0.904678079,0.998843427,0.987657924,0.737223778,DERMASON
575.638,1.403552348,0.898375047,0.997899489,0.98630194,0.765272169,DERMASON
563.739,1.283594623,0.936818431,0.997269576,0.986550073,0.749225223,DERMASON
566.508,1.39049211,0.929562262,0.999323894,0.988301903,0.745228528,DERMASON
567.677,1.510418223,0.926400678,0.99854958,0.988680345,0.728652926,DERMASON
564.393,1.456577805,0.937370628,0.998581794,0.988271014,0.725371676,DERMASON
568.264,1.439647905,0.925421721,0.997556373,0.986722543,0.718698057,DERMASON
562.795,1.288097705,0.944010577,0.99659518,0.987098112,0.771405414,DERMASON
570.158,1.375313142,0.919902141,0.99564123,0.987878285,0.705891077,DERMASON
571.519,1.293822882,0.91606471,0.997155969,0.984943123,0.75153868,DERMASON
579.246,1.523738698,0.895607746,0.998166127,0.985331081,0.737236404,DERMASON
577.153,1.456843273,0.902492475,0.996546628,0.984283069,0.711655164,DERMASON
569.42,1.507608166,0.92786911,0.999415362,0.988317371,0.752293866,DERMASON
577.697,1.60736427,0.901697268,0.994678054,0.99015919,0.784633028,DERMASON
580.59,1.539913811,0.893628299,0.99542968,0.988291074,0.784776559,DERMASON
575.605,1.370196557,0.909515128,0.997921509,0.987278192,0.760835078,DERMASON
563.407,1.321195101,0.949799288,0.998751967,0.98883073,0.793176408,DERMASON
573.722,1.427568388,0.918014835,0.996659138,0.987069496,0.708694371,DERMASON
571.966,1.445754539,0.923698718,0.994380207,0.987313188,0.762017936,DERMASON
568.914,1.317004618,0.933985291,0.998601821,0.985659264,0.779874214,DERMASON
561.19,1.27277287,0.960430862,0.997217952,0.989720395,0.781645775,DERMASON
561.763,1.362116811,0.958472576,0.998881775,0.989313605,0.743268281,DERMASON
576.656,1.447588342,0.909717291,0.997218783,0.984097784,0.711061882,DERMASON
571.72,1.28088015,0.926454498,0.99768664,0.984958718,0.739202454,DERMASON
575.109,1.50264977,0.917125588,0.998383151,0.986916881,0.76350582,DERMASON
572.639,1.448658625,0.925092765,0.997849705,0.989668744,0.705270539,DERMASON
569.727,1.399644944,0.935773795,0.998679409,0.987458126,0.728612769,DERMASON
581.924,1.584739989,0.897031881,0.997997366,0.987499489,0.751087497,DERMASON
573.868,1.478353615,0.922889906,0.996590092,0.986700392,0.803628389,DERMASON
567.651,1.361599467,0.943293864,0.992148323,0.984292341,0.734706275,DERMASON
572.586,1.365419587,0.927180485,0.994383942,0.986944104,0.7792668,DERMASON
577.564,1.460798447,0.911342045,0.996746286,0.988922046,0.776280323,DERMASON
576.961,1.450465068,0.913323484,0.998347781,0.98799412,0.763892397,DERMASON
579.416,1.564258273,0.906161794,0.99532457,0.987437288,0.821535225,DERMASON
574.946,1.539495438,0.920382766,0.998164598,0.988204082,0.730853986,DERMASON
565.792,1.377089524,0.950444856,0.997861011,0.988688799,0.728136653,DERMASON
573.373,1.434687928,0.926357051,0.99741253,0.989547181,0.77240566,DERMASON
573.98,1.454045721,0.925199796,0.997496904,0.990283335,0.708121679,DERMASON
574.672,1.348601725,0.923011002,0.995117473,0.982542126,0.721934524,DERMASON
570.62,1.394283156,0.936204829,0.997868383,0.987784022,0.743198529,DERMASON
582.828,1.552191461,0.898098698,0.988913791,0.98116639,0.686760962,DERMASON
574.45,1.514885633,0.925628584,0.99662465,0.986205218,0.721361586,DERMASON
573.919,1.44097945,0.927456646,0.998430665,0.989176432,0.736555067,DERMASON
580.643,1.461950235,0.90688336,0.998974062,0.985978847,0.724136905,DERMASON
573.554,1.418786649,0.929707052,0.996738627,0.988425456,0.755510027,DERMASON
572.561,1.400587624,0.933126316,0.99768215,0.988347544,0.776243622,DERMASON
572.785,1.450376426,0.933162669,0.997817968,0.989882984,0.790852431,DERMASON
570.256,1.417959694,0.941728397,0.997937917,0.988681082,0.737948159,DERMASON
581.041,1.482579813,0.90724193,0.99662623,0.988362191,0.717494333,DERMASON
577.745,1.365199861,0.917660624,0.99209718,0.988042156,0.804455446,DERMASON
570.738,1.321053414,0.940447072,0.996001978,0.985925746,0.717654332,DERMASON
579.59,1.504751935,0.913697989,0.997361438,0.987107986,0.803877041,DERMASON
583.658,1.47791847,0.901079504,0.992780922,0.987587936,0.803942865,DERMASON
580.285,1.461635206,0.912033113,0.997552346,0.985602517,0.756438034,DERMASON
583.818,1.448432888,0.901138702,0.996623924,0.987116837,0.759445687,DERMASON
570.635,1.399856534,0.943873935,0.997844841,0.989721593,0.783910256,DERMASON
577.656,1.505522318,0.921295086,0.997497517,0.988364577,0.758856008,DERMASON
578.395,1.516756013,0.919130177,0.998236327,0.988167353,0.706665511,DERMASON
584.661,1.544663006,0.899902143,0.996397503,0.985625705,0.758662369,DERMASON
575.664,1.483382539,0.928705976,0.996002672,0.98591039,0.762959502,DERMASON
571.304,1.379694274,0.943358724,0.996132655,0.990900635,0.785698252,DERMASON
585.082,1.434690868,0.900259467,0.996787619,0.98731833,0.794428247,DERMASON
578.864,1.359537209,0.920341566,0.996434871,0.985186672,0.727464058,DERMASON
584.164,1.572880315,0.903864484,0.997667801,0.990396643,0.783759619,DERMASON
598.067,1.432807847,0.862329456,0.993970353,0.982507405,0.761699355,DERMASON
581.808,1.485357742,0.911273853,0.997650818,0.987012465,0.744864209,DERMASON
583.214,1.556239456,0.907624287,0.997941297,0.989089299,0.759811957,DERMASON
574.445,1.42139438,0.935583944,0.995715104,0.990445475,0.831488814,DERMASON
585.552,1.580955784,0.900464108,0.996969074,0.988095717,0.824241814,DERMASON
575.308,1.402773197,0.933614453,0.997046527,0.986718029,0.755453149,DERMASON
584.645,1.427000287,0.905943968,0.996517016,0.985798296,0.754778241,DERMASON
589.4,1.456163941,0.891566345,0.998755372,0.985525211,0.714488636,DERMASON
596.617,1.586715622,0.870621322,0.996494238,0.986834734,0.827328234,DERMASON
582.536,1.481582971,0.914293043,0.997103126,0.987363033,0.737102938,DERMASON
584.479,1.533025613,0.908481823,0.998105257,0.989225346,0.717769123,DERMASON
580.296,1.472550781,0.921812998,0.998921362,0.987566465,0.718499127,DERMASON
590.391,1.49648815,0.890738907,0.994619206,0.985127592,0.76063666,DERMASON
592.848,1.515570947,0.883943109,0.998186942,0.982943702,0.737647691,DERMASON
590.086,1.577423916,0.893356144,0.997545342,0.986215139,0.747245449,DERMASON
576.546,1.403077301,0.936073859,0.995186673,0.98949009,0.804660081,DERMASON
582.205,1.503788741,0.918076345,0.996314707,0.983635208,0.747524752,DERMASON
597.703,1.629582952,0.871189027,0.997528733,0.984614773,0.698448957,DERMASON
581.279,1.472063573,0.922193857,0.997209447,0.988400367,0.72933702,DERMASON
583.933,1.508113963,0.913830088,0.99756517,0.986355861,0.758681884,DERMASON
592.071,1.611644136,0.889168374,0.994774087,0.988482844,0.741724231,DERMASON
587.813,1.568718414,0.902424269,0.998430377,0.989393516,0.713386234,DERMASON
578.304,1.449322341,0.932871265,0.99859646,0.988296644,0.716507937,DERMASON
584.247,1.47493378,0.914688803,0.997196386,0.987755427,0.773584906,DERMASON
581.965,1.492666224,0.92198753,0.995583393,0.98611056,0.770511628,DERMASON
572.216,1.286781582,0.954208761,0.99860791,0.988824372,0.762785703,DERMASON
606.435,1.481529591,0.849732455,0.993148344,0.979865243,0.787260985,DERMASON
579.111,1.333027668,0.931996766,0.99759619,0.988789505,0.771686523,DERMASON
577.757,1.370755554,0.936897284,0.994140452,0.987618556,0.747896382,DERMASON
582.247,1.412039107,0.922614427,0.998607038,0.987189148,0.743095984,DERMASON
574.555,1.380439963,0.94767359,0.997449224,0.987074264,0.783896971,DERMASON
588.854,1.419562097,0.90228061,0.995798925,0.985629454,0.74328278,DERMASON
581.851,1.43999757,0.924167638,0.998249277,0.989625979,0.723694919,DERMASON
587.268,1.479729405,0.908144449,0.996759485,0.985372025,0.732498677,DERMASON
589.119,1.469474623,0.902808751,0.99213723,0.987016072,0.721240346,DERMASON
584.063,1.493253089,0.919906739,0.994410471,0.986762556,0.694670079,DERMASON
585.64,1.439362663,0.916607969,0.996019904,0.985153973,0.713426111,DERMASON
584.754,1.475859799,0.919534704,0.997673758,0.987450176,0.708007923,DERMASON
585.495,1.504031514,0.917611891,0.996962942,0.988625592,0.770689655,DERMASON
590.797,1.546311272,0.901431928,0.998163846,0.986175115,0.77249167,DERMASON
582.663,1.388081474,0.926775657,0.996142808,0.983347734,0.721680982,DERMASON
594.405,1.552438013,0.89133991,0.998105445,0.987392144,0.708738688,DERMASON
590.532,1.50275861,0.903898745,0.998107152,0.988765817,0.788111097,DERMASON
586.953,1.297736546,0.915320321,0.99416515,0.985740661,0.736607274,DERMASON
583.375,1.523510118,0.926656426,0.996784865,0.990097447,0.704528228,DERMASON
588.53,1.518380087,0.910566708,0.995437432,0.986634169,0.779780029,DERMASON
581.869,1.34530786,0.931533631,0.996047215,0.986401509,0.716676185,DERMASON
582.701,1.413049179,0.92920847,0.997458347,0.986406318,0.749686474,DERMASON
575.308,1.287867703,0.953281484,0.995556087,0.987687345,0.81811665,DERMASON
596.95,1.588530516,0.886189173,0.996908676,0.985799466,0.713029168,DERMASON
607.531,1.64328361,0.855759772,0.995213423,0.981414236,0.671879177,DERMASON
590.144,1.470500653,0.907072227,0.992868693,0.987702342,0.737646714,DERMASON
591.19,1.580291461,0.903865278,0.993899873,0.990855701,0.68573377,DERMASON
599.041,1.528297459,0.88053862,0.997175504,0.983725206,0.759208937,DERMASON
585.498,1.333725368,0.92185472,0.993057592,0.988794086,0.714431818,DERMASON
583.634,1.423756948,0.928010772,0.996263065,0.989069319,0.815582142,DERMASON
611.729,1.713439903,0.84472636,0.996623902,0.984424529,0.699760766,DERMASON
578.245,1.31713086,0.945501461,0.998136695,0.986317481,0.763288835,DERMASON
605.833,1.549186449,0.861385164,0.995234907,0.98308065,0.710625918,DERMASON
602.666,1.671509708,0.870669672,0.997057381,0.986669281,0.713051116,DERMASON
596.596,1.53324372,0.888724009,0.995899479,0.986093156,0.704348313,DERMASON
590.941,1.494839429,0.906354428,0.996005163,0.985869735,0.705182406,DERMASON
588.157,1.458281458,0.914991392,0.996189531,0.98857883,0.795301696,DERMASON
587.728,1.521585813,0.917346265,0.997586391,0.989017885,0.814470284,DERMASON
574.473,1.312973346,0.960433633,0.999260135,0.98921484,0.775972927,DERMASON
589.499,1.44235427,0.912421257,0.999010879,0.987553816,0.725557856,DERMASON
586.29,1.510353397,0.923314082,0.9982402,0.989035088,0.782791966,DERMASON
584.992,1.329945729,0.927562871,0.994319196,0.986680208,0.794339623,DERMASON
591.321,1.565707108,0.907993127,0.99671154,0.988381191,0.697928177,DERMASON
588.474,1.466595816,0.9182515,0.997977637,0.987435127,0.744943919,DERMASON
589.45,1.50901104,0.915249338,0.99912533,0.987011974,0.773694509,DERMASON
596.521,1.488121034,0.89375033,0.996649077,0.985322172,0.727910723,DERMASON
590.337,1.502097799,0.912969786,0.995621523,0.986557045,0.711847728,DERMASON
593.553,1.533425551,0.903816627,0.998433162,0.987759716,0.709438083,DERMASON
588.451,1.403860543,0.919593439,0.995920201,0.989573164,0.714608009,DERMASON
593.725,1.634255668,0.90368517,0.997939443,0.990427818,0.741618396,DERMASON
577.625,1.293804811,0.955177921,0.998582747,0.989581708,0.749637906,DERMASON
599.1,1.591015325,0.888172769,0.996715005,0.983484531,0.766914566,DERMASON
585.844,1.476828936,0.929114113,0.998522015,0.989626394,0.765998551,DERMASON
582.891,1.449971065,0.938699923,0.997999413,0.990516333,0.792258467,DERMASON
603.806,1.49389256,0.874830155,0.99696843,0.984408331,0.777818639,DERMASON
607.084,1.645843629,0.865851483,0.996554774,0.985715395,0.664764398,DERMASON
595.917,1.478471499,0.898677012,0.99640107,0.98629073,0.755046826,DERMASON
596.589,1.618356003,0.89683014,0.997505051,0.986638182,0.715964823,DERMASON
598.274,1.578992838,0.891855743,0.997578363,0.988558976,0.736831419,DERMASON
584.604,1.376930323,0.934089312,0.998454837,0.987061429,0.743046009,DERMASON
588.858,1.551067399,0.920750774,0.998737209,0.990526316,0.713359164,DERMASON
587.392,1.423373761,0.925643857,0.997070994,0.987872663,0.716622022,DERMASON
585.633,1.396495288,0.931249353,0.98892928,0.989180353,0.70845993,DERMASON
590.252,1.513529873,0.916983934,0.999132193,0.987722911,0.76391226,DERMASON
594.236,1.382042883,0.905049768,0.994655459,0.985736434,0.796741855,DERMASON
590.775,1.401695546,0.915865155,0.994322574,0.983947083,0.702330333,DERMASON
589.854,1.500985299,0.920136051,0.996257917,0.98989742,0.79433774,DERMASON
602.476,1.623136538,0.882158919,0.996304537,0.987100023,0.706549468,DERMASON
598.818,1.55834213,0.893880685,0.996048335,0.985930192,0.759136905,DERMASON
590.483,1.532535142,0.919438212,0.998651682,0.989373667,0.788837353,DERMASON
600.093,1.607811959,0.890574857,0.996366204,0.988075419,0.732099828,DERMASON
597.771,1.620990636,0.898069726,0.997787451,0.986594035,0.722200226,DERMASON
593.522,1.531381948,0.911045588,0.994580986,0.99118994,0.693090534,DERMASON
589.121,1.424075381,0.924961729,0.998006682,0.986827365,0.716135905,DERMASON
583.073,1.433165871,0.944952109,0.998353145,0.991891053,0.779420732,DERMASON
596.602,1.559700025,0.902969492,0.99672614,0.984828648,0.783722498,DERMASON
585.902,1.343411468,0.936288106,0.997526117,0.987719637,0.762718435,DERMASON
601.998,1.566761416,0.88709726,0.996643446,0.987455612,0.691170908,DERMASON
594.222,1.410022657,0.910893377,0.997872812,0.98807134,0.71684638,DERMASON
599.802,1.560447861,0.894093862,0.995647342,0.988377481,0.806153943,DERMASON
579.206,1.304053494,0.958960435,0.998265442,0.988531933,0.757426036,DERMASON
591.657,1.539409144,0.91909564,0.99499922,0.98499596,0.825078148,DERMASON
610.307,1.652149638,0.864119113,0.9974852,0.987127606,0.718678975,DERMASON
586.152,1.382929461,0.937172073,0.997088719,0.989954797,0.721733987,DERMASON
595.048,1.557295721,0.909359987,0.99831473,0.989534255,0.764363701,DERMASON
595.454,1.439076784,0.908191231,0.996051896,0.987095532,0.746127417,DERMASON
589.767,1.373892059,0.926404857,0.995376591,0.98600323,0.71569722,DERMASON
592.4,1.435566142,0.918188101,0.996737989,0.985510588,0.801888858,DERMASON
601.294,1.57669165,0.891400135,0.996325674,0.986650766,0.69233884,DERMASON
587.382,1.411379017,0.934744553,0.998540825,0.990047064,0.791219633,DERMASON
594.833,1.566495312,0.911509132,0.996824369,0.988560203,0.795665923,DERMASON
589.97,1.499103954,0.926814445,0.998138631,0.989057985,0.779894276,DERMASON
586.209,1.418685049,0.938964518,0.998328487,0.991581386,0.743248328,DERMASON
596.865,1.587097252,0.905983524,0.995687463,0.989025376,0.688357633,DERMASON
599.595,1.569140955,0.897752287,0.996461433,0.985950096,0.814434297,DERMASON
601.919,1.499073042,0.89104136,0.99508088,0.985877658,0.792607676,DERMASON
600.86,1.510707793,0.894359036,0.995896059,0.985766899,0.826099537,DERMASON
599.574,1.564026569,0.898479343,0.998499754,0.988006919,0.728976999,DERMASON
594.694,1.51720353,0.913854025,0.995053493,0.987293666,0.717045835,DERMASON
605.986,1.700286982,0.880182099,0.997007085,0.988850871,0.677224855,DERMASON
596.77,1.545308188,0.907648128,0.998451956,0.988775706,0.73626814,DERMASON
594.314,1.400616691,0.915272065,0.998263298,0.988169317,0.725391231,DERMASON
602.505,1.481329456,0.890693616,0.995355217,0.985332976,0.797013908,DERMASON
592.254,1.411256663,0.922438369,0.997060403,0.987838097,0.740310523,DERMASON
604.185,1.718822834,0.886676634,0.998959641,0.990196832,0.792084384,DERMASON
620.685,1.714853722,0.84016124,0.991148854,0.984971319,0.72727016,DERMASON
593.281,1.479716638,0.919854486,0.997530562,0.989515324,0.707499245,DERMASON
597.381,1.398705952,0.908222116,0.998105926,0.98740477,0.725921756,DERMASON
596.614,1.566224403,0.910805944,0.998320062,0.990745008,0.71620121,DERMASON
595.437,1.420133403,0.914835606,0.997374487,0.986772183,0.761117009,DERMASON
600.225,1.429829568,0.900403157,0.994700059,0.985793936,0.748101779,DERMASON
599.81,1.523663618,0.901963899,0.995896926,0.988251052,0.780811563,DERMASON
617.884,1.633654617,0.850593554,0.994557151,0.984082254,0.664045637,DERMASON
597.185,1.351183043,0.910721151,0.996070553,0.987393032,0.712953768,DERMASON
594.783,1.419143564,0.918447019,0.995969969,0.984765387,0.756687152,DERMASON
585.72,1.388338158,0.947236179,0.99867811,0.989137087,0.792085273,DERMASON
586.579,1.360196532,0.944536945,0.997403245,0.990274161,0.783625731,DERMASON
596.414,1.523234999,0.913748523,0.996894828,0.989214824,0.761496791,DERMASON
585.837,1.301926073,0.947516929,0.996256076,0.989447121,0.736341908,DERMASON
590.606,1.460280275,0.932384848,0.997296234,0.989978197,0.800451551,DERMASON
587.92,1.449800167,0.941069211,0.997880486,0.990017594,0.746137438,DERMASON
592.636,1.438636207,0.926509167,0.999154253,0.988434232,0.724781684,DERMASON
591.889,1.347523686,0.929064484,0.996934997,0.989607611,0.757582848,DERMASON
613.905,1.646408558,0.863956144,0.997170363,0.985658856,0.705637255,DERMASON
598.787,1.475753772,0.908378034,0.995469126,0.98618774,0.738404558,DERMASON
602.036,1.604106534,0.898634696,0.998600858,0.989425867,0.760779594,DERMASON
592.238,1.294395998,0.928758036,0.997516916,0.986828581,0.746286274,DERMASON
602.169,1.607845206,0.898515025,0.997189047,0.987469531,0.791736648,DERMASON
597.772,1.524956577,0.911852293,0.997919201,0.989354396,0.703178391,DERMASON
590.345,1.432147127,0.935264761,0.999201634,0.990869848,0.734205163,DERMASON
597.425,1.528308712,0.913263937,0.996275435,0.98638628,0.696666935,DERMASON
600.063,1.5414556,0.905286696,0.997999025,0.987738938,0.690132227,DERMASON
597.074,1.515790808,0.914373258,0.998809102,0.989132507,0.798473235,DERMASON
601.233,1.446316012,0.902114382,0.99768672,0.985867335,0.771861987,DERMASON
604.386,1.577825225,0.89279532,0.998904651,0.988609958,0.728906864,DERMASON
596.042,1.521739823,0.918002162,0.996948781,0.987594657,0.733197729,DERMASON
609.72,1.598493849,0.877344212,0.996224902,0.98846066,0.696965628,DERMASON
591.741,1.33469556,0.931574881,0.99728768,0.988311441,0.738996755,DERMASON
597.217,1.433088671,0.914604848,0.997760872,0.984600797,0.709747095,DERMASON
592.323,1.449187261,0.929780918,0.997747123,0.988199018,0.70262004,DERMASON
605.859,1.625967844,0.888767477,0.995935344,0.988162302,0.69503641,DERMASON
607.719,1.511690207,0.88442425,0.996371428,0.98682612,0.708796902,DERMASON
612.498,1.547198814,0.870710193,0.994622443,0.985778755,0.704444444,DERMASON
596.404,1.457330553,0.918442566,0.995495668,0.985033343,0.808289028,DERMASON
609.322,1.496108493,0.880013823,0.993308185,0.98458742,0.79491256,DERMASON
593.423,1.485031776,0.928014309,0.99859656,0.99078025,0.714117033,DERMASON
591.996,1.41038392,0.932565352,0.99819176,0.988033279,0.793894994,DERMASON
593.608,1.379403209,0.927578611,0.998282139,0.987246641,0.786465893,DERMASON
598.507,1.518309421,0.91301691,0.99678757,0.986543346,0.731313926,DERMASON
597.991,1.554901659,0.914768962,0.997716029,0.989057335,0.795957681,DERMASON
618.657,1.59735062,0.854904541,0.998104557,0.985877097,0.785412645,DERMASON
589.855,1.448262617,0.940611631,0.998485748,0.991774249,0.796422018,DERMASON
595.703,1.480563466,0.922269775,0.99689677,0.989025178,0.742248062,DERMASON
600.417,1.463843784,0.907879616,0.990156057,0.981201025,0.700134409,DERMASON
607.468,1.442298417,0.887470917,0.994530606,0.983396853,0.792248062,DERMASON
590.353,1.392208469,0.940359469,0.999505492,0.990241865,0.746336996,DERMASON
601.714,1.485430861,0.905462393,0.99214609,0.984824462,0.717491749,DERMASON
613.028,1.614299236,0.872448833,0.997275162,0.98423177,0.716667582,DERMASON
590.945,1.301819858,0.93890815,0.998577895,0.989082638,0.78248613,DERMASON
595.118,1.522855363,0.925928891,0.997494153,0.989121783,0.732210999,DERMASON
590.039,1.410100962,0.943057064,0.997330554,0.991537002,0.719990079,DERMASON
595.893,1.41335016,0.924796007,0.998377487,0.987118951,0.73632009,DERMASON
602.259,1.408984291,0.905521997,0.992851138,0.985223717,0.737458383,DERMASON
624.429,1.709469334,0.84258897,0.995946452,0.984337349,0.808410637,DERMASON
593.741,1.418011818,0.931975361,0.998630678,0.989628676,0.796326754,DERMASON
599.118,1.427053736,0.915426762,0.99722172,0.987313095,0.740526763,DERMASON
591.657,1.397654397,0.938911318,0.997731451,0.987540117,0.793633936,DERMASON
593.629,1.415058762,0.932861964,0.997913511,0.989073311,0.725860155,DERMASON
602.251,1.58737279,0.906377561,0.998472991,0.987654787,0.800324278,DERMASON
600.667,1.555396079,0.911233882,0.998838997,0.989710611,0.701684278,DERMASON
601.464,1.432789622,0.908994214,0.995915318,0.986726998,0.789929665,DERMASON
592.528,1.333314107,0.936904641,0.996917423,0.988631643,0.732421165,DERMASON
595.879,1.42722708,0.926573626,0.995026201,0.989493178,0.702657005,DERMASON
600.178,1.42248814,0.913486847,0.997240691,0.988262379,0.710660587,DERMASON
600.051,1.441057896,0.913978266,0.993428796,0.988412908,0.772872152,DERMASON
605.99,1.502894523,0.89615118,0.994541365,0.985066767,0.74342815,DERMASON
605.709,1.474604961,0.897222618,0.997461845,0.985033655,0.72725506,DERMASON
607.859,1.49082324,0.891397029,0.996598769,0.986970929,0.727247503,DERMASON
599.714,1.484515503,0.916019003,0.997202564,0.988053064,0.73796656,DERMASON
596.962,1.406355228,0.924872072,0.997666879,0.986682718,0.705053763,DERMASON
587.746,1.230035372,0.954285795,0.997639687,0.989066094,0.770018786,DERMASON
598.413,1.405294097,0.920813453,0.997359497,0.987505645,0.802937576,DERMASON
598.645,1.460859722,0.920205078,0.997728046,0.989741656,0.755999193,DERMASON
602.486,1.53434515,0.9085094,0.995277225,0.989182058,0.698137803,DERMASON
597.483,1.321958904,0.923823036,0.994659324,0.984359176,0.701504905,DERMASON
612.657,1.599326239,0.878862464,0.996847342,0.985693902,0.685941991,DERMASON
590.582,1.40643663,0.945863333,0.998672424,0.99008146,0.792495547,DERMASON
602.392,1.517713176,0.909312407,0.997380872,0.983961628,0.76811467,DERMASON
612.125,1.487089237,0.880759684,0.998458259,0.985773807,0.776683524,DERMASON
599.479,1.466524026,0.918380778,0.997403912,0.98751692,0.800682885,DERMASON
595.114,1.444535281,0.931902334,0.999066781,0.989190614,0.799951267,DERMASON
606.223,1.53146629,0.89823213,0.997845236,0.985333833,0.712611562,DERMASON
598.718,1.435860028,0.922013957,0.996885569,0.989838546,0.797386612,DERMASON
653.403,1.54614222,0.774287827,0.996329664,0.981127853,0.754293907,DERMASON
606.265,1.406355714,0.899406859,0.995476588,0.985871683,0.696726522,DERMASON
600.129,1.498097945,0.918032363,0.998983101,0.990363985,0.717585774,DERMASON
596.916,1.440577402,0.928153495,0.995855686,0.98846905,0.794595411,DERMASON
604.873,1.603784198,0.90392906,0.99737855,0.989138197,0.783460348,DERMASON
602.187,1.467350892,0.912149443,0.997269943,0.986951631,0.715972147,DERMASON
598.134,1.419468665,0.924552908,0.998877817,0.988396981,0.771272855,DERMASON
604.623,1.544083963,0.904882978,0.994829802,0.989661265,0.821469808,DERMASON
608.1,1.555379303,0.894598647,0.993821759,0.986620193,0.701326726,DERMASON
605.874,1.568547002,0.901321222,0.999049931,0.988845489,0.735221021,DERMASON
622.645,1.53944221,0.853453204,0.99320608,0.98198635,0.761466829,DERMASON
594.594,1.423139368,0.936589832,0.998351019,0.988557494,0.783084193,DERMASON
603.722,1.582905249,0.909620077,0.996084654,0.990724747,0.780262029,DERMASON
586.497,1.236020507,0.963944061,0.997647891,0.989945224,0.779935562,DERMASON
604.917,1.399490931,0.906716587,0.996882233,0.985591101,0.727595899,DERMASON
603.752,1.578467166,0.910219164,0.998067671,0.988617216,0.704305378,DERMASON
588.912,1.356634592,0.95667039,0.998103427,0.990880432,0.779815701,DERMASON
622.432,1.6540155,0.856470111,0.993650532,0.983976151,0.68045355,DERMASON
610.628,1.589709084,0.890273591,0.996286699,0.985561318,0.776165011,DERMASON
605.129,1.458331693,0.906664778,0.997317857,0.986962531,0.817121826,DERMASON
595.532,1.396273295,0.936299205,0.998129815,0.986928105,0.719047619,DERMASON
621.017,1.657419174,0.861061788,0.995993879,0.981722268,0.711064471,DERMASON
598.299,1.426522994,0.927869512,0.995737436,0.989369268,0.756381639,DERMASON
596.331,1.479483009,0.934039229,0.997628288,0.989666018,0.777983812,DERMASON
601.896,1.516697143,0.917020661,0.99647722,0.987671386,0.788646262,DERMASON
604.923,1.543506956,0.907934867,0.997032777,0.988817413,0.769649511,DERMASON
602.609,1.43355213,0.915024953,0.998425529,0.987710582,0.713684211,DERMASON
618.475,1.705500485,0.86871294,0.993744551,0.98730538,0.774977287,DERMASON
607.791,1.592313393,0.900134872,0.997717162,0.986688045,0.791061286,DERMASON
597.198,1.425964033,0.932456676,0.996084784,0.988421603,0.788135088,DERMASON
610.166,1.459182017,0.893309935,0.996144867,0.984671479,0.74480779,DERMASON
604.717,1.437536003,0.910512314,0.994980356,0.987551249,0.731045139,DERMASON
602.783,1.533680975,0.916468111,0.999152284,0.98847359,0.748728526,DERMASON
602.741,1.42570461,0.916872556,0.996699917,0.987445984,0.762571922,DERMASON
601.374,1.561826214,0.921358356,0.99742264,0.989550679,0.810787671,DERMASON
602.063,1.448139442,0.91925076,0.998022262,0.989033943,0.728461538,DERMASON
600.701,1.460362412,0.923876741,0.996830494,0.987971101,0.725371175,DERMASON
599.623,1.451418869,0.92776082,0.99819952,0.988861571,0.745646067,DERMASON
605.984,1.430340608,0.90903587,0.996223849,0.988464687,0.703533026,DERMASON
613.754,1.496107326,0.886365303,0.997607768,0.986339001,0.775268441,DERMASON
626.86,1.361183871,0.849721578,0.995989289,0.984111111,0.799079755,DERMASON
611.198,1.584448362,0.893861555,0.998279106,0.988027069,0.792815372,DERMASON
607.052,1.519190424,0.906317514,0.996409761,0.985173104,0.697731807,DERMASON
591.719,1.265788182,0.953896229,0.998020578,0.989059244,0.742174192,DERMASON
599.102,1.383303441,0.930565532,0.999082492,0.989648881,0.730573651,DERMASON
618.13,1.479052649,0.874254495,0.989568608,0.980994206,0.751413388,DERMASON
608.165,1.432909711,0.903207108,0.996538175,0.986895348,0.728708095,DERMASON
600.927,1.505281098,0.9251655,0.996169375,0.988253661,0.799242424,DERMASON
601.403,1.503347112,0.923875294,0.997072684,0.987705222,0.710761253,DERMASON
626.823,1.494736871,0.850461556,0.997299447,0.982813424,0.690639447,DERMASON
603.549,1.45730459,0.917386042,0.998791567,0.988550612,0.777664054,DERMASON
600.076,1.399554605,0.928384676,0.996719466,0.987307478,0.787303936,DERMASON
604.494,1.387004256,0.914898286,0.997226679,0.986539103,0.714297221,DERMASON
612.291,1.552359114,0.891779276,0.99590693,0.984969087,0.738207547,DERMASON
600.688,1.464765476,0.926598384,0.99818224,0.988997101,0.793261777,DERMASON
596.977,1.361227448,0.938330559,0.997730409,0.988521545,0.746661055,DERMASON
597.583,1.447924808,0.936498809,0.997076659,0.990582893,0.709226095,DERMASON
598.639,1.430541418,0.933232819,0.997692126,0.988743173,0.74674523,DERMASON
600.457,1.452356625,0.927869115,0.99788917,0.987792661,0.746571693,DERMASON
604.344,1.451843407,0.916075042,0.995587315,0.982182382,0.74100359,DERMASON
612.307,1.616184779,0.892403021,0.9970662,0.987134806,0.778782029,DERMASON
592.165,1.359523588,0.954144192,0.998896237,0.989372376,0.733774287,DERMASON
603.953,1.364149359,0.917330464,0.995807954,0.986002592,0.816904433,DERMASON
596.017,1.429944426,0.942275459,0.998992865,0.990812379,0.777609108,DERMASON
602.775,1.421450372,0.921299881,0.99720412,0.988973455,0.717058333,DERMASON
601.862,1.377942969,0.924131841,0.996577481,0.985060829,0.806875663,DERMASON
617.725,1.558273082,0.877344243,0.997783459,0.984261278,0.721841385,DERMASON
600.589,1.329314529,0.928332251,0.998533154,0.985757621,0.763786975,DERMASON
615.371,1.595987027,0.884401197,0.996015734,0.987879013,0.67469178,DERMASON
606.282,1.472637564,0.91118511,0.994423571,0.983215287,0.701099537,DERMASON
628.75,1.697275584,0.847481649,0.997193654,0.987700515,0.681797259,DERMASON
607.932,1.562794582,0.906687713,0.997455311,0.990270351,0.806594071,DERMASON
597.678,1.352231755,0.93817111,0.997686413,0.988106706,0.771404605,DERMASON
603.375,1.469324804,0.920573049,0.991606679,0.988839865,0.811625076,DERMASON
607.882,1.506647745,0.907278969,0.997931986,0.987416263,0.772051163,DERMASON
599.831,1.370420624,0.932111957,0.997427375,0.989323843,0.760385207,DERMASON
604.602,1.469006635,0.917493522,0.99791061,0.989874638,0.736370158,DERMASON
599.723,1.48016603,0.932622397,0.998729367,0.990463822,0.759013876,DERMASON
617.57,1.503374171,0.879563923,0.995530203,0.984401505,0.695019396,DERMASON
597.935,1.263883396,0.938384103,0.997202232,0.98929114,0.763170683,DERMASON
598.326,1.43411593,0.937228259,0.998152883,0.988339811,0.724362453,DERMASON
606.667,1.527554829,0.911872727,0.99709108,0.98969798,0.786147416,DERMASON
611.795,1.560623464,0.896818221,0.997919236,0.987395113,0.747418786,DERMASON
601.382,1.390452952,0.928178871,0.997038312,0.989113933,0.791871702,DERMASON
608.189,1.384945752,0.90785806,0.994186251,0.983367065,0.756853971,DERMASON
605.805,1.460197059,0.915051675,0.993044914,0.988715824,0.691185599,DERMASON
616.154,1.407133815,0.884703575,0.998522433,0.986673558,0.748746393,DERMASON
607.651,1.495685216,0.909670563,0.996283122,0.98478373,0.758786124,DERMASON
607.147,1.419914082,0.911863239,0.995832044,0.986829484,0.760909143,DERMASON
613.862,1.579453007,0.892089413,0.996495341,0.987850812,0.726021821,DERMASON
606.311,1.522055475,0.914482133,0.996206389,0.988435248,0.796190476,DERMASON
603.418,1.391660223,0.923444418,0.998295648,0.987416045,0.761136713,DERMASON
614.863,1.430345078,0.889951632,0.997524549,0.985135036,0.734903382,DERMASON
608.733,1.484048632,0.908270886,0.99249074,0.986773267,0.817377239,DERMASON
618.841,1.637089287,0.87913757,0.998054082,0.988963124,0.769708113,DERMASON
603.572,1.312496807,0.924387529,0.997242416,0.987216799,0.810881143,DERMASON
622.843,1.663204492,0.868297399,0.997297841,0.986420843,0.765529059,DERMASON
660.12,1.452459235,0.773116063,0.996457032,0.981367596,0.699024823,DERMASON
599.474,1.408873411,0.937523522,0.999522978,0.987877671,0.736950606,DERMASON
607.041,1.502047634,0.914296016,0.994183863,0.988241799,0.736950606,DERMASON
594.891,1.296861262,0.952095418,0.996973783,0.988716398,0.775592259,DERMASON
606.055,1.512879085,0.917376038,0.995932492,0.988716814,0.799463327,DERMASON
609.169,1.515321076,0.908088701,0.995417696,0.986753017,0.698333333,DERMASON
600.994,1.433077606,0.932996004,0.99775876,0.987843961,0.790013257,DERMASON
616.335,1.659487397,0.887260543,0.996542975,0.989193774,0.760879433,DERMASON
593.478,1.333078902,0.956955567,0.998278014,0.990070503,0.785831478,DERMASON
607.935,1.456943797,0.912050971,0.996897524,0.987701598,0.70962963,DERMASON
612.154,1.572550483,0.899589548,0.997525857,0.990181603,0.684424034,DERMASON
597.794,1.326371049,0.944136691,0.997991934,0.988585736,0.807950408,DERMASON
606.793,1.372026255,0.916681737,0.996555703,0.98597702,0.721143778,DERMASON
616.229,1.544543073,0.888856407,0.997981206,0.986883198,0.702773417,DERMASON
604.427,1.360734641,0.923941189,0.997676649,0.987936298,0.728967651,DERMASON
611.538,1.543718437,0.903015655,0.998060996,0.989324105,0.777604167,DERMASON
609.355,1.542219475,0.90949731,0.996808262,0.985297892,0.788093842,DERMASON
601.69,1.386870898,0.932990849,0.998237837,0.986856115,0.736875291,DERMASON
604.484,1.54542896,0.924557936,0.995844818,0.990603928,0.782785931,DERMASON
600.387,1.453670963,0.938090769,0.998774274,0.989810932,0.721904762,DERMASON
606.429,1.389709773,0.919764399,0.995161802,0.983484965,0.744262567,DERMASON
607.998,1.50605321,0.915125418,0.997069835,0.989560359,0.799429827,DERMASON
603.383,1.411882305,0.9293848,0.994331293,0.9864449,0.815395797,DERMASON
608.024,1.463811161,0.915285095,0.998595225,0.989453958,0.777113997,DERMASON
603.535,1.343841632,0.928985727,0.995473205,0.989090909,0.749979112,DERMASON
606.008,1.361948309,0.921487615,0.997395008,0.988148094,0.723457984,DERMASON
608.738,1.498953718,0.913342715,0.98916606,0.988983953,0.707051349,DERMASON
613.773,1.435218288,0.898485938,0.997060676,0.986702323,0.734203783,DERMASON
605.502,1.474400279,0.923748155,0.99762242,0.986890769,0.793376509,DERMASON
603.021,1.441660802,0.931364917,0.996886553,0.987216117,0.793960819,DERMASON
608.637,1.402383235,0.914324327,0.997882464,0.986747208,0.757511031,DERMASON
608.884,1.448903037,0.913582667,0.999178422,0.9897547,0.776296083,DERMASON
607.337,1.53064036,0.918344928,0.997684684,0.986857038,0.802261905,DERMASON
606.927,1.388597499,0.919790781,0.995365142,0.986174104,0.699584847,DERMASON
595.911,1.366378045,0.954465446,0.997942731,0.990270588,0.743235051,DERMASON
606.261,1.450641879,0.922530714,0.998135669,0.988605554,0.791754695,DERMASON
609.579,1.54384008,0.912650464,0.996328442,0.98893327,0.789093567,DERMASON
603.446,1.268340078,0.931364824,0.995539031,0.985395597,0.724887194,DERMASON
601.614,1.389141818,0.937254054,0.998084703,0.988610562,0.757074347,DERMASON
606.154,1.425351805,0.923335258,0.995172607,0.988285683,0.78857894,DERMASON
602.311,1.468218726,0.935190029,0.998787223,0.991116006,0.730346805,DERMASON
621.167,1.519189883,0.879796052,0.996226969,0.985984378,0.690824468,DERMASON
607.861,1.397335264,0.919279021,0.996568799,0.986460348,0.72657384,DERMASON
609.278,1.479017592,0.915211162,0.993701794,0.988230134,0.688078998,DERMASON
611.748,1.505329748,0.908070602,0.996859614,0.987908234,0.718846358,DERMASON
606.037,1.418550791,0.925470966,0.995576295,0.988849894,0.837067525,DERMASON
607.241,1.41264545,0.92183875,0.996329312,0.988488946,0.71903243,DERMASON
615.237,1.48408352,0.898232082,0.997129754,0.986401254,0.711606744,DERMASON
606.138,1.497829744,0.925436197,0.997329554,0.988997734,0.801831437,DERMASON
613.873,1.443728822,0.902294878,0.997926407,0.986330332,0.724405654,DERMASON
616.194,1.414534155,0.89554348,0.997553749,0.984106779,0.795244813,DERMASON
614.036,1.560972819,0.901982546,0.997489512,0.986800365,0.789699446,DERMASON
601.838,1.358920842,0.939019758,0.996815703,0.986657918,0.795590829,DERMASON
621.81,1.482759671,0.879699981,0.99784075,0.985365321,0.744642218,DERMASON
604.727,1.377174401,0.930309655,0.998257619,0.987236991,0.729180134,DERMASON
602.089,1.412623372,0.938583648,0.997196072,0.989366756,0.730914588,DERMASON
618.338,1.466004841,0.889935508,0.997556178,0.983223792,0.755496652,DERMASON
609.677,1.477573679,0.915399742,0.994548228,0.98608835,0.804426619,DERMASON
606.3,1.461751294,0.925864714,0.998320381,0.987998395,0.710362735,DERMASON
630.518,1.741224536,0.856232732,0.992878026,0.984159279,0.783796296,DERMASON
603.301,1.331583095,0.935368716,0.997670232,0.987281805,0.766870471,DERMASON
622.92,1.611308923,0.877571585,0.997324038,0.986242539,0.691363694,DERMASON
618.003,1.394350217,0.891657339,0.995695894,0.985597905,0.798350272,DERMASON
608.494,1.519727062,0.920320094,0.998227854,0.988913606,0.801969657,DERMASON
616.287,1.490164502,0.897258377,0.997018324,0.986791354,0.713357534,DERMASON
610.39,1.512248869,0.914813928,0.999194799,0.989673794,0.765926804,DERMASON
603.014,1.318426591,0.937399722,0.99581179,0.986435377,0.744721742,DERMASON
608.001,1.408373652,0.922187123,0.999159476,0.987981645,0.755317964,DERMASON
606.101,1.326748175,0.928080535,0.994811218,0.988450889,0.716273298,DERMASON
602.923,1.396927143,0.937924692,0.998668241,0.989027813,0.729315628,DERMASON
617.536,1.552755387,0.894060919,0.997418124,0.985722071,0.720982143,DERMASON
614.045,1.597994457,0.904322395,0.997020383,0.987516832,0.736356482,DERMASON
616.4,1.589317594,0.897657056,0.997500188,0.989283762,0.817376901,DERMASON
639.697,1.547461302,0.834232168,0.996849854,0.980722022,0.710538017,DERMASON
621.925,1.645517403,0.882786006,0.993501963,0.985635519,0.773866484,DERMASON
602.499,1.42912099,0.940768434,0.998083678,0.989693725,0.792464935,DERMASON
603.474,1.382028016,0.938352099,0.992735037,0.99099887,0.799353322,DERMASON
606.833,1.453402304,0.928163362,0.995793039,0.988659082,0.770051811,DERMASON
610.45,1.452818833,0.9172644,0.995578187,0.988444348,0.712254517,DERMASON
614.362,1.511298849,0.906052897,0.998024432,0.98758891,0.711812095,DERMASON
610.564,1.481161708,0.91739383,0.99839507,0.989888335,0.715713346,DERMASON
600.994,1.333360205,0.946947281,0.99430053,0.991584393,0.798650235,DERMASON
616.84,1.392593645,0.898985999,0.997462609,0.987233425,0.725944101,DERMASON
602.784,1.349709853,0.941642872,0.997956349,0.99075725,0.722239907,DERMASON
613.129,1.449106255,0.910536391,0.998826148,0.988280967,0.714746786,DERMASON
610.019,1.499672913,0.920080639,0.998527074,0.988570807,0.744182235,DERMASON
609.007,1.568068299,0.923174897,0.998247937,0.991448948,0.809404985,DERMASON
603.652,1.400971907,0.93966101,0.998051496,0.989433168,0.724680851,DERMASON
609.442,1.490317815,0.92202667,0.998858903,0.989219209,0.713814239,DERMASON
606.522,1.412781562,0.931404169,0.995663365,0.989368264,0.720788834,DERMASON
597.44,1.326557326,0.959972141,0.998622217,0.988830462,0.773246746,DERMASON
605.43,1.387601866,0.935075653,0.996339599,0.988081437,0.752538351,DERMASON
605.212,1.368142856,0.935818026,0.998265823,0.987903372,0.749368132,DERMASON
604.253,1.396843092,0.938825243,0.995750434,0.989014176,0.796996435,DERMASON
603.203,1.428199331,0.942165602,0.997358878,0.990199637,0.760418118,DERMASON
618.535,1.472355268,0.896167822,0.996065977,0.984164773,0.796101774,DERMASON
605.567,1.462928506,0.934961018,0.998129071,0.990093261,0.799460853,DERMASON
612.003,1.484521415,0.915433329,0.996801688,0.988801913,0.738510258,DERMASON
609.595,1.46073003,0.922747469,0.998867528,0.988946071,0.781459419,DERMASON
612.194,1.513292489,0.91506338,0.997369271,0.988159896,0.743461916,DERMASON
622.829,1.531044633,0.884404141,0.997616512,0.98442289,0.701536643,DERMASON
608.784,1.458594169,0.925851832,0.997329846,0.987630208,0.801491092,DERMASON
615.902,1.552663261,0.905039075,0.99675523,0.988422576,0.684094551,DERMASON
613.44,1.558323519,0.912385067,0.997026534,0.986995159,0.816850036,DERMASON
614.317,1.417598614,0.909848479,0.997371959,0.988245506,0.794695053,DERMASON
608.126,1.380972342,0.928502102,0.996096615,0.986248466,0.709334925,DERMASON
626.434,1.565750494,0.875247006,0.991784771,0.981083312,0.719869364,DERMASON
613.144,1.538145764,0.91370074,0.997162313,0.987429108,0.742032684,DERMASON
612.159,1.452958555,0.91671057,0.997299262,0.987822505,0.753334436,DERMASON
607.122,1.466911205,0.932086962,0.999210381,0.989862419,0.797735761,DERMASON
605.562,1.421731618,0.937135361,0.998558755,0.98975751,0.721081081,DERMASON
606.399,1.428825489,0.934686824,0.99822247,0.989329379,0.718722901,DERMASON
611.896,1.482824274,0.918102891,0.996598035,0.989009002,0.735092575,DERMASON
603.342,1.324139586,0.944562251,0.994600572,0.989763067,0.808139878,DERMASON
600.962,1.368630435,0.952371752,0.999246418,0.989051095,0.785169248,DERMASON
615.689,1.583821241,0.907554952,0.998106898,0.988660576,0.807771746,DERMASON
601.046,1.302931443,0.952349067,0.998011865,0.987733603,0.746808511,DERMASON
610.721,1.388287875,0.922515054,0.997767294,0.986489408,0.747257246,DERMASON
609.637,1.533569906,0.925900067,0.996368487,0.991311903,0.771597633,DERMASON
607.039,1.471694386,0.933842344,0.997848567,0.989985901,0.801545486,DERMASON
625.993,1.520694828,0.878917792,0.996138432,0.983740713,0.803306076,DERMASON
641.327,1.546856962,0.837421307,0.996613301,0.984447956,0.794463768,DERMASON
609.243,1.491280299,0.92807983,0.99874197,0.990568765,0.710475845,DERMASON
626.891,1.717409503,0.876721317,0.996983658,0.989462288,0.677121407,DERMASON
617.36,1.499233996,0.904033452,0.998213455,0.987431576,0.772474996,DERMASON
621.058,1.476286727,0.89339737,0.997358202,0.985197959,0.729793746,DERMASON
618.587,1.486231201,0.900680496,0.995535914,0.985766659,0.704748689,DERMASON
625.835,1.506625236,0.879971234,0.996167875,0.984140084,0.797296512,DERMASON
612.889,1.561181427,0.917538966,0.99862724,0.991432909,0.737999139,DERMASON
605.024,1.253449323,0.941617743,0.994724728,0.987578311,0.732690458,DERMASON
616.386,1.570246551,0.907256607,0.993499859,0.988931752,0.735585948,DERMASON
609.885,1.337193302,0.927005348,0.992540124,0.983723515,0.759662237,DERMASON
628.873,1.60083467,0.871998125,0.996909948,0.985350616,0.714624238,DERMASON
615.37,1.495287499,0.910852236,0.998809766,0.98872519,0.716003652,DERMASON
609.562,1.362344254,0.928461508,0.99774577,0.988691612,0.772888514,DERMASON
607.617,1.394245496,0.934551234,0.996012703,0.988230636,0.818634466,DERMASON
608.346,1.393785323,0.932312773,0.99635728,0.986916358,0.794933411,DERMASON
611.196,1.531510379,0.923705596,0.998650121,0.989157061,0.701863354,DERMASON
604.559,1.39482717,0.944098265,0.998525605,0.990584416,0.788575859,DERMASON
619.329,1.581999671,0.89963753,0.997181711,0.988125225,0.780490578,DERMASON
611.836,1.474794818,0.921807724,0.998668408,0.989870589,0.794445248,DERMASON
629.537,1.583410408,0.871174279,0.995620498,0.985084794,0.680208952,DERMASON
626.74,1.659297127,0.878999332,0.997911399,0.988487552,0.729309338,DERMASON
602.09,1.389053603,0.952481062,0.998662281,0.989983787,0.736175115,DERMASON
618.868,1.540989251,0.901962641,0.993497887,0.990523547,0.731117021,DERMASON
618.455,1.542658018,0.90329911,0.998422535,0.98927749,0.709614144,DERMASON
614.275,1.559146711,0.915701028,0.997305926,0.989064748,0.807565789,DERMASON
607.532,1.439378308,0.936310802,0.996676908,0.989066715,0.720865007,DERMASON
608.272,1.386121601,0.934067993,0.999111672,0.990064079,0.781484428,DERMASON
607.354,1.446778517,0.936927833,0.997685049,0.990920555,0.787329669,DERMASON
603.822,1.338244821,0.948058698,0.998519365,0.989994601,0.804721783,DERMASON
616.649,1.509116297,0.909093608,0.998159775,0.987365852,0.790397655,DERMASON
610.178,1.442295486,0.928747928,0.997544036,0.990283226,0.709823041,DERMASON
621.479,1.642895395,0.895636135,0.998335484,0.989539523,0.786829017,DERMASON
608.478,1.420710571,0.935064795,0.99889136,0.990010062,0.804262152,DERMASON
611.485,1.500969854,0.926193444,0.997508054,0.989302509,0.713446205,DERMASON
616.807,1.542817445,0.910312465,0.998011836,0.988947897,0.797038579,DERMASON
610.702,1.4922093,0.928704745,0.998300954,0.991118303,0.818548986,DERMASON
624.367,1.582113073,0.888594731,0.994579978,0.986155332,0.715776901,DERMASON
619.27,1.48177233,0.903282368,0.995741992,0.989092214,0.768390244,DERMASON
612.275,1.381440026,0.92424068,0.99781367,0.988952654,0.737613697,DERMASON
626.948,1.593166443,0.881517305,0.998202925,0.986970684,0.688155136,DERMASON
628.954,1.499044031,0.876062043,0.99696181,0.984752723,0.818994447,DERMASON
618.439,1.601202994,0.906335756,0.998056185,0.988567947,0.701372998,DERMASON
614.302,1.459391024,0.918617548,0.995517786,0.988143425,0.74972143,DERMASON
606.403,1.342519028,0.942705224,0.996037868,0.990165111,0.789592695,DERMASON
638.042,1.643356556,0.851869761,0.99045913,0.982834147,0.820362663,DERMASON
624.004,1.608156516,0.890919779,0.995506585,0.986880206,0.698002528,DERMASON
614.555,1.501292912,0.918659896,0.995910684,0.990031555,0.688923822,DERMASON
617.395,1.382905243,0.910260682,0.992265232,0.983963508,0.73394471,DERMASON
619.436,1.57181283,0.904304819,0.996936422,0.988083736,0.782253952,DERMASON
614.614,1.526540159,0.918683129,0.996453857,0.989147176,0.805671441,DERMASON
625.484,1.683415509,0.887061957,0.995898425,0.988581042,0.740640421,DERMASON
617.768,1.532520676,0.909359372,0.998234247,0.988545656,0.725312533,DERMASON
616.675,1.523866448,0.912817052,0.995644264,0.986043191,0.76347355,DERMASON
616.948,1.513385976,0.912141447,0.995625286,0.983552866,0.725830181,DERMASON
612.837,1.456583955,0.924553886,0.996641664,0.988198269,0.775831087,DERMASON
621.52,1.571622523,0.898966277,0.997829863,0.988340486,0.804811277,DERMASON
614.973,1.423047926,0.918341856,0.996000332,0.988801832,0.712613449,DERMASON
632.058,1.68652209,0.86936592,0.998566272,0.988412846,0.745200604,DERMASON
624.258,1.395328427,0.891452536,0.995616169,0.982060391,0.780491248,DERMASON
611.382,1.48812023,0.929464014,0.998991022,0.988345905,0.785760978,DERMASON
615.615,1.485003221,0.9170243,0.99774443,0.987820124,0.801716141,DERMASON
613.789,1.420433901,0.922588711,0.99692324,0.987927278,0.727868421,DERMASON
625.096,1.602194695,0.889610707,0.995410525,0.983677679,0.688143689,DERMASON
616.891,1.40543915,0.91349878,0.996752726,0.98761201,0.716498316,DERMASON
613.456,1.45997289,0.924191651,0.997699612,0.989312268,0.784940442,DERMASON
618.878,1.548487506,0.908068872,0.997838858,0.990728809,0.695611742,DERMASON
608.736,1.426249771,0.938680892,0.998808099,0.99080073,0.753340772,DERMASON
607.729,1.381675174,0.941862285,0.998751114,0.988325181,0.734309512,DERMASON
622.843,1.533611543,0.896706159,0.995657344,0.986599187,0.770978972,DERMASON
607.966,1.341481301,0.941570078,0.997520108,0.990168037,0.793484801,DERMASON
614.481,1.422758473,0.921776596,0.997515537,0.989072599,0.787921029,DERMASON
608.531,1.324241246,0.940026068,0.998508174,0.988827015,0.741719549,DERMASON
613.763,1.484696775,0.924368169,0.996276449,0.989642857,0.795030699,DERMASON
626.514,1.592354565,0.887221067,0.996418494,0.989149445,0.791551227,DERMASON
619.207,1.647044463,0.90844793,0.997475887,0.989893218,0.724085684,DERMASON
618.057,1.486994186,0.912061996,0.996469355,0.986163477,0.743496916,DERMASON
612.615,1.479618394,0.928338081,0.997331113,0.987006052,0.757637864,DERMASON
621.646,1.549356521,0.901691104,0.998842643,0.989826515,0.715679443,DERMASON
613.659,1.453128913,0.925582499,0.997619207,0.990713291,0.739850627,DERMASON
615.956,1.476726637,0.918725198,0.997050596,0.988102023,0.781748492,DERMASON
614.449,1.477290247,0.923237262,0.997216007,0.989300235,0.81043651,DERMASON
628.02,1.454220419,0.883831288,0.997497615,0.984455959,0.781804859,DERMASON
618.527,1.447802902,0.911300514,0.998077645,0.987682449,0.749108975,DERMASON
612.295,1.338303711,0.930213686,0.998047355,0.986843041,0.729260281,DERMASON
612.78,1.393625874,0.928842184,0.995866246,0.987898203,0.741517499,DERMASON
616.755,1.327661791,0.916907949,0.993507484,0.986598891,0.820546933,DERMASON
618.33,1.388533022,0.912407171,0.996721841,0.985725446,0.73270515,DERMASON
632.209,1.770231851,0.872817855,0.998593642,0.991039554,0.67381068,DERMASON
614.936,1.419704242,0.922606309,0.995867022,0.989133533,0.808379921,DERMASON
617.22,1.502282977,0.915856773,0.998318976,0.989627887,0.801159972,DERMASON
610.322,1.380832916,0.936676214,0.997109198,0.989592615,0.809805752,DERMASON
618.733,1.532215528,0.911448774,0.996751768,0.987762797,0.792437215,DERMASON
614.255,1.479392142,0.924852988,0.998072872,0.989206327,0.71754522,DERMASON
610.656,1.429295161,0.935820353,0.999394852,0.989101012,0.737935799,DERMASON
615.915,1.400050741,0.920006925,0.995318134,0.987063297,0.768058628,DERMASON
618.564,1.440405,0.912308153,0.995591874,0.986644882,0.703989052,DERMASON
616.311,1.476507879,0.919155869,0.997601802,0.988718861,0.778453348,DERMASON
623.477,1.545515909,0.898180786,0.997742617,0.988191777,0.695451929,DERMASON
613.302,1.437835562,0.928464443,0.999112267,0.990731168,0.731034301,DERMASON
613.276,1.410650934,0.928743639,0.996432419,0.989005906,0.754410248,DERMASON
612.108,1.396400215,0.932593258,0.996395645,0.990136381,0.82125347,DERMASON
625.665,1.562825278,0.8929049,0.998583632,0.987994175,0.743279354,DERMASON
613.813,1.471671071,0.927719668,0.997371647,0.989716766,0.777498253,DERMASON
618.763,1.458698727,0.913460984,0.99562992,0.984819533,0.699710874,DERMASON
612.332,1.405659161,0.932782453,0.996224568,0.990956348,0.777951699,DERMASON
629.843,1.636350255,0.881763419,0.997743649,0.989091426,0.695865207,DERMASON
612.74,1.332355642,0.93170801,0.994725424,0.988775619,0.751457726,DERMASON
621.95,1.432360143,0.904708196,0.996966147,0.988113823,0.823618135,DERMASON
619.09,1.527130449,0.913250371,0.992206294,0.989766186,0.776309922,DERMASON
611.215,1.452871128,0.937338573,0.998101674,0.99072066,0.801023341,DERMASON
617.918,1.462092357,0.917145815,0.998745244,0.985709738,0.733110597,DERMASON
625.109,1.629275469,0.896391349,0.997414527,0.990089866,0.786956522,DERMASON
616.012,1.393111968,0.923094993,0.997424716,0.986027591,0.791071885,DERMASON
628.701,1.531438833,0.886241367,0.996913881,0.987880077,0.703939394,DERMASON
607.37,1.324137912,0.949823016,0.996565153,0.989846995,0.785990134,DERMASON
630.303,1.612322214,0.881995135,0.998732343,0.988934601,0.758253114,DERMASON
618.792,1.471442481,0.915246029,0.998053387,0.988901103,0.758176331,DERMASON
622.288,1.503889266,0.905056154,0.997532441,0.986244209,0.801713234,DERMASON
618.906,1.311746721,0.915040117,0.99561176,0.986908216,0.806850068,DERMASON
624.805,1.658510914,0.898068592,0.998796657,0.989080725,0.776309199,DERMASON
626.565,1.562940674,0.893158427,0.996319651,0.98757698,0.800292549,DERMASON
622.004,1.548262731,0.906694834,0.998984881,0.989577794,0.701822753,DERMASON
618.669,1.554503544,0.916660606,0.997761847,0.990738441,0.737687592,DERMASON
617.327,1.513906905,0.920749297,0.998537708,0.991196621,0.793988854,DERMASON
616.907,1.48333814,0.922168543,0.998454234,0.989863188,0.753507447,DERMASON
630.69,1.531544311,0.882650622,0.994215383,0.985433126,0.768928031,DERMASON
614.789,1.447832252,0.928932354,0.998011625,0.988816535,0.808449074,DERMASON
631.844,1.586667421,0.879712711,0.997995809,0.987701442,0.689257177,DERMASON
620.231,1.477090187,0.913029349,0.995567178,0.985543018,0.769548458,DERMASON
617.057,1.440246111,0.922446335,0.996607097,0.989170442,0.724431082,DERMASON
615.682,1.414615432,0.926736881,0.998748808,0.989137358,0.795554797,DERMASON
615.436,1.525484401,0.927577426,0.99783386,0.99141844,0.725183514,DERMASON
615.342,1.40864509,0.928126344,0.99677084,0.988162962,0.768296703,DERMASON
612.141,1.422779662,0.938126701,0.997950287,0.991528728,0.80943287,DERMASON
622.083,1.586277805,0.9084129,0.997152978,0.989880047,0.761431682,DERMASON
613.77,1.362964557,0.933353714,0.996296827,0.98754103,0.818559476,DERMASON
620.189,1.486423717,0.914231158,0.998493458,0.987995622,0.788364558,DERMASON
614.326,1.452891461,0.931864787,0.997155109,0.98960396,0.773478525,DERMASON
615.568,1.444345882,0.928340372,0.998739348,0.989536569,0.740555556,DERMASON
628.839,1.599564949,0.889602276,0.998411386,0.986781346,0.765972583,DERMASON
625.831,1.510596121,0.898270667,0.995684467,0.988524822,0.707173529,DERMASON
636.541,1.54457062,0.868297593,0.996375113,0.983662427,0.695145872,DERMASON
615.426,1.456027238,0.928934715,0.998415911,0.98831586,0.787566807,DERMASON
619.788,1.478995949,0.916036099,0.998772992,0.989435002,0.714482547,DERMASON
619.174,1.500716984,0.918050431,0.998020074,0.988389738,0.715585079,DERMASON
621.239,1.478916606,0.912282977,0.998013039,0.988568203,0.796305244,DERMASON
622.769,1.480244325,0.907805945,0.995045709,0.98471163,0.773144954,DERMASON
616.129,1.47622194,0.927676782,0.998877648,0.990527358,0.784458627,DERMASON
610.943,1.299903937,0.94356016,0.999317127,0.990248039,0.776687729,DERMASON
616.131,1.41134361,0.927736964,0.997799544,0.989164578,0.720185019,DERMASON
639.705,1.457159563,0.860742944,0.993099584,0.984821868,0.767882092,DERMASON
636.761,1.692253395,0.868813437,0.996545292,0.986070562,0.747746066,DERMASON
623.664,1.574825725,0.905913062,0.99816128,0.987567358,0.752145923,DERMASON
627.089,1.558631762,0.896268046,0.997262203,0.989242381,0.702298678,DERMASON
631.486,1.642479169,0.883987738,0.997585527,0.988024796,0.753964414,DERMASON
619.809,1.496691233,0.917642289,0.992472746,0.990467112,0.762019884,DERMASON
621.031,1.551566262,0.914197472,0.996640704,0.989665268,0.820409357,DERMASON
633.853,1.658855741,0.877960903,0.987605901,0.982808725,0.709734513,DERMASON
630.453,1.535978013,0.887519263,0.994723947,0.983670895,0.741958504,DERMASON
616.31,1.443537404,0.928918484,0.99875354,0.989114736,0.796900721,DERMASON
620.77,1.45025323,0.91578162,0.998236579,0.989325724,0.736796537,DERMASON
617.361,1.442623747,0.926022148,0.99742771,0.987900106,0.793569168,DERMASON
618.098,1.46333853,0.923946717,0.997170386,0.989014858,0.759332847,DERMASON
629.312,1.624871255,0.891851057,0.996911895,0.987215061,0.725454264,DERMASON
617.157,1.437399196,0.92736028,0.998514827,0.990032052,0.713473449,DERMASON
614.608,1.424849276,0.935068423,0.998979179,0.98895222,0.781559337,DERMASON
615.128,1.427057198,0.933587798,0.998090535,0.99013772,0.787422969,DERMASON
612.787,1.381657949,0.940801432,0.997027352,0.98972012,0.811061104,DERMASON
627.741,1.424132663,0.896639475,0.998963866,0.987600983,0.769338113,DERMASON
628.351,1.556258331,0.895058553,0.995262962,0.986079456,0.813526961,DERMASON
637.267,1.530602366,0.870188237,0.990827788,0.986044881,0.734140866,DERMASON
640.318,1.712788272,0.861915413,0.98921074,0.984801793,0.740461834,DERMASON
625.434,1.496580808,0.903427059,0.995332843,0.987048542,0.719545582,DERMASON
621.919,1.529427855,0.913700497,0.997464517,0.986737307,0.758850513,DERMASON
617.749,1.349754894,0.926604535,0.997727599,0.988755754,0.803374636,DERMASON
633.807,1.618312473,0.880716043,0.995294274,0.987547792,0.66799535,DERMASON
625.922,1.55160951,0.903045302,0.997888477,0.986993865,0.779716406,DERMASON
628.77,1.511400957,0.894978536,0.992384462,0.988762861,0.686086745,DERMASON
624.44,1.572488673,0.907497969,0.995706151,0.987065339,0.758430295,DERMASON
614.122,1.403407558,0.938414886,0.996393475,0.987725328,0.73960084,DERMASON
619.412,1.354615609,0.922945829,0.997113639,0.987662542,0.746305419,DERMASON
620.635,1.383673461,0.91940984,0.995687092,0.987179487,0.800807002,DERMASON
620.793,1.454651612,0.918941896,0.997216307,0.987836938,0.799353302,DERMASON
626.725,1.51743222,0.901692498,0.997353238,0.988773505,0.708585795,DERMASON
618.982,1.394573555,0.924425386,0.99771431,0.988115271,0.797087104,DERMASON
616.055,1.383374224,0.933263623,0.995730778,0.989503247,0.747678922,DERMASON
621.785,1.454343532,0.91617458,0.998140073,0.98787369,0.806633471,DERMASON
625.45,1.515214192,0.905629492,0.995885592,0.986838421,0.712783172,DERMASON
634.778,1.427800045,0.879271155,0.994353035,0.982095583,0.768061458,DERMASON
621.125,1.428355594,0.918383227,0.996952697,0.987358173,0.711204722,DERMASON
624.647,1.520016346,0.908088235,0.997376577,0.98981956,0.818984547,DERMASON
625.882,1.622515089,0.904828856,0.99837872,0.990970734,0.70515,DERMASON
615.103,1.389088378,0.936918608,0.998019416,0.990206403,0.779986728,DERMASON
638.738,1.680587313,0.868895288,0.996449569,0.985502183,0.785596926,DERMASON
626.697,1.476071786,0.902700954,0.996560997,0.988715612,0.758373206,DERMASON
621.151,1.518350683,0.919185731,0.997411592,0.990871428,0.729231803,DERMASON
614.78,1.451029003,0.938535083,0.998090076,0.991569482,0.820342924,DERMASON
622.391,1.433758929,0.915916044,0.991621655,0.988585434,0.720843546,DERMASON
615.544,1.36047351,0.936505243,0.998028209,0.988759717,0.738550467,DERMASON
648.293,1.706372567,0.844368245,0.99811136,0.985826992,0.669194313,DERMASON
626.229,1.380507908,0.905204265,0.997673144,0.98776181,0.722998567,DERMASON
615.509,1.359643014,0.937341484,0.998927818,0.98793875,0.761595472,DERMASON
621.209,1.399582245,0.92025152,0.998060548,0.988768762,0.720918367,DERMASON
638.989,1.588704962,0.869751643,0.997257131,0.983059102,0.696024826,DERMASON
628.251,1.444863338,0.899800808,0.99620983,0.98408719,0.786103694,DERMASON
631.777,1.61009478,0.889848076,0.995753157,0.986871508,0.720193655,DERMASON
618.136,1.383626498,0.92975302,0.996092401,0.987701768,0.825642523,DERMASON
612.547,1.355973214,0.947064853,0.996698072,0.990472855,0.79539829,DERMASON
629.709,1.490939939,0.896177655,0.995874963,0.988188839,0.720098801,DERMASON
643.246,1.673823215,0.858854753,0.997412842,0.987326304,0.749072897,DERMASON
618.728,1.398921083,0.928368597,0.996031952,0.988397288,0.729049055,DERMASON
627.07,1.577477981,0.904247912,0.994193438,0.988540684,0.788556937,DERMASON
646.61,1.565259909,0.850632863,0.99743561,0.98390405,0.783815221,DERMASON
623.756,1.494319843,0.914366405,0.998088422,0.988132635,0.722415025,DERMASON
615.568,1.33547572,0.93885314,0.998578266,0.989756319,0.763607919,DERMASON
634.894,1.568152009,0.882566193,0.997287734,0.986686184,0.722894643,DERMASON
609.268,1.372110889,0.958471085,0.999241169,0.992359188,0.737010621,DERMASON
653.994,1.668623244,0.83197366,0.994916349,0.980064375,0.803912105,DERMASON
625.881,1.457625639,0.908552958,0.997484361,0.986726126,0.733920705,DERMASON
622.193,1.514304804,0.91964778,0.995958336,0.990836918,0.747362034,DERMASON
629.269,1.579393866,0.899113301,0.995009834,0.988279615,0.799887069,DERMASON
625.573,1.514676806,0.909768938,0.998270295,0.988589972,0.77946517,DERMASON
624.311,1.486084428,0.913515203,0.997910702,0.987970292,0.718772197,DERMASON
623.075,1.521922439,0.917207834,0.996476905,0.990111464,0.812292168,DERMASON
640.206,1.579295131,0.868992845,0.991893658,0.981575758,0.674062976,DERMASON
621.595,1.493437982,0.921971005,0.998046275,0.989942729,0.766991342,DERMASON
616.298,1.445786925,0.937986805,0.998790748,0.990427948,0.719751206,DERMASON
622.517,1.388727892,0.919371703,0.993023579,0.989287833,0.708091908,DERMASON
636.235,1.566774995,0.880153563,0.997221485,0.984615385,0.704887872,DERMASON
628.104,1.481006744,0.903152484,0.995926687,0.987256267,0.775334974,DERMASON
619.577,1.461874366,0.928412179,0.997885819,0.988670432,0.794247788,DERMASON
622.447,1.463239333,0.920324488,0.998401192,0.989330916,0.776397516,DERMASON
620.275,1.473395819,0.926813785,0.99703154,0.988641906,0.718088875,DERMASON
620.971,1.514671199,0.924737357,0.998383053,0.989158852,0.736809306,DERMASON
623.184,1.424981212,0.918213673,0.994348141,0.986511385,0.778518519,DERMASON
630.568,1.628827329,0.896898086,0.99861089,0.988918702,0.784470367,DERMASON
625.919,1.436759312,0.91068793,0.995447423,0.985970274,0.785046729,DERMASON
634.531,1.530708929,0.886197975,0.997218156,0.986210969,0.702821782,DERMASON
630.146,1.621806267,0.898922581,0.993957643,0.987107312,0.757143619,DERMASON
643.165,1.659131545,0.863050666,0.995484747,0.984919397,0.726505562,DERMASON
623.016,1.425384349,0.919842072,0.997954395,0.988759353,0.809504815,DERMASON
621.978,1.430444948,0.92304476,0.99897802,0.986940817,0.744849279,DERMASON
633.041,1.579228557,0.891911139,0.997400153,0.986234397,0.762792319,DERMASON
631.047,1.587560651,0.897651285,0.995555983,0.989288447,0.766119041,DERMASON
647.686,1.358813518,0.852571871,0.998366044,0.979927007,0.749723408,DERMASON
633.854,1.579425225,0.890187617,0.993760383,0.984946013,0.711276053,DERMASON
624.257,1.478859402,0.918058782,0.994174376,0.988473023,0.816835944,DERMASON
627.578,1.324157984,0.908431986,0.994064546,0.986966167,0.694540664,DERMASON
628.227,1.284758595,0.907033619,0.994639968,0.986801995,0.762336759,DERMASON
626.458,1.369360058,0.912195458,0.997976739,0.986802452,0.780236635,DERMASON
640.735,1.675631349,0.872119313,0.996502391,0.985064306,0.675165877,DERMASON
623.604,1.511074373,0.92117808,0.995665971,0.989105166,0.81907252,DERMASON
622.373,1.525140968,0.925085242,0.998527441,0.98910819,0.757008601,DERMASON
616.404,1.309349741,0.943154417,0.998757307,0.988663154,0.764982027,DERMASON
625.5,1.484348057,0.916019581,0.998258717,0.989453233,0.734597156,DERMASON
645.311,1.549546377,0.860729979,0.995687527,0.98552277,0.808841878,DERMASON
613.94,1.292144154,0.951040216,0.996647677,0.989661393,0.746910348,DERMASON
626.691,1.458638117,0.912925134,0.998771801,0.988600534,0.720486856,DERMASON
614.649,1.296345767,0.949047,0.996121586,0.987813322,0.79573851,DERMASON
626.862,1.52060064,0.912459112,0.997465864,0.987813744,0.783701384,DERMASON
632.379,1.522464682,0.896827576,0.998382626,0.988056084,0.787071509,DERMASON
624.319,1.510195956,0.920326699,0.997940141,0.988982816,0.713721372,DERMASON
612.114,1.329420589,0.957393557,0.997995716,0.992007228,0.73564581,DERMASON
632.851,1.373283939,0.895709948,0.990653635,0.985807031,0.725003175,DERMASON
630.878,1.484028302,0.901384319,0.99642557,0.987854671,0.700864143,DERMASON
657.63,1.530229007,0.829569436,0.998183066,0.981909479,0.733367583,DERMASON
619.107,1.417714782,0.936084319,0.999283023,0.989053623,0.751368421,DERMASON
634.899,1.467806138,0.890190064,0.996517468,0.984926876,0.793194444,DERMASON
625.547,1.525273762,0.917230711,0.995760301,0.989194431,0.791980923,DERMASON
629.666,1.490745194,0.905586665,0.997276409,0.988205997,0.753600253,DERMASON
610.194,1.225295924,0.964305491,0.995785778,0.992221142,0.746551003,DERMASON
627.368,1.537562544,0.912520349,0.998478754,0.988038856,0.78467494,DERMASON
635.193,1.627130196,0.890238283,0.997775357,0.987425295,0.706695347,DERMASON
625.161,1.486641505,0.919071106,0.998607315,0.990127819,0.752626451,DERMASON
627.475,1.416423126,0.912400661,0.996776016,0.9879389,0.783634868,DERMASON
618.247,1.258519136,0.939972557,0.994797721,0.986270654,0.749436435,DERMASON
622.214,1.356100991,0.928219702,0.998040702,0.987158687,0.802384961,DERMASON
629.701,1.563814198,0.906278283,0.994808668,0.98746547,0.734858024,DERMASON
635.385,1.580722054,0.890198373,0.995309325,0.985356946,0.697689737,DERMASON
628.468,1.593038623,0.91015601,0.997767898,0.989553426,0.773998918,DERMASON
636.556,1.471331109,0.887205303,0.99856102,0.987061381,0.743605739,DERMASON
637.89,1.509411533,0.883498412,0.995379121,0.984717059,0.694790528,DERMASON
618.909,1.448057345,0.938651728,0.999173802,0.990137385,0.759200785,DERMASON
628.078,1.408140032,0.911541512,0.995874196,0.985772358,0.815799977,DERMASON
620.434,1.462745218,0.934467455,0.998730751,0.990655823,0.720833019,DERMASON
626.577,1.457189329,0.916330146,0.99455893,0.989526805,0.705366382,DERMASON
621.697,1.370123353,0.931162193,0.998877105,0.990078473,0.739402076,DERMASON
624.687,1.508719149,0.922301903,0.996771613,0.990558207,0.815704033,DERMASON
636.234,1.624632754,0.889221145,0.99768593,0.988167109,0.747533796,DERMASON
629.485,1.58549588,0.908676282,0.997190476,0.989330847,0.793953836,DERMASON
636.062,1.531900056,0.890012732,0.997209436,0.987660279,0.690541029,DERMASON
632.81,1.616168593,0.8992779,0.997893531,0.989093294,0.787474925,DERMASON
624.75,1.531184979,0.923081772,0.998608718,0.989713142,0.727247362,DERMASON
627.304,1.50154485,0.915580619,0.997183235,0.986647854,0.742003106,DERMASON
632.306,1.642733643,0.901403546,0.99846067,0.990844389,0.777777778,DERMASON
633.471,1.598155504,0.898341622,0.997745248,0.988184637,0.737834362,DERMASON
628.311,1.366380481,0.913316618,0.994340128,0.988118607,0.761424553,DERMASON
645.113,1.678572028,0.866451994,0.998489158,0.987813694,0.79461121,DERMASON
622.245,1.407685898,0.931340302,0.996192788,0.988358476,0.711529879,DERMASON
646.974,1.703157037,0.861774738,0.998386344,0.986527821,0.78172658,DERMASON
630.683,1.560027912,0.906870272,0.997672093,0.988770625,0.814326241,DERMASON
618.462,1.346928649,0.943130158,0.996866183,0.989350703,0.76028921,DERMASON
631.768,1.41167767,0.903852477,0.995869521,0.985445558,0.754718965,DERMASON
620.313,1.39968524,0.938032524,0.996999035,0.988437317,0.784910095,DERMASON
626.796,1.539899037,0.919112416,0.998367608,0.989190678,0.797397047,DERMASON
646.635,1.65191868,0.863610201,0.997804643,0.986203583,0.800245064,DERMASON
652.79,1.630104795,0.847401431,0.99235011,0.983806361,0.711956791,DERMASON
622.001,1.412911296,0.9335003,0.997504622,0.989260636,0.786384655,DERMASON
634.322,1.551540729,0.897775474,0.992725795,0.98827655,0.76221032,DERMASON
636.721,1.469111898,0.891023047,0.995415704,0.985396956,0.772077783,DERMASON
626.105,1.435742306,0.921591081,0.996325478,0.988447653,0.715184835,DERMASON
638.213,1.619320526,0.887047,0.998538936,0.98950339,0.684424766,DERMASON
622.095,1.397999008,0.933640337,0.997090441,0.98926544,0.736425571,DERMASON
618.817,1.350356628,0.943590719,0.995895272,0.990390246,0.779093397,DERMASON
635.01,1.483916622,0.896610235,0.998211755,0.984532731,0.735267059,DERMASON
636.7,1.594059215,0.891856786,0.997566334,0.987981182,0.685186949,DERMASON
630.362,1.440960455,0.909912992,0.997955922,0.987811996,0.767457989,DERMASON
637.817,1.564204276,0.888797509,0.993846493,0.987914163,0.678176633,DERMASON
637.509,1.600176,0.889996645,0.998030223,0.989344882,0.708965517,DERMASON
625.698,1.509153862,0.924010142,0.996515144,0.987818269,0.769705882,DERMASON
638.503,1.609218032,0.887351063,0.996828502,0.988666804,0.682180095,DERMASON
625.63,1.442996388,0.924756803,0.99613132,0.988876682,0.788135825,DERMASON
635.921,1.561590793,0.895223994,0.99639166,0.98775972,0.71112263,DERMASON
620.445,1.358779718,0.94047346,0.997318643,0.988878973,0.803491745,DERMASON
619.554,1.42034857,0.943311405,0.999070024,0.990886894,0.767186751,DERMASON
628.443,1.519816629,0.91681483,0.997365871,0.988914439,0.773322598,DERMASON
633.073,1.470304092,0.903516267,0.997528509,0.9877288,0.800444444,DERMASON
637.061,1.571931514,0.892332546,0.995460359,0.982912688,0.741458269,DERMASON
643.21,1.475665968,0.875687057,0.995558349,0.985203158,0.807382099,DERMASON
633.81,1.475590206,0.902104455,0.995460876,0.986757913,0.728213934,DERMASON
633.244,1.495266696,0.903811809,0.995802189,0.986084519,0.694696021,DERMASON
628.281,1.395061231,0.918210895,0.995581448,0.988789853,0.711329782,DERMASON
640.822,1.477437284,0.882745866,0.995997144,0.983364582,0.764766702,DERMASON
625.493,1.366558055,0.926639425,0.99879287,0.986830853,0.749350649,DERMASON
616.758,1.310918927,0.953271064,0.997806876,0.989032081,0.758869165,DERMASON
634.629,1.505315758,0.900495219,0.996251861,0.98686955,0.736400286,DERMASON
639.089,1.675280514,0.888308971,0.99695007,0.987009435,0.701935233,DERMASON
624.713,1.476867845,0.92982421,0.997428781,0.989887563,0.79810403,DERMASON
625.016,1.537961559,0.929051567,0.998145521,0.991588272,0.698114576,DERMASON
626.193,1.414910238,0.925786668,0.997675105,0.988570255,0.778505403,DERMASON
623.771,1.392764674,0.933119167,0.997951438,0.988944036,0.754045307,DERMASON
625.84,1.435381412,0.92712008,0.998146922,0.98870907,0.719188651,DERMASON
618.046,1.295010016,0.951111379,0.997349391,0.990713453,0.813706727,DERMASON
630.948,1.482581697,0.912642866,0.997678084,0.986589319,0.795597138,DERMASON
639.525,1.441363294,0.888572974,0.997304525,0.987165483,0.777523861,DERMASON
635.008,1.435418822,0.901477447,0.996838581,0.986461601,0.790096143,DERMASON
637.003,1.626162109,0.895901637,0.995920196,0.990990682,0.8120649,DERMASON
625.763,1.278605822,0.928567735,0.99774249,0.989095508,0.760246978,DERMASON
638.821,1.557496004,0.891209967,0.99757515,0.985494416,0.786125598,DERMASON
638.382,1.582002714,0.892436115,0.992954597,0.986401281,0.661410485,DERMASON
629.767,1.413629265,0.91701957,0.998185341,0.986838516,0.769324827,DERMASON
627.888,1.430659759,0.922771273,0.997652073,0.989337708,0.80564368,DERMASON
637.584,1.598210935,0.89491876,0.995124576,0.990183671,0.70294289,DERMASON
637.481,1.489418778,0.895331663,0.998065726,0.986541279,0.779842706,DERMASON
627.343,1.436900635,0.924694573,0.996633603,0.989544181,0.765550239,DERMASON
624.872,1.443169881,0.932151008,0.999301597,0.989680858,0.766547572,DERMASON
623.07,1.398699591,0.937939044,0.997169209,0.989651286,0.738430173,DERMASON
649.391,1.561428523,0.863774947,0.991851173,0.984245017,0.696551724,DERMASON
629.099,1.387958304,0.920587407,0.996235063,0.988341572,0.734781286,DERMASON
631.422,1.575007491,0.913889228,0.998857134,0.989928303,0.764636076,DERMASON
631.155,1.35883989,0.914725694,0.996672996,0.985923634,0.776358768,DERMASON
636.943,1.651233226,0.898207695,0.995085763,0.989456444,0.810294241,DERMASON
633.837,1.586512902,0.9071261,0.999010338,0.99050514,0.746140784,DERMASON
643.039,1.649673078,0.881379988,0.99764545,0.987974791,0.798953168,DERMASON
633.884,1.624660238,0.907179232,0.996894529,0.989932428,0.812521008,DERMASON
626.673,1.495738338,0.928176806,0.997993416,0.988616612,0.801696976,DERMASON
637.927,1.537905742,0.895747661,0.991423026,0.989932771,0.810573672,DERMASON
631.818,1.534232404,0.913216193,0.996443884,0.989022228,0.779650085,DERMASON
633.222,1.357298572,0.909609818,0.990223664,0.986204553,0.768460907,DERMASON
626.492,1.418434314,0.929449591,0.997620457,0.990176683,0.749257969,DERMASON
639.176,1.536482218,0.893142364,0.998633203,0.986981645,0.795447074,DERMASON
630.512,1.401237457,0.917856728,0.997079953,0.987955497,0.75029069,DERMASON
633.504,1.503744465,0.909426425,0.997100989,0.986615939,0.757834312,DERMASON
630.965,1.530157055,0.91679177,0.996272044,0.990114198,0.820109555,DERMASON
625.226,1.452282995,0.933892507,0.996529747,0.990386254,0.808027147,DERMASON
621.3,1.418265834,0.945830009,0.997378445,0.989881094,0.757344316,DERMASON
622.307,1.37051841,0.942933698,0.998693778,0.989343593,0.799444276,DERMASON
638.507,1.580317193,0.895723871,0.997346195,0.987662713,0.808614837,DERMASON
628.652,1.436631711,0.92409104,0.99891256,0.987730687,0.734649511,DERMASON
628.813,1.530325402,0.923649677,0.997305295,0.990694028,0.697155057,DERMASON
629.906,1.427833027,0.920573745,0.998125945,0.986057399,0.768155391,DERMASON
644.43,1.733247368,0.879576294,0.998264135,0.989245848,0.768994709,DERMASON
637.119,1.5804986,0.89994047,0.999377466,0.990358737,0.776815777,DERMASON
630.761,1.484127015,0.918174505,0.998463174,0.988136918,0.716963449,DERMASON
636.353,1.487414626,0.902294546,0.996583653,0.985961343,0.69352415,DERMASON
623.192,1.410954352,0.940936958,0.998757383,0.990463215,0.797805213,DERMASON
638.527,1.539103457,0.896315008,0.998713988,0.988947834,0.70687895,DERMASON
636.593,1.516968828,0.901769376,0.99745898,0.986431939,0.703680403,DERMASON
628.774,1.410178918,0.924336388,0.996694746,0.987135098,0.771747784,DERMASON
629.561,1.440945409,0.92215367,0.997765966,0.987908019,0.770545223,DERMASON
637.8,1.476382751,0.898483079,0.995694913,0.983731313,0.713532211,DERMASON
632.507,1.568164022,0.913646348,0.998506281,0.986367798,0.722658385,DERMASON
634.555,1.474198134,0.907789562,0.999220886,0.988043478,0.730854271,DERMASON
632.194,1.539892478,0.914865686,0.997254376,0.99023278,0.695617873,DERMASON
638.41,1.592669467,0.897167724,0.997389476,0.987578061,0.711895092,DERMASON
633.011,1.447548091,0.912568376,0.994659328,0.985137789,0.733489615,DERMASON
632.794,1.572600658,0.913602336,0.99246747,0.986981286,0.785706575,DERMASON
625.044,1.448646976,0.936527196,0.997841865,0.990677101,0.782793386,DERMASON
634.887,1.610835388,0.907775666,0.997056917,0.990037741,0.73530303,DERMASON
643.089,1.688159962,0.884798053,0.99749214,0.990206413,0.764719786,DERMASON
631.487,1.447745038,0.917703172,0.998667357,0.986952249,0.724536,DERMASON
626.011,1.414325125,0.933860584,0.998476973,0.989501223,0.797628177,DERMASON
644.032,1.718050398,0.882360368,0.99788762,0.989367123,0.784992318,DERMASON
650.303,1.720936774,0.865751737,0.995374278,0.988364204,0.680724299,DERMASON
628.216,1.478392016,0.92798517,0.995437467,0.991764786,0.696924769,DERMASON
638.688,1.598192716,0.897957974,0.996441132,0.989443313,0.798646501,DERMASON
631.041,1.465562049,0.920010659,0.997724974,0.988304688,0.747385152,DERMASON
628.707,1.430387709,0.926885991,0.998242741,0.986666215,0.787951677,DERMASON
635.581,1.513408796,0.906976415,0.995847245,0.985266288,0.755141155,DERMASON
626.228,1.411354337,0.93433503,0.998720511,0.990421196,0.78597229,DERMASON
653.27,1.578456898,0.858700549,0.994965524,0.983508145,0.693920286,DERMASON
629.597,1.30472558,0.924489259,0.992472573,0.983740386,0.709382374,DERMASON
634.38,1.527789842,0.910726073,0.997629199,0.987807356,0.795667831,DERMASON
638.583,1.478005726,0.898807981,0.993254096,0.987072321,0.712258852,DERMASON
630.115,1.411065935,0.923223088,0.997710503,0.990593269,0.725983076,DERMASON
631.886,1.442119502,0.918118212,0.998266007,0.989317326,0.720082938,DERMASON
644.652,1.571387822,0.882115392,0.995782064,0.985973569,0.762866109,DERMASON
625.086,1.408608147,0.938491817,0.998084869,0.989521872,0.76246342,DERMASON
637.004,1.491212803,0.903795889,0.9988931,0.985846029,0.735632184,DERMASON
627.767,1.355298826,0.930907444,0.998631037,0.98895664,0.745696041,DERMASON
623.54,1.332826195,0.943797779,0.999199145,0.990032209,0.774829517,DERMASON
639.59,1.587902562,0.897239437,0.994701586,0.988092016,0.805493505,DERMASON
628.934,1.390280263,0.927900775,0.998540749,0.987290427,0.730382596,DERMASON
628.213,1.441055706,0.930414001,0.997814187,0.988431094,0.765923984,DERMASON
636.062,1.404387773,0.907903684,0.996948898,0.987399926,0.726608333,DERMASON
627.418,1.390270937,0.933156415,0.997104668,0.987534205,0.763636364,DERMASON
635.046,1.537594057,0.911185011,0.99786215,0.988105697,0.729663639,DERMASON
630.512,1.4774336,0.924368367,0.997656561,0.988039328,0.777739362,DERMASON
631.381,1.490267542,0.921983228,0.997642332,0.987640981,0.713296264,DERMASON
624.585,1.414913832,0.942252898,0.998758828,0.990484898,0.718627162,DERMASON
645.809,1.701496367,0.881428188,0.996687917,0.989715136,0.804698245,DERMASON
635.084,1.473248234,0.911667946,0.993914018,0.988580695,0.742438851,DERMASON
633.967,1.436472521,0.91488335,0.996820908,0.988547297,0.772506468,DERMASON
643.229,1.614725259,0.888999166,0.996572552,0.990055473,0.755159959,DERMASON
643.25,1.607979795,0.888941122,0.997575574,0.987217107,0.690818976,DERMASON
623.343,1.363128897,0.94675533,0.999206112,0.989153573,0.746024465,DERMASON
641.766,1.439616275,0.893331594,0.996595673,0.987587277,0.728333333,DERMASON
644.304,1.659427358,0.886368092,0.996872299,0.987754689,0.800027322,DERMASON
620.528,1.305008859,0.955658365,0.998186094,0.988689311,0.802186062,DERMASON
625.963,1.231598783,0.939231383,0.99839453,0.988390145,0.750923077,DERMASON
640.384,1.544966768,0.897528588,0.995675181,0.988658611,0.823354135,DERMASON
636.476,1.551633748,0.908677243,0.995770954,0.987326839,0.730134596,DERMASON
632.174,1.493999798,0.921086581,0.998495586,0.98745997,0.757355603,DERMASON
646.903,1.418708792,0.879620587,0.996140237,0.984605559,0.713767057,DERMASON
644.536,1.525731125,0.886123353,0.997771599,0.987194177,0.769477279,DERMASON
635.103,1.538441581,0.913046508,0.998595296,0.988265048,0.745497558,DERMASON
627.269,1.39436068,0.935995107,0.998297515,0.990369019,0.787230042,DERMASON
640.286,1.522206622,0.898416399,0.997497213,0.987334097,0.773187718,DERMASON
625.847,1.33890853,0.94073457,0.999012554,0.987272727,0.758164189,DERMASON
635.344,1.468673343,0.912914319,0.997196839,0.988572006,0.712809917,DERMASON
640.593,1.575209811,0.898351679,0.99680584,0.987976964,0.722099148,DERMASON
631.556,1.486410813,0.924559885,0.998795573,0.988513491,0.716175322,DERMASON
627.001,1.330502847,0.938233846,0.996240998,0.990617617,0.71672405,DERMASON
627.648,1.37156288,0.936332418,0.997775693,0.989716097,0.785259497,DERMASON
635.787,1.452433271,0.913103687,0.993005933,0.986332651,0.747531304,DERMASON
635.218,1.4860173,0.914771398,0.997661319,0.988390874,0.719926471,DERMASON
634.307,1.46662568,0.917400898,0.997724427,0.987659718,0.749464176,DERMASON
634.152,1.53125487,0.918318138,0.999047544,0.990395309,0.726975881,DERMASON
639.878,1.503431921,0.901987077,0.99499441,0.988663123,0.681199731,DERMASON
628.055,1.422393143,0.936393572,0.998016527,0.990897751,0.769289154,DERMASON
633.927,1.536330366,0.919126483,0.998201469,0.990163382,0.744673304,DERMASON
633.671,1.400915492,0.920244825,0.999159672,0.990234046,0.740792059,DERMASON
630.552,1.473778554,0.92943446,0.99647325,0.99020136,0.786115269,DERMASON
625.321,1.37009143,0.945145914,0.998870892,0.988704364,0.741946063,DERMASON
641.955,1.495213205,0.896861228,0.992865996,0.987742217,0.793910438,DERMASON
639.377,1.642771584,0.904292624,0.998273915,0.989938419,0.753554138,DERMASON
636.15,1.586802926,0.913614518,0.99752737,0.99087327,0.809542153,DERMASON
632.397,1.437667961,0.924616188,0.998186595,0.986655043,0.73199005,DERMASON
645.115,1.60830504,0.888941926,0.998452066,0.989247312,0.793787748,DERMASON
634.132,1.515144744,0.920219817,0.991897505,0.9886852,0.83136646,DERMASON
641.145,1.6263956,0.900290451,0.998007736,0.988420876,0.79654874,DERMASON
648.274,1.569565147,0.88062843,0.995681964,0.989018739,0.778365092,DERMASON
632.811,1.374729676,0.924254049,0.997620182,0.987692824,0.740248316,DERMASON
626.054,1.404454863,0.944601215,0.9980983,0.990985536,0.779603609,DERMASON
635.407,1.487942472,0.917402011,0.993868857,0.989193543,0.765028032,DERMASON
638.789,1.530528812,0.907836737,0.997439174,0.989294584,0.789221461,DERMASON
641.379,1.477239903,0.900641727,0.997791123,0.987969975,0.755780569,DERMASON
645.391,1.591923349,0.889509226,0.996784731,0.987871072,0.692112676,DERMASON
630.126,1.488266308,0.933381717,0.998498243,0.992061356,0.719317073,DERMASON
639.039,1.522475552,0.90755737,0.997357362,0.98770931,0.714669962,DERMASON
635.349,1.484711868,0.918160993,0.997732688,0.988736172,0.771427824,DERMASON
631.626,1.377346974,0.929048244,0.996607721,0.986256938,0.784775436,DERMASON
636.061,1.452780752,0.916137645,0.998089022,0.988935457,0.73392555,DERMASON
640.635,1.537217623,0.903285997,0.997497761,0.989103467,0.708069316,DERMASON
629.931,1.409659251,0.934371365,0.99784397,0.98996779,0.815956858,DERMASON
635.978,1.441021922,0.916687476,0.996857936,0.987846525,0.770768025,DERMASON
632.744,1.501770657,0.926081933,0.997510757,0.988939165,0.761380058,DERMASON
629.187,1.412922523,0.936645906,0.996226163,0.989006201,0.815425855,DERMASON
642.899,1.612462238,0.897178497,0.996503958,0.9891727,0.77347907,DERMASON
646.689,1.570173696,0.886813456,0.991243662,0.987552284,0.722720149,DERMASON
639.648,1.564107477,0.906597881,0.998090691,0.990038571,0.790202115,DERMASON
646.0,1.480226135,0.889097611,0.991760124,0.984561006,0.805400982,DERMASON
626.727,1.35958771,0.944717138,0.994421634,0.991138858,0.726849801,DERMASON
635.026,1.493773488,0.920372905,0.995734257,0.989745652,0.826755123,DERMASON
630.915,1.454885745,0.932469298,0.997614049,0.990775527,0.807683894,DERMASON
637.861,1.592877322,0.912333357,0.995309773,0.989680705,0.805755592,DERMASON
632.72,1.464677263,0.927282218,0.999021606,0.990743536,0.738543464,DERMASON
644.331,1.631032838,0.894224172,0.997916846,0.990345614,0.727946974,DERMASON
652.339,1.660773123,0.872433778,0.994088456,0.987334158,0.665750276,DERMASON
662.921,1.753144337,0.844917686,0.999484792,0.987863997,0.763336692,DERMASON
636.078,1.425552115,0.917827986,0.997559729,0.987535089,0.761466708,DERMASON
644.937,1.565514475,0.892816393,0.997541285,0.987832598,0.701981092,DERMASON
643.75,1.483873019,0.896142251,0.99824621,0.988064193,0.753134557,DERMASON
648.564,1.478339054,0.883127296,0.993035692,0.982909393,0.731852842,DERMASON
638.631,1.415114164,0.911059014,0.996556971,0.987905516,0.777149916,DERMASON
634.686,1.374208013,0.9224199,0.995415267,0.986817514,0.808514711,DERMASON
628.916,1.372807459,0.939581907,0.999001085,0.989328605,0.744412002,DERMASON
628.476,1.410444567,0.940993427,0.998126525,0.988205814,0.758851601,DERMASON
628.445,1.334875305,0.941627174,0.998023533,0.98933574,0.737784204,DERMASON
631.032,1.419770123,0.93401702,0.99493893,0.991026285,0.779894598,DERMASON
634.299,1.43484891,0.924420362,0.993592819,0.985843715,0.771840609,DERMASON
642.141,1.432810305,0.902071112,0.995930018,0.986239296,0.714285714,DERMASON
651.461,1.511649084,0.876504349,0.997087015,0.986667555,0.730426629,DERMASON
638.641,1.471923626,0.912047224,0.998713496,0.989206349,0.760195172,DERMASON
636.061,1.399822593,0.919616452,0.998593217,0.987756055,0.730207665,DERMASON
639.567,1.527842555,0.90986893,0.995725322,0.989112647,0.727994494,DERMASON
646.71,1.404176716,0.890211186,0.998571733,0.98779756,0.785471898,DERMASON
647.754,1.542293701,0.887343951,0.998370808,0.989645267,0.779807338,DERMASON
638.705,1.413168247,0.91272697,0.996383022,0.986647131,0.784734361,DERMASON
638.975,1.536571476,0.912078897,0.998766447,0.989878745,0.724778047,DERMASON
655.394,1.690370062,0.867010841,0.997020931,0.988426775,0.786831276,DERMASON
628.137,1.396830128,0.943888507,0.997254569,0.990772934,0.78718657,DERMASON
636.665,1.349966709,0.918895473,0.995114115,0.987308884,0.742857143,DERMASON
641.1,1.511661581,0.906409429,0.997525275,0.989354247,0.698753152,DERMASON
640.693,1.469600353,0.907714453,0.997816096,0.988103172,0.713587794,DERMASON
641.489,1.576477301,0.905463152,0.996663374,0.99047969,0.709167444,DERMASON
637.766,1.454244397,0.916096302,0.996677148,0.98695247,0.736238361,DERMASON
638.44,1.407435116,0.914348058,0.99805051,0.985905192,0.79520592,DERMASON
639.039,1.493842951,0.912819374,0.99789553,0.989426637,0.735915056,DERMASON
662.939,1.71156578,0.848274395,0.999395593,0.986827662,0.703459559,DERMASON
644.61,1.481006941,0.897260802,0.995683256,0.985419158,0.758468185,DERMASON
655.376,1.784215136,0.868082459,0.997569203,0.989561099,0.65438225,DERMASON
637.093,1.46486552,0.918651985,0.998731962,0.987946993,0.789484887,DERMASON
639.89,1.601940533,0.910884085,0.998213633,0.989036622,0.726596161,DERMASON
638.382,1.43850999,0.915439271,0.997760818,0.987821921,0.786645469,DERMASON
634.872,1.411595864,0.925589583,0.997682936,0.98736198,0.715752929,DERMASON
641.296,1.561364122,0.907169356,0.995483792,0.989567362,0.736334325,DERMASON
635.714,1.511950702,0.923325897,0.997024517,0.989305347,0.781400489,DERMASON
647.147,1.549990105,0.8909897,0.997616301,0.985267768,0.71147211,DERMASON
643.652,1.650909892,0.900904362,0.996330483,0.98887964,0.808190476,DERMASON
631.176,1.351398594,0.936902945,0.996656004,0.988320634,0.728561617,DERMASON
642.761,1.451577405,0.903495023,0.993664976,0.986745507,0.733758214,DERMASON
642.324,1.512271672,0.904816187,0.995457038,0.985895394,0.697347418,DERMASON
641.595,1.35109559,0.906904042,0.9955835,0.984947948,0.710887772,DERMASON
639.824,1.503426021,0.911962215,0.998685927,0.988915518,0.717435402,DERMASON
639.387,1.505110079,0.913209233,0.997322457,0.990762356,0.721617683,DERMASON
649.795,1.524665417,0.884189121,0.998455797,0.987042759,0.798435862,DERMASON
639.255,1.479693961,0.91358641,0.997098327,0.989871056,0.738625628,DERMASON
633.554,1.474306619,0.930227325,0.997385298,0.99040032,0.775695079,DERMASON
638.811,1.541146069,0.915041575,0.997277216,0.98855584,0.699373941,DERMASON
653.335,1.613485932,0.874810022,0.997943997,0.987209302,0.772520473,DERMASON
630.611,1.386667628,0.939182945,0.997904475,0.99106339,0.76977467,DERMASON
657.802,1.672870449,0.863172339,0.999709101,0.987310656,0.69379085,DERMASON
639.815,1.57374734,0.912479029,0.997087268,0.991758975,0.747309936,DERMASON
633.777,1.543666681,0.930042099,0.997587648,0.992521368,0.812684527,DERMASON
646.591,1.582612476,0.893634795,0.997512677,0.989121033,0.713795256,DERMASON
638.922,1.49074497,0.915246977,0.998429552,0.99063739,0.742928536,DERMASON
640.924,1.486257519,0.909599331,0.997893135,0.989615922,0.758597816,DERMASON
641.815,1.483637608,0.907289125,0.996932755,0.988828673,0.807872005,DERMASON
635.482,1.488568645,0.92592947,0.997679332,0.987783827,0.737813042,DERMASON
656.499,1.619039856,0.867710101,0.997196222,0.983671581,0.683949255,DERMASON
639.206,1.516627239,0.915448811,0.998479048,0.988181003,0.710314051,DERMASON
637.316,1.428259575,0.92094838,0.99693736,0.988674107,0.786654334,DERMASON
636.037,1.453111523,0.925184027,0.998509428,0.989896304,0.757631258,DERMASON
657.903,1.818271054,0.864881552,0.998207385,0.988518715,0.729021364,DERMASON
629.87,1.412173629,0.943611223,0.998024091,0.990392287,0.74338116,DERMASON
630.527,1.382340074,0.941709006,0.996347864,0.988979253,0.812351738,DERMASON
640.305,1.513550546,0.913167222,0.998799102,0.989274804,0.741396043,DERMASON
641.153,1.447336255,0.910814417,0.996327291,0.987865124,0.804878708,DERMASON
638.922,1.513188266,0.917678852,0.993976121,0.989642466,0.76995196,DERMASON
631.602,1.375840726,0.939199136,0.997248907,0.988921689,0.799415487,DERMASON
654.94,1.628134171,0.873515827,0.989452339,0.983864581,0.761103737,DERMASON
659.388,1.65633748,0.861828517,0.994760404,0.986600053,0.789865438,DERMASON
638.896,1.512699293,0.918061402,0.997555297,0.990697983,0.803194355,DERMASON
626.445,1.387485076,0.955302463,0.999343303,0.991294235,0.746571572,DERMASON
638.618,1.473356987,0.919353868,0.997417765,0.988372863,0.753269376,DERMASON
641.576,1.433167092,0.910987596,0.998239286,0.989061982,0.778177646,DERMASON
637.688,1.392789201,0.922191895,0.996637526,0.988276593,0.759493027,DERMASON
648.297,1.583646844,0.892256594,0.99724737,0.98889883,0.798875653,DERMASON
636.204,1.382680201,0.926499095,0.997534274,0.989915743,0.72714425,DERMASON
641.989,1.532338045,0.909998811,0.996907971,0.988703747,0.807259548,DERMASON
636.68,1.4576761,0.925269261,0.996159732,0.988082233,0.764621494,DERMASON
661.797,1.496032781,0.856369047,0.997534811,0.983459093,0.752799637,DERMASON
632.695,1.340000599,0.937055674,0.997854169,0.987397043,0.747801689,DERMASON
637.012,1.402694482,0.924459883,0.998533462,0.98896803,0.733464373,DERMASON
647.234,1.529122926,0.895699798,0.998249715,0.985770881,0.757170027,DERMASON
649.63,1.567263338,0.889134624,0.998676485,0.986879069,0.790951473,DERMASON
651.293,1.594259871,0.88459982,0.99645139,0.986911687,0.760105896,DERMASON
629.94,1.369937295,0.945681572,0.99779238,0.991237096,0.806715652,DERMASON
644.718,1.502960978,0.902885736,0.996815249,0.988743585,0.752722049,DERMASON
636.549,1.510782248,0.926611544,0.997473043,0.989960571,0.757210198,DERMASON
649.082,1.598585315,0.891292791,0.993478442,0.989044451,0.671430176,DERMASON
640.661,1.499257098,0.914908125,0.997130949,0.990224667,0.704206433,DERMASON
640.169,1.47354225,0.916560272,0.998356215,0.989866543,0.781464052,DERMASON
646.44,1.511643749,0.898923891,0.997529085,0.986046972,0.761217214,DERMASON
644.523,1.533221601,0.904400171,0.997966235,0.989803013,0.706918566,DERMASON
632.321,1.307475729,0.939704521,0.99708855,0.989476123,0.795821134,DERMASON
633.483,1.383077998,0.936291591,0.998003838,0.987874583,0.732681516,DERMASON
646.672,1.505059705,0.898759808,0.997013956,0.984269589,0.710849673,DERMASON
646.356,1.53067554,0.899729058,0.997474724,0.986771352,0.765051921,DERMASON
635.697,1.426303655,0.930185384,0.998436665,0.990234375,0.779471545,DERMASON
637.982,1.487279656,0.92359595,0.998251354,0.989154515,0.729491806,DERMASON
641.567,1.463951773,0.91345555,0.998151407,0.990040038,0.761439406,DERMASON
652.57,1.58257387,0.882941153,0.99682834,0.986059847,0.693900742,DERMASON
633.899,1.379692665,0.935782379,0.997653476,0.990303151,0.820595091,DERMASON
647.57,1.476440201,0.896748339,0.995521186,0.986939745,0.7853094,DERMASON
654.766,1.500673447,0.877233725,0.993766744,0.987592397,0.777350649,DERMASON
645.731,1.528592376,0.901953787,0.997152469,0.986713264,0.714510815,DERMASON
640.443,1.449168716,0.916971029,0.99770749,0.989585055,0.780321201,DERMASON
637.143,1.394931862,0.926741936,0.998102374,0.989097397,0.781548582,DERMASON
636.964,1.397227134,0.927572604,0.996761567,0.988219766,0.733803783,DERMASON
645.43,1.515247644,0.903670048,0.998325295,0.986206215,0.741656764,DERMASON
659.487,1.521546358,0.865585958,0.992581359,0.984618418,0.766091293,DERMASON
631.511,1.306262468,0.944070287,0.99816468,0.988844516,0.797726184,DERMASON
639.615,1.504143908,0.920575318,0.998072403,0.990547329,0.765321757,DERMASON
637.582,1.406367157,0.926857254,0.99912868,0.989146213,0.762344266,DERMASON
650.014,1.579998397,0.891831853,0.994268536,0.983502247,0.691208335,DERMASON
647.979,1.618879417,0.897472234,0.998377307,0.988691065,0.73497549,DERMASON
641.991,1.46453183,0.914383646,0.99667436,0.987877989,0.745927123,DERMASON
633.184,1.420020177,0.94012237,0.998993765,0.989737667,0.766247701,DERMASON
652.956,1.487323536,0.884402853,0.998004121,0.985224586,0.729913158,DERMASON
634.168,1.372242125,0.937769609,0.998482631,0.990233602,0.765456029,DERMASON
641.881,1.456761422,0.915459573,0.998164542,0.989907985,0.789951574,DERMASON
634.725,1.398568219,0.936280419,0.998063441,0.989190971,0.728285132,DERMASON
643.041,1.555069385,0.912281266,0.996476419,0.989093904,0.770567549,DERMASON
637.309,1.428896714,0.929074694,0.995588974,0.987861043,0.785420971,DERMASON
637.682,1.45310106,0.928111734,0.998023616,0.989392192,0.785546139,DERMASON
642.312,1.531565407,0.914810138,0.998347323,0.989262187,0.755078439,DERMASON
652.129,1.642440655,0.887504315,0.998104067,0.990175716,0.766511842,DERMASON
634.05,1.372513269,0.938837626,0.99637155,0.989718918,0.790186793,DERMASON
633.123,1.406301226,0.941620225,0.999225922,0.990567904,0.795824281,DERMASON
648.527,1.584593881,0.89759946,0.998157411,0.989786505,0.693554345,DERMASON
631.405,1.319167473,0.947224144,0.997019242,0.990376693,0.757142857,DERMASON
644.176,1.61132049,0.91006867,0.998682997,0.990507581,0.726209463,DERMASON
642.063,1.498623723,0.916220929,0.996678587,0.987644991,0.805234817,DERMASON
633.911,1.430547244,0.939937376,0.998111779,0.989400573,0.777108434,DERMASON
648.1,1.630688042,0.899410882,0.996239802,0.98858928,0.789511004,DERMASON
636.0,1.448000115,0.933990364,0.996675816,0.991589432,0.698058884,DERMASON
642.016,1.493922953,0.916598979,0.997274797,0.98849252,0.750630415,DERMASON
636.73,1.341197506,0.931911975,0.999454222,0.987778435,0.748953766,DERMASON
645.524,1.429116578,0.90693523,0.99605294,0.988301019,0.718442427,DERMASON
643.644,1.513852183,0.912241046,0.997182295,0.988723411,0.73620563,DERMASON
640.508,1.456039744,0.921563357,0.993537096,0.989378145,0.824725877,DERMASON
644.68,1.468912935,0.909795234,0.996564876,0.988015104,0.712627889,DERMASON
660.631,1.488711929,0.866391442,0.998308404,0.982851543,0.712729168,DERMASON
652.617,1.459821467,0.887859308,0.99563848,0.985621172,0.710789872,DERMASON
637.131,1.459604603,0.931637023,0.997194565,0.989706656,0.720665709,DERMASON
644.586,1.532416398,0.910272316,0.997460022,0.988731932,0.793697257,DERMASON
638.821,1.461102277,0.926837426,0.995694645,0.987597204,0.803604325,DERMASON
635.852,1.382167611,0.935513045,0.998576571,0.989220101,0.791558185,DERMASON
647.302,1.46844118,0.902769525,0.994648487,0.985915954,0.717818477,DERMASON
649.144,1.538165036,0.897653427,0.998705159,0.990099336,0.729632772,DERMASON
649.08,1.529801881,0.897890109,0.994600261,0.985561812,0.70863936,DERMASON
637.623,1.43059117,0.930570751,0.997542866,0.989678183,0.80952381,DERMASON
648.076,1.553874446,0.900853807,0.997572709,0.988119852,0.787534003,DERMASON
636.557,1.409009748,0.933845153,0.99754103,0.989419728,0.745992816,DERMASON
641.52,1.451771048,0.919482541,0.99812978,0.989647693,0.732908219,DERMASON
634.91,1.418625915,0.938945742,0.996553333,0.989715112,0.813394545,DERMASON
635.442,1.417057856,0.937498691,0.997364928,0.989001609,0.74842236,DERMASON
640.849,1.464482423,0.921745617,0.998118169,0.989521401,0.72794935,DERMASON
645.034,1.385816803,0.909884196,0.996962623,0.98696108,0.725682902,DERMASON
647.802,1.495038674,0.902155046,0.997092588,0.989652454,0.792794926,DERMASON
634.927,1.474156184,0.939144837,0.998998061,0.991639787,0.787804304,DERMASON
649.502,1.532962776,0.897468432,0.997784015,0.987868057,0.697681958,DERMASON
635.077,1.393915525,0.93873241,0.99898164,0.990010843,0.775521236,DERMASON
638.574,1.463581916,0.928540702,0.997703089,0.99004403,0.767141075,DERMASON
641.444,1.434753261,0.92028073,0.99361854,0.98541435,0.769773145,DERMASON
638.327,1.376437653,0.92941364,0.994981758,0.98835722,0.778687889,DERMASON
655.072,1.672948294,0.882769011,0.997974563,0.989431188,0.786993525,DERMASON
639.517,1.472413358,0.926388155,0.998818749,0.989855215,0.797935689,DERMASON
643.128,1.555230005,0.916166402,0.99628329,0.987749353,0.694335713,DERMASON
645.525,1.514786423,0.909375112,0.997408445,0.988591286,0.698614586,DERMASON
639.838,1.406427837,0.925796516,0.997633919,0.98859353,0.794505031,DERMASON
656.289,1.517716972,0.880052429,0.998423533,0.985848286,0.767863962,DERMASON
641.649,1.441725513,0.920761059,0.995559689,0.987366216,0.816737059,DERMASON
645.659,1.567739381,0.909389562,0.996637006,0.988985051,0.80914065,DERMASON
634.852,1.332249872,0.940676273,0.997131327,0.990251748,0.810237405,DERMASON
646.892,1.4532047,0.906076353,0.996005702,0.985659219,0.828678147,DERMASON
639.114,1.462040733,0.928479752,0.997145105,0.988438738,0.74555336,DERMASON
644.251,1.566766191,0.913822959,0.997828197,0.990906106,0.698680556,DERMASON
673.779,1.399992793,0.835620842,0.995751383,0.981181136,0.78005168,DERMASON
645.597,1.48863212,0.910197387,0.998348419,0.988248003,0.718631722,DERMASON
649.25,1.60725915,0.900192446,0.994734527,0.988153675,0.786845945,DERMASON
651.906,1.52919896,0.892901817,0.996489493,0.986765571,0.748933532,DERMASON
635.705,1.339197277,0.939055307,0.997348661,0.989320229,0.790136054,DERMASON
639.057,1.423504036,0.929260794,0.997537136,0.989612347,0.719767386,DERMASON
642.56,1.516715702,0.919156438,0.997442691,0.98919096,0.798055071,DERMASON
651.194,1.683100183,0.89524068,0.997174325,0.990264529,0.788608124,DERMASON
654.735,1.672528325,0.885729986,0.997651772,0.990331039,0.749045565,DERMASON
642.338,1.523072676,0.920431482,0.998627638,0.98919839,0.776669836,DERMASON
649.447,1.422887168,0.900718977,0.999151325,0.986877326,0.800105862,DERMASON
662.069,1.672848711,0.86693222,0.994719613,0.987202925,0.77044586,DERMASON
647.283,1.377722041,0.907081546,0.997868588,0.986560104,0.749182521,DERMASON
636.805,1.446190991,0.937301347,0.998057553,0.991607383,0.791143545,DERMASON
649.872,1.464528353,0.90007685,0.997359244,0.988174572,0.731382979,DERMASON
640.605,1.511154319,0.926489981,0.998315238,0.989631374,0.705268065,DERMASON
658.76,1.715540303,0.876213608,0.995214426,0.987436366,0.797338603,DERMASON
637.285,1.467343649,0.936818184,0.999050406,0.990609868,0.797203718,DERMASON
638.814,1.469282376,0.932431387,0.998547919,0.989833611,0.788664896,DERMASON
650.688,1.56273282,0.898800211,0.998929741,0.989317217,0.807331378,DERMASON
646.141,1.525542824,0.911615126,0.99899874,0.988511374,0.779227128,DERMASON
648.98,1.520442654,0.903686583,0.995697916,0.986772659,0.73372093,DERMASON
637.514,1.329200404,0.93660907,0.996995562,0.989384982,0.807399115,DERMASON
656.262,1.589253055,0.884034695,0.997528028,0.986809107,0.797840685,DERMASON
644.496,1.464847499,0.916788947,0.996467367,0.988485501,0.738401559,DERMASON
649.051,1.503067729,0.904025823,0.996758585,0.987359093,0.762530193,DERMASON
659.606,1.616062057,0.875353793,0.998526394,0.988680107,0.687623369,DERMASON
647.757,1.586047925,0.907880902,0.998712372,0.989651007,0.701080043,DERMASON
654.579,1.629284707,0.889173019,0.993521473,0.987235428,0.70474198,DERMASON
645.639,1.503315083,0.914088395,0.996748152,0.988621173,0.725580282,DERMASON
640.099,1.392053859,0.930163595,0.997680699,0.988430075,0.742750784,DERMASON
647.174,1.553445085,0.909967397,0.998119928,0.989752962,0.811912729,DERMASON
645.992,1.52635543,0.913330572,0.998168518,0.989914814,0.799841772,DERMASON
650.478,1.510216874,0.900806202,0.997375689,0.988012639,0.712831962,DERMASON
645.199,1.534597333,0.915727997,0.997306269,0.988787118,0.734645936,DERMASON
647.093,1.599772475,0.910405297,0.998903415,0.989335681,0.756131605,DERMASON
659.183,1.622765026,0.877460868,0.996977168,0.98477767,0.797649719,DERMASON
648.551,1.540419664,0.906555563,0.997064898,0.987696114,0.705674419,DERMASON
647.812,1.525204554,0.908774793,0.998048079,0.987312535,0.744431907,DERMASON
640.443,1.437516923,0.929838647,0.998461329,0.989211564,0.792842215,DERMASON
660.466,1.529310426,0.874343202,0.997680621,0.984846518,0.705017422,DERMASON
654.369,1.562519041,0.891152475,0.99053288,0.985653077,0.767787611,DERMASON
637.328,1.369630167,0.939538017,0.998672696,0.990508806,0.730603604,DERMASON
638.102,1.411591479,0.937352719,0.998324968,0.991447411,0.791844822,DERMASON
639.704,1.466579732,0.932694512,0.997956084,0.99060696,0.717427249,DERMASON
638.138,1.413666505,0.937648128,0.998601622,0.990061909,0.743636809,DERMASON
650.855,1.476232028,0.901513165,0.996635053,0.985376609,0.790479906,DERMASON
647.15,1.391362918,0.911895229,0.998205105,0.985536855,0.779496255,DERMASON
640.171,1.474158076,0.931947486,0.997533932,0.991776799,0.796524884,DERMASON
639.337,1.422396856,0.934472708,0.998890262,0.989968734,0.755217651,DERMASON
644.92,1.489637056,0.918423915,0.996377056,0.988842263,0.725731748,DERMASON
645.421,1.519488096,0.917300303,0.9958069,0.99061767,0.812179487,DERMASON
642.868,1.442785384,0.924630863,0.998796748,0.98772209,0.73364858,DERMASON
664.084,1.711325618,0.866523311,0.997938813,0.986632925,0.664263871,DERMASON
645.132,1.438693417,0.918212914,0.997899983,0.988686238,0.795849471,DERMASON
661.067,1.706723706,0.874565718,0.998033263,0.989234022,0.799274677,DERMASON
637.395,1.339034342,0.940825191,0.996425807,0.991298397,0.730738739,DERMASON
658.305,1.595007873,0.882064796,0.993698822,0.985071244,0.777522174,DERMASON
655.222,1.581799517,0.890385041,0.996795152,0.988817736,0.758673151,DERMASON
664.531,1.474794271,0.865614068,0.996076191,0.982272023,0.793277004,DERMASON
650.789,1.551798376,0.902764178,0.996936739,0.989753098,0.78599845,DERMASON
649.233,1.483473928,0.907186066,0.997656501,0.988275414,0.805319571,DERMASON
635.556,1.398853807,0.946713221,0.99825866,0.989561655,0.793589944,DERMASON
653.932,1.546807996,0.894283421,0.998854051,0.988437053,0.766780891,DERMASON
643.788,1.375295647,0.922839029,0.995873402,0.987348753,0.704560185,DERMASON
650.08,1.671816401,0.905120986,0.998512885,0.991950727,0.727857484,DERMASON
640.64,1.361877812,0.932022527,0.997483372,0.989564709,0.812513346,DERMASON
658.449,1.704051773,0.882287705,0.993988137,0.990562968,0.71475533,DERMASON
637.929,1.44310763,0.939960971,0.996915861,0.990982192,0.773668827,DERMASON
689.021,1.686163698,0.80588893,0.997539075,0.981084652,0.678386809,DERMASON
649.126,1.551914016,0.907992158,0.997168285,0.989824117,0.794540567,DERMASON
664.217,1.646849003,0.867258692,0.996845438,0.987609471,0.803207766,DERMASON
647.275,1.531901576,0.913282701,0.998491019,0.988892858,0.742079353,DERMASON
643.197,1.479083073,0.924930585,0.998861622,0.988989574,0.76048951,DERMASON
662.971,1.571092611,0.870578821,0.997539348,0.986426512,0.781671159,DERMASON
634.564,1.299947327,0.950299636,0.999038557,0.989793597,0.790935065,DERMASON
641.074,1.371777255,0.931127939,0.997315665,0.988027643,0.728168341,DERMASON
659.854,1.617297316,0.878967385,0.996091898,0.98790061,0.736535345,DERMASON
640.898,1.398552708,0.931914755,0.998009524,0.988640421,0.755162754,DERMASON
644.916,1.51987408,0.920368983,0.995975105,0.991633842,0.805127527,DERMASON
654.484,1.556921628,0.893714333,0.997212968,0.988064349,0.790451479,DERMASON
655.561,1.580552824,0.890984919,0.997794763,0.984300804,0.761508472,DERMASON
658.655,1.505872462,0.88289456,0.99642415,0.986631276,0.698185816,DERMASON
649.25,1.457883984,0.908837823,0.997205634,0.989194977,0.804719671,DERMASON
641.545,1.430511464,0.930829858,0.997689123,0.990159143,0.736187578,DERMASON
646.415,1.437727928,0.91703765,0.996820251,0.988363801,0.729881756,DERMASON
642.719,1.342759581,0.927675793,0.998377844,0.987852284,0.741393562,DERMASON
651.07,1.541162536,0.904208475,0.997803446,0.98779066,0.760092703,DERMASON
641.008,1.345858933,0.932848852,0.998581672,0.989361012,0.724960783,DERMASON
640.214,1.378232369,0.935225462,0.995732984,0.988784441,0.740029112,DERMASON
653.974,1.489464127,0.896342863,0.998129461,0.987121408,0.768645434,DERMASON
649.748,1.507904218,0.908159581,0.998286589,0.987858184,0.771936039,DERMASON
648.563,1.520474176,0.911540988,0.993820193,0.990552868,0.796283731,DERMASON
651.045,1.561412953,0.904930164,0.998283651,0.988983573,0.785298961,DERMASON
655.51,1.555606152,0.892819774,0.99626152,0.987514152,0.801706933,DERMASON
640.227,1.351453219,0.935953929,0.995696451,0.988729475,0.824706899,DERMASON
652.81,1.546054318,0.900220391,0.993738673,0.984806452,0.708691211,DERMASON
644.616,1.508036909,0.923252051,0.997225691,0.989338259,0.702591365,DERMASON
647.072,1.523755506,0.916286849,0.998396243,0.989916021,0.699940392,DERMASON
656.951,1.495737212,0.889023796,0.993610052,0.985985081,0.734549041,DERMASON
646.047,1.539069023,0.919407421,0.996636546,0.992137496,0.696428571,DERMASON
636.623,1.363818604,0.946860076,0.997373883,0.989245222,0.789830333,DERMASON
641.075,1.347993641,0.9339381,0.997980937,0.988638938,0.725545157,DERMASON
651.016,1.467471444,0.90566309,0.996163115,0.988575312,0.705736928,DERMASON
649.211,1.489628176,0.910765748,0.996619822,0.98790466,0.772872179,DERMASON
651.594,1.615650563,0.904145849,0.996391079,0.988064819,0.739481966,DERMASON
642.087,1.359085432,0.931240285,0.998040724,0.988545913,0.778990311,DERMASON
641.652,1.415070841,0.932655968,0.997881249,0.991241444,0.761829968,DERMASON
661.776,1.73483724,0.877255085,0.997853079,0.989385457,0.65961165,DERMASON
653.591,1.520958257,0.899541111,0.998137724,0.988811641,0.808177181,DERMASON
646.67,1.481776565,0.919109215,0.996793716,0.9885585,0.795578099,DERMASON
641.833,1.406713573,0.933289191,0.999090178,0.988881347,0.778261091,DERMASON
643.371,1.391546983,0.929135996,0.997155361,0.990324877,0.75653829,DERMASON
641.99,1.440216343,0.933168158,0.998604535,0.990453383,0.765915916,DERMASON
643.554,1.372419799,0.928637998,0.997517383,0.988087167,0.769381599,DERMASON
649.193,1.461242212,0.912664901,0.998153559,0.988375472,0.742792662,DERMASON
643.215,1.450650187,0.929708235,0.998751043,0.988726662,0.728976637,DERMASON
637.739,1.352324803,0.945773717,0.995767654,0.989270248,0.778286295,DERMASON
655.257,1.499459704,0.895938564,0.997488921,0.987069938,0.723824837,DERMASON
652.526,1.49020085,0.903453754,0.997446647,0.986847195,0.768759417,DERMASON
650.134,1.386706824,0.910203225,0.995070003,0.985641158,0.828327922,DERMASON
650.285,1.48309755,0.909810282,0.997326734,0.988154795,0.735289879,DERMASON
672.851,1.319920918,0.849890671,0.997269478,0.981063762,0.807676075,DERMASON
670.667,1.504862466,0.85563052,0.994636803,0.97987522,0.795914655,DERMASON
651.095,1.484946533,0.907903692,0.988662359,0.988063746,0.779675687,DERMASON
644.058,1.449555106,0.927912238,0.995939676,0.990492821,0.757306038,DERMASON
657.507,1.560478833,0.890572979,0.996367634,0.986318128,0.706954636,DERMASON
655.654,1.519969307,0.895672406,0.996079271,0.987304247,0.718237225,DERMASON
658.033,1.649168855,0.889323913,0.996196239,0.990721283,0.796858748,DERMASON
635.615,1.287111256,0.953287125,0.997998019,0.9897946,0.749816509,DERMASON
656.694,1.368590315,0.893216532,0.993009915,0.983855437,0.740732686,DERMASON
665.333,1.255961428,0.870199617,0.992185248,0.9825,0.825630252,DERMASON
640.693,1.367773418,0.938511416,0.998526218,0.989478101,0.733596554,DERMASON
657.835,1.537403058,0.890643386,0.998395195,0.987666645,0.751298256,DERMASON
644.678,1.387247516,0.92742846,0.998389131,0.987254176,0.733452893,DERMASON
649.881,1.534503503,0.912875801,0.994564404,0.986781166,0.759167615,DERMASON
661.224,1.598362655,0.881968202,0.995776151,0.987354805,0.775682508,DERMASON
655.628,1.583018854,0.897117466,0.996851264,0.988150056,0.750018331,DERMASON
657.065,1.382971246,0.893255981,0.994981263,0.985928615,0.804725194,DERMASON
648.384,1.563831547,0.917604146,0.996671579,0.991313334,0.718451601,DERMASON
653.474,1.602969831,0.903482835,0.996058954,0.989940027,0.680361654,DERMASON
642.61,1.353396098,0.934320155,0.998040648,0.988251577,0.778868595,DERMASON
643.256,1.421397282,0.932535595,0.997606816,0.988761874,0.788546482,DERMASON
659.27,1.601094942,0.887840125,0.996418546,0.98834889,0.694515436,DERMASON
650.284,1.410873811,0.912844206,0.995616709,0.986353274,0.790804243,DERMASON
664.146,1.412305952,0.875392662,0.992725984,0.984461105,0.703440855,DERMASON
660.588,1.763461177,0.884963169,0.99603444,0.989853765,0.81110114,DERMASON
670.479,1.586849236,0.859045559,0.997604561,0.98547332,0.76162978,DERMASON
643.76,1.374202676,0.931955348,0.997367666,0.989791318,0.783896144,DERMASON
660.344,1.550452207,0.886107198,0.994033741,0.985923622,0.697803195,DERMASON
651.55,1.558254951,0.91021788,0.995602812,0.990625,0.794342547,DERMASON
653.905,1.413890643,0.903732272,0.994410423,0.987508028,0.784624413,DERMASON
658.986,1.632185362,0.889907723,0.995240243,0.987762575,0.696115714,DERMASON
647.162,1.426040093,0.923173042,0.998340028,0.988149147,0.709561367,DERMASON
642.61,1.383345897,0.93648075,0.996734383,0.98964497,0.766590275,DERMASON
645.842,1.485309173,0.927131303,0.996437054,0.990250024,0.830674549,DERMASON
651.553,1.55332792,0.91094953,0.997481108,0.988183161,0.734550662,DERMASON
650.391,1.478358024,0.914296596,0.995876431,0.9877403,0.797125097,DERMASON
647.938,1.500137682,0.921292356,0.998124991,0.990156024,0.714892925,DERMASON
649.115,1.520439697,0.917984164,0.996208225,0.987234588,0.708759326,DERMASON
638.859,1.315888959,0.947725474,0.996291095,0.9904434,0.742623465,DERMASON
656.662,1.611264743,0.897033823,0.998498964,0.988154093,0.772615462,DERMASON
643.875,1.332259113,0.933107733,0.998160846,0.988663005,0.75830131,DERMASON
647.984,1.42204946,0.921550623,0.99716028,0.989523748,0.802648385,DERMASON
638.317,1.395636817,0.949767382,0.998111193,0.990989541,0.819975503,DERMASON
651.567,1.522402698,0.911650383,0.997116621,0.990035038,0.759643844,DERMASON
642.116,1.347475016,0.939598508,0.996383392,0.988933085,0.733674441,DERMASON
646.993,1.455847672,0.925606686,0.999141588,0.989442269,0.777158845,DERMASON
656.296,1.389648601,0.899580883,0.996665243,0.981255768,0.759607804,DERMASON
663.731,1.590960229,0.879568389,0.996402424,0.986025838,0.737485351,DERMASON
651.896,1.405326262,0.911913234,0.995204032,0.988746393,0.792552235,DERMASON
646.738,1.475314666,0.926727306,0.996393075,0.987640881,0.759192715,DERMASON
650.707,1.438869574,0.91548628,0.99827444,0.986188817,0.770154545,DERMASON
647.564,1.47969441,0.924424575,0.996706171,0.989225244,0.741093093,DERMASON
679.853,1.847237413,0.838781944,0.997802621,0.98852895,0.663291194,DERMASON
680.959,1.842891814,0.836059491,0.997977705,0.986537478,0.702356289,DERMASON
642.562,1.41340796,0.939146809,0.996230391,0.991421411,0.757971014,DERMASON
658.184,1.559605892,0.89523961,0.997969157,0.987015479,0.73063447,DERMASON
647.389,1.42581895,0.925494099,0.996212164,0.98840821,0.807128102,DERMASON
653.682,1.584101323,0.907907444,0.995967919,0.990185387,0.823033858,DERMASON
658.207,1.656289182,0.895583127,0.997116913,0.98923491,0.743355162,DERMASON
654.628,1.505557625,0.905490581,0.999043799,0.988317757,0.736108131,DERMASON
640.707,1.347688238,0.945296866,0.99770446,0.989109545,0.819380688,DERMASON
643.069,1.331706248,0.938486996,0.996576155,0.989205983,0.72407568,DERMASON
639.64,1.276155834,0.948576101,0.99772528,0.989871795,0.802140149,DERMASON
643.902,1.464979052,0.936211916,0.998136214,0.99095313,0.739148122,DERMASON
654.345,1.521820818,0.906596829,0.997700282,0.989968913,0.775293025,DERMASON
659.508,1.438262339,0.892746605,0.997162222,0.983919758,0.698241967,DERMASON
701.895,1.672234419,0.788177524,0.996738317,0.982699402,0.797213622,DERMASON
679.657,1.594741661,0.840625983,0.997807868,0.98341926,0.787286624,DERMASON
656.025,1.53899841,0.902309796,0.995859961,0.987947185,0.77541905,DERMASON
665.789,1.591349075,0.876123604,0.99575724,0.98599413,0.80723521,DERMASON
655.571,1.55916959,0.903706173,0.998249249,0.988960707,0.746455742,DERMASON
649.087,1.457148561,0.921881172,0.99830643,0.988233789,0.736325519,DERMASON
668.164,1.666692232,0.869990725,0.996335939,0.987476038,0.788167793,DERMASON
653.034,1.53196342,0.910829908,0.997872253,0.98991193,0.712688202,DERMASON
657.761,1.514061799,0.897901769,0.998236458,0.987699288,0.752403437,DERMASON
663.031,1.550944859,0.883741997,0.996685036,0.986974844,0.697941123,DERMASON
646.018,1.387156223,0.930932028,0.997737517,0.987385028,0.778883458,DERMASON
647.111,1.434548169,0.92781992,0.997557973,0.990073011,0.738146397,DERMASON
648.757,1.387273738,0.923326837,0.999222354,0.988271763,0.753092733,DERMASON
649.455,1.474215206,0.921492181,0.993054555,0.988873969,0.852841426,DERMASON
649.057,1.503364825,0.922861276,0.997647148,0.990459726,0.72082945,DERMASON
676.4,1.710748957,0.849812227,0.997997328,0.985256186,0.739625167,DERMASON
664.641,1.668377174,0.880432896,0.997260537,0.990368308,0.784895516,DERMASON
663.637,1.709213859,0.883127414,0.998342691,0.989229097,0.677739336,DERMASON
652.398,1.528958137,0.914053353,0.998107278,0.988316042,0.696380772,DERMASON
654.058,1.558297657,0.909625129,0.997669534,0.990088247,0.726867283,DERMASON
653.747,1.468072847,0.91052019,0.998047571,0.989613959,0.806558316,DERMASON
651.527,1.338910939,0.916794945,0.996583939,0.988856249,0.733688699,DERMASON
652.472,1.499074175,0.914318318,0.993816547,0.984896661,0.710158883,DERMASON
647.906,1.374814606,0.927280647,0.997085155,0.989300885,0.731359494,DERMASON
645.81,1.437376141,0.933369722,0.99751936,0.99037693,0.795531587,DERMASON
652.401,1.531419826,0.914694483,0.998880006,0.990567848,0.806922957,DERMASON
646.637,1.348151182,0.931194201,0.996538153,0.987129249,0.783240647,DERMASON
646.361,1.42417613,0.932049779,0.997301151,0.992060189,0.707288124,DERMASON
660.269,1.622896327,0.89319767,0.997193061,0.987224417,0.697575471,DERMASON
650.335,1.436034162,0.920901621,0.998071781,0.988833589,0.755803746,DERMASON
652.345,1.51614873,0.915294474,0.995941166,0.986379837,0.751673295,DERMASON
653.302,1.458927018,0.912820971,0.998336911,0.988174922,0.794296987,DERMASON
660.955,1.673255751,0.891804788,0.99677032,0.988805256,0.735295513,DERMASON
649.708,1.418010166,0.923066914,0.996920466,0.988270916,0.718353257,DERMASON
659.033,1.427524427,0.897129814,0.997008592,0.986635695,0.749685687,DERMASON
710.926,1.965673304,0.771015014,0.996417399,0.983445389,0.767498267,DERMASON
654.663,1.598166896,0.909293416,0.997085491,0.987517514,0.718069834,DERMASON
650.302,1.483766091,0.921767684,0.996755015,0.987300678,0.77121973,DERMASON
645.054,1.434663361,0.936857445,0.997675756,0.990548265,0.725892126,DERMASON
658.165,1.479331493,0.89990381,0.997094054,0.984231233,0.778405099,DERMASON
648.469,1.409411004,0.927165393,0.997275072,0.988183584,0.729165687,DERMASON
654.47,1.586873745,0.910445886,0.998599637,0.990235808,0.780704403,DERMASON
649.385,1.40854603,0.924760178,0.996690148,0.98780876,0.751477141,DERMASON
653.691,1.494097309,0.912705349,0.996787493,0.990141968,0.748811735,DERMASON
661.234,1.558721335,0.892115785,0.996543987,0.987780041,0.74699781,DERMASON
645.82,1.456314294,0.935479987,0.999111261,0.990809586,0.753323952,DERMASON
641.339,1.349121971,0.948720154,0.999154567,0.990399949,0.757556537,DERMASON
646.703,1.398468085,0.933137474,0.99849769,0.989296636,0.779459378,DERMASON
653.7,1.441248246,0.913797689,0.999079509,0.988893486,0.758827839,DERMASON
655.899,1.467120186,0.907855934,0.995380428,0.986666667,0.787413544,DERMASON
662.772,1.539891251,0.889410559,0.998565196,0.98918231,0.781804008,DERMASON
668.238,1.631447263,0.875004232,0.99878106,0.98795755,0.775599292,DERMASON
654.225,1.503053816,0.913506075,0.998504601,0.988876176,0.704287202,DERMASON
648.77,1.397711473,0.928932575,0.995510493,0.99104953,0.790940058,DERMASON
657.231,1.617486836,0.905488928,0.995905333,0.987562268,0.812493474,DERMASON
655.339,1.47698636,0.911046732,0.997960192,0.987003107,0.756205372,DERMASON
651.571,1.527311017,0.921673467,0.998081948,0.989010291,0.709455457,DERMASON
653.535,1.528906454,0.916289284,0.997304836,0.989609152,0.801003086,DERMASON
651.086,1.495280661,0.923284255,0.995610965,0.989515822,0.790748451,DERMASON
655.423,1.377039007,0.91119351,0.997807846,0.988166994,0.712661298,DERMASON
648.047,1.486969547,0.932053762,0.997465099,0.990555238,0.711554276,DERMASON
667.167,1.651353951,0.87945322,0.996677586,0.989800458,0.712022857,DERMASON
659.06,1.449180975,0.90122234,0.996195599,0.987259532,0.716609156,DERMASON
656.672,1.414270827,0.907876307,0.995120313,0.988419683,0.720490287,DERMASON
660.769,1.375157594,0.896825593,0.989937847,0.986450551,0.808678501,DERMASON
663.361,1.529908319,0.889830818,0.998143415,0.986544246,0.729469051,DERMASON
661.358,1.376729345,0.895659844,0.997890954,0.987300481,0.723401787,DERMASON
671.033,1.699765694,0.870214017,0.997427402,0.98871203,0.782778963,DERMASON
683.436,1.606695555,0.838969133,0.991804785,0.979827814,0.79263891,DERMASON
659.196,1.46655432,0.902065104,0.99482365,0.987526514,0.683652223,DERMASON
655.46,1.48751688,0.912728609,0.99779976,0.988939596,0.810961823,DERMASON
654.454,1.46142208,0.915654142,0.998242761,0.987720353,0.767635773,DERMASON
654.173,1.496786448,0.916587773,0.997893853,0.989256172,0.728737189,DERMASON
657.852,1.578017179,0.906364509,0.997807436,0.989444321,0.801283532,DERMASON
656.61,1.430029291,0.90979659,0.996203571,0.986598394,0.80647995,DERMASON
671.127,1.668850174,0.871030456,0.996513123,0.988318719,0.717701149,DERMASON
661.627,1.580963626,0.896367025,0.996300629,0.989291259,0.678656814,DERMASON
656.028,1.55691176,0.911732758,0.998088305,0.989071904,0.715824947,DERMASON
664.947,1.580701767,0.88758057,0.997994333,0.986542835,0.740521187,DERMASON
658.151,1.518057572,0.906092372,0.998720871,0.989168646,0.72763489,DERMASON
688.36,1.528820697,0.828308873,0.994910674,0.980504803,0.782193839,DERMASON
656.919,1.545779149,0.909756246,0.994515815,0.987826857,0.737709563,DERMASON
648.912,1.41968249,0.932554833,0.998142164,0.990428196,0.757000969,DERMASON
653.786,1.36535201,0.918849194,0.996775418,0.987176248,0.711029211,DERMASON
657.511,1.441965201,0.908583834,0.997059194,0.987895452,0.780669331,DERMASON
646.151,1.391517963,0.940842447,0.997359101,0.99131069,0.75519424,DERMASON
662.324,1.563477155,0.89568457,0.998464472,0.987961325,0.802644076,DERMASON
659.043,1.486192817,0.904653909,0.997585426,0.988586424,0.754318248,DERMASON
653.501,1.489989188,0.920121613,0.997831343,0.989682238,0.792950425,DERMASON
642.131,1.333173321,0.95299467,0.996575911,0.988118562,0.757950359,DERMASON
654.593,1.477046176,0.917142239,0.997588765,0.989808514,0.796095003,DERMASON
648.848,1.40460673,0.933485025,0.996696998,0.988057627,0.730291425,DERMASON
653.711,1.484741732,0.919824605,0.998443589,0.989591572,0.732278303,DERMASON
660.378,1.613469205,0.901374565,0.997665741,0.989091254,0.710221597,DERMASON
656.86,1.523998112,0.911055555,0.997149655,0.989967719,0.767405917,DERMASON
655.438,1.441633756,0.915071492,0.998267878,0.987905009,0.743523316,DERMASON
664.966,1.445503543,0.889121321,0.989691454,0.98731381,0.704005401,DERMASON
647.136,1.44535359,0.938880733,0.998534346,0.989000221,0.760549344,DERMASON
650.426,1.447050642,0.929525434,0.998109362,0.989658444,0.764119845,DERMASON
660.253,1.576229609,0.902205944,0.997724277,0.989190898,0.703136233,DERMASON
660.804,1.630401952,0.900788328,0.996990741,0.988691999,0.782407639,DERMASON
658.661,1.499156249,0.906717352,0.998530485,0.989630426,0.771009852,DERMASON
672.247,1.601825655,0.870521896,0.988226003,0.981902581,0.654704394,DERMASON
654.684,1.520493063,0.917942771,0.996915837,0.990133139,0.815465958,DERMASON
659.679,1.602586706,0.904180953,0.995993766,0.991105625,0.79877551,DERMASON
656.643,1.525409702,0.912823571,0.998056111,0.990637948,0.803885837,DERMASON
647.232,1.395232866,0.939832148,0.997604967,0.990734592,0.800930542,DERMASON
652.039,1.350498585,0.926084971,0.996719776,0.986586057,0.763004091,DERMASON
675.752,1.548830073,0.862312901,0.995438464,0.983459921,0.710495885,DERMASON
649.035,1.420723652,0.934826569,0.998412452,0.990173155,0.795819895,DERMASON
654.642,1.507298338,0.918940238,0.995566309,0.989704721,0.813155163,DERMASON
664.552,1.526112429,0.891879833,0.994708904,0.987990544,0.727373991,DERMASON
659.404,1.415572003,0.905888995,0.99588205,0.988177806,0.80869453,DERMASON
662.548,1.589619274,0.89734056,0.996217398,0.988084731,0.785358154,DERMASON
647.426,1.346852967,0.939868592,0.996397068,0.989677053,0.752664938,DERMASON
665.596,1.686144188,0.889282724,0.996035388,0.987930926,0.713073739,DERMASON
666.601,1.698914423,0.886659854,0.997223608,0.988274232,0.753986004,DERMASON
650.582,1.40513604,0.930890786,0.997158577,0.989678356,0.778401192,DERMASON
666.114,1.493148671,0.888183383,0.997711085,0.987934728,0.737472075,DERMASON
650.732,1.406523587,0.930788113,0.998542092,0.990369435,0.740858844,DERMASON
652.205,1.407171918,0.926647589,0.996075322,0.98787478,0.754377104,DERMASON
650.947,1.368400854,0.930499578,0.997230045,0.98984163,0.782912466,DERMASON
654.024,1.423832702,0.921852828,0.999145478,0.987319867,0.732315807,DERMASON
653.849,1.423392535,0.922522717,0.99817784,0.989938178,0.791591001,DERMASON
662.699,1.604230209,0.898076234,0.997336547,0.990157108,0.709769335,DERMASON
658.065,1.433213107,0.910798036,0.995693745,0.987882412,0.79581643,DERMASON
653.785,1.404965398,0.922850337,0.995181278,0.986734566,0.711936676,DERMASON
641.386,1.354967546,0.959089342,0.998168912,0.991442466,0.801966794,DERMASON
662.472,1.533984434,0.899035405,0.995923156,0.987296396,0.693617867,DERMASON
661.663,1.576169279,0.90140743,0.995599913,0.987267754,0.761475231,DERMASON
662.892,1.512611704,0.898182503,0.995057738,0.986370203,0.692492559,DERMASON
648.687,1.377901366,0.93795015,0.995815694,0.989540013,0.811555257,DERMASON
665.924,1.600360919,0.890078818,0.998633664,0.984516048,0.732594752,DERMASON
655.388,1.524469774,0.918985126,0.997797328,0.988700387,0.798069106,DERMASON
653.14,1.381235904,0.92535146,0.997944206,0.988265274,0.728113483,DERMASON
658.232,1.451200387,0.911119035,0.998510096,0.985970309,0.773172533,DERMASON
651.558,1.422578992,0.930087277,0.995756384,0.989077059,0.765768181,DERMASON
652.173,1.394342766,0.928363502,0.9984143,0.98904627,0.749052421,DERMASON
649.773,1.416045315,0.935263934,0.997046613,0.98973196,0.77797034,DERMASON
663.866,1.456686355,0.89600509,0.995327611,0.98588191,0.709858137,DERMASON
651.033,1.45348648,0.93173619,0.996998968,0.989483627,0.734578434,DERMASON
655.809,1.418596736,0.918360758,0.996351144,0.988800453,0.776841325,DERMASON
655.601,1.464947612,0.919586791,0.99550437,0.986606023,0.811816023,DERMASON
660.54,1.61914114,0.905943909,0.996711137,0.990053823,0.796329114,DERMASON
663.692,1.518418822,0.897473455,0.998546286,0.987971861,0.734439931,DERMASON
652.535,1.473178978,0.928455216,0.996982975,0.990024231,0.772422598,DERMASON
666.041,1.445384217,0.891295818,0.997040488,0.985405575,0.744886364,DERMASON
665.716,1.574729461,0.892336416,0.994644266,0.987325093,0.80131388,DERMASON
651.089,1.486087805,0.932909876,0.997893237,0.989218583,0.730270333,DERMASON
685.062,1.581614701,0.842702826,0.997988024,0.985193301,0.696252378,DERMASON
669.924,1.437951906,0.881217541,0.997835494,0.985594388,0.783294756,DERMASON
670.479,1.589430796,0.879787214,0.998562334,0.989966029,0.762981818,DERMASON
658.092,1.390098036,0.913276705,0.998518536,0.98655341,0.789975654,DERMASON
670.537,1.616935989,0.879802714,0.995240009,0.98482668,0.779453276,DERMASON
658.189,1.459099421,0.913384634,0.997205112,0.988634223,0.786217228,DERMASON
661.651,1.511404348,0.903994838,0.997535436,0.98474094,0.70735816,DERMASON
650.262,1.389874639,0.935967861,0.998185468,0.991343763,0.733442012,DERMASON
651.736,1.426719962,0.931768566,0.997878159,0.988885051,0.712911404,DERMASON
664.096,1.399081921,0.897464597,0.997784434,0.988606403,0.728085992,DERMASON
677.257,1.648096828,0.862950406,0.996856884,0.984866487,0.690004162,DERMASON
660.822,1.576411394,0.906437041,0.99681551,0.987491379,0.72846901,DERMASON
656.192,1.352308189,0.919448662,0.997871844,0.986627834,0.735702777,DERMASON
644.759,1.34154484,0.95240593,0.997460732,0.991846628,0.824920145,DERMASON
652.328,1.481530997,0.930550634,0.998569058,0.991910098,0.802153603,DERMASON
673.38,1.615053262,0.873303911,0.993374964,0.985458298,0.80217906,DERMASON
657.536,1.458410532,0.916013523,0.997342548,0.988489164,0.799188538,DERMASON
660.29,1.433517825,0.908445913,0.996970791,0.985645933,0.799705673,DERMASON
650.724,1.389861608,0.935351541,0.997308362,0.990229036,0.780999108,DERMASON
657.536,1.419591293,0.916129783,0.996797068,0.989017885,0.821346675,DERMASON
674.54,1.580585574,0.870551432,0.996774533,0.986325803,0.797515434,DERMASON
660.996,1.413672457,0.906592638,0.997022628,0.989266547,0.711567114,DERMASON
651.28,1.31646453,0.933962579,0.997418239,0.990355617,0.728228228,DERMASON
653.782,1.368844475,0.927092374,0.997852831,0.988340751,0.81256442,DERMASON
655.093,1.449395314,0.923385413,0.998077006,0.988743611,0.733263574,DERMASON
671.57,1.393063714,0.878630657,0.99814025,0.986084618,0.804110567,DERMASON
667.291,1.661907526,0.889991658,0.997289729,0.990887953,0.693998812,DERMASON
658.951,1.412009775,0.912749367,0.992392152,0.986889042,0.813384913,DERMASON
664.515,1.533997182,0.897585328,0.997709388,0.988312339,0.81289142,DERMASON
657.103,1.550552656,0.918006931,0.997293438,0.989957003,0.698564911,DERMASON
656.453,1.454848893,0.920263212,0.99039583,0.983636194,0.80120849,DERMASON
667.512,1.593990334,0.8900229,0.995781383,0.988442384,0.792595941,DERMASON
651.027,1.366417729,0.935755996,0.996817192,0.990739578,0.808737988,DERMASON
670.206,1.553193072,0.882966032,0.995981177,0.985757566,0.753857546,DERMASON
662.797,1.607071298,0.902873843,0.996586475,0.988320391,0.7828125,DERMASON
662.214,1.532547453,0.905123371,0.995625914,0.987618035,0.705517087,DERMASON
649.12,1.371842722,0.942127128,0.998667649,0.990033847,0.752339899,DERMASON
652.992,1.432581553,0.931282035,0.998482955,0.989324066,0.722979775,DERMASON
653.394,1.41107563,0.930165882,0.997959591,0.990130342,0.785664562,DERMASON
666.526,1.606381214,0.8938744,0.996282827,0.988427012,0.789748588,DERMASON
663.947,1.435372648,0.900917642,0.997526471,0.98651517,0.77784888,DERMASON
664.008,1.435064775,0.900866126,0.996899496,0.988460456,0.699292035,DERMASON
655.395,1.517605268,0.924787287,0.996589881,0.991593212,0.801394347,DERMASON
665.691,1.426308254,0.896430174,0.997031267,0.987535535,0.800141743,DERMASON
661.607,1.480009541,0.907703638,0.996123803,0.98735284,0.782139765,DERMASON
656.817,1.432506922,0.921020348,0.998122556,0.988340835,0.776231158,DERMASON
659.514,1.567107813,0.913589628,0.998023523,0.991907152,0.80328202,DERMASON
669.98,1.630525025,0.885437512,0.99730765,0.988189714,0.668866049,DERMASON
662.682,1.623260885,0.90507585,0.99775406,0.990200989,0.753986984,DERMASON
654.544,1.42336994,0.927868181,0.99797719,0.990512572,0.753029113,DERMASON
671.317,1.611552552,0.882165092,0.996379093,0.986344505,0.718467548,DERMASON
669.447,1.465778391,0.887156447,0.998096684,0.984503843,0.773607511,DERMASON
663.311,1.62533401,0.903645757,0.99862521,0.990359032,0.749988148,DERMASON
662.474,1.490091264,0.906073781,0.994991398,0.986747326,0.791416567,DERMASON
657.728,1.422644052,0.919342199,0.997147412,0.988722274,0.784945437,DERMASON
658.449,1.570206252,0.917387916,0.998479512,0.991075902,0.752144673,DERMASON
681.395,1.395694697,0.856669167,0.996021424,0.984969659,0.790430526,DERMASON
662.913,1.521187573,0.905160076,0.996462783,0.98875492,0.771898166,DERMASON
656.165,1.527175313,0.92393151,0.998340638,0.991915774,0.796036915,DERMASON
658.62,1.487065055,0.917085424,0.996829969,0.988385526,0.783104515,DERMASON
655.92,1.464166639,0.924680272,0.996587281,0.990457717,0.712680939,DERMASON
654.589,1.478213384,0.928473795,0.998058362,0.990612973,0.726890756,DERMASON
653.783,1.42441684,0.930852697,0.997737458,0.988387338,0.80140731,DERMASON
663.263,1.602469713,0.904462121,0.998460333,0.991327489,0.713644969,DERMASON
664.154,1.533028484,0.902036975,0.995696139,0.98712433,0.773872663,DERMASON
654.114,1.478996729,0.93005771,0.997996369,0.992136099,0.79127936,DERMASON
664.884,1.502340981,0.900398418,0.996133774,0.988854895,0.725226669,DERMASON
653.568,1.34907852,0.931847678,0.99727819,0.98953452,0.786995627,DERMASON
664.989,1.558758224,0.900369854,0.995802278,0.987994637,0.744629847,DERMASON
665.122,1.474505225,0.900151838,0.996584911,0.988181365,0.758182601,DERMASON
658.62,1.510187369,0.918099355,0.998895088,0.99056073,0.792181173,DERMASON
645.0,1.289127283,0.957554269,0.998633601,0.990965927,0.799561138,DERMASON
655.576,1.412275607,0.927054416,0.997915658,0.990224554,0.809322034,DERMASON
667.611,1.618157028,0.893959922,0.995943501,0.986926884,0.714282496,DERMASON
657.969,1.430525771,0.920700727,0.997553176,0.989981273,0.726749914,DERMASON
653.388,1.446146973,0.933656323,0.998698347,0.992397222,0.733166909,DERMASON
660.858,1.519263941,0.912697244,0.997642489,0.989518343,0.697909791,DERMASON
658.802,1.360248076,0.918547621,0.994800473,0.988564128,0.773893741,DERMASON
662.045,1.514663473,0.909943443,0.996609737,0.989493375,0.729407979,DERMASON
660.531,1.561412679,0.914321192,0.998156965,0.989218161,0.81141528,DERMASON
661.676,1.444907776,0.911188251,0.997536235,0.988171574,0.723209404,DERMASON
669.002,1.447082252,0.891341328,0.994626172,0.987925562,0.696764848,DERMASON
661.724,1.512160604,0.911199556,0.995696509,0.987743039,0.731724742,DERMASON
655.887,1.42841634,0.927665247,0.997191895,0.988421675,0.731054328,DERMASON
661.245,1.460424573,0.912778823,0.994576001,0.989963219,0.716962391,DERMASON
662.124,1.517271776,0.910414247,0.996222491,0.989193061,0.708561995,DERMASON
676.731,1.680157019,0.871563905,0.996947771,0.988024138,0.765373494,DERMASON
666.528,1.509612978,0.898592815,0.992966406,0.985145905,0.719481814,DERMASON
650.151,1.393967969,0.944522437,0.99754548,0.991542351,0.811333282,DERMASON
660.047,1.51030123,0.916614455,0.998082425,0.99142046,0.713214831,DERMASON
655.759,1.425327181,0.928787223,0.997631569,0.986681982,0.799934562,DERMASON
663.765,1.418706353,0.906574257,0.997639025,0.985978844,0.784291954,DERMASON
669.267,1.610571071,0.891757807,0.997871954,0.987848463,0.736196035,DERMASON
662.569,1.499811414,0.909993242,0.996626869,0.989140919,0.710486322,DERMASON
670.637,1.512557924,0.888341627,0.998174911,0.985952182,0.765143311,DERMASON
664.7,1.511874537,0.904310005,0.997307975,0.986442045,0.733330258,DERMASON
656.833,1.340652944,0.926160133,0.996456746,0.988282464,0.781253071,DERMASON
660.093,1.446378175,0.917294235,0.997803089,0.987150838,0.759310542,DERMASON
674.077,1.507372632,0.879878638,0.991652556,0.980491864,0.799934627,DERMASON
670.763,1.504565138,0.888678237,0.998205984,0.987676548,0.70747543,DERMASON
665.261,1.527324383,0.903608903,0.997940995,0.988906498,0.784615385,DERMASON
658.671,1.32676146,0.921925384,0.997095145,0.985967412,0.739040587,DERMASON
649.59,1.361833801,0.948030729,0.997439781,0.989709311,0.792245284,DERMASON
658.144,1.352181781,0.923663516,0.997300261,0.987561649,0.741246042,DERMASON
679.808,1.5024276,0.865921604,0.998928991,0.983082765,0.745435393,DERMASON
657.514,1.405313525,0.925666924,0.99832675,0.989344186,0.743370682,DERMASON
655.786,1.480208601,0.930668509,0.996817919,0.989099717,0.776980874,DERMASON
662.154,1.378475435,0.912882585,0.997855181,0.986862897,0.729540301,DERMASON
664.685,1.562069492,0.906057411,0.998575895,0.99023905,0.718360996,DERMASON
664.41,1.601719656,0.907063803,0.998003826,0.989964893,0.797118127,DERMASON
658.384,1.441136079,0.923859941,0.997867786,0.989105807,0.709202181,DERMASON
659.448,1.483762613,0.920938898,0.998690064,0.991013402,0.783624293,DERMASON
665.463,1.541712979,0.904479244,0.998571752,0.989906519,0.7001274,DERMASON
666.153,1.503261137,0.902691453,0.99804866,0.988587378,0.776276057,DERMASON
673.251,1.5427042,0.883757866,0.998782515,0.987790896,0.720091262,DERMASON
667.718,1.594787849,0.898493134,0.997772363,0.989631193,0.757827172,DERMASON
659.67,1.492134556,0.920579047,0.9960158,0.990707937,0.813156821,DERMASON
665.703,1.539948637,0.904054044,0.998221472,0.989509621,0.708362958,DERMASON
666.0,1.52713145,0.903304567,0.995656146,0.987824147,0.702910053,DERMASON
665.098,1.520268186,0.905756336,0.998245355,0.988835132,0.779178886,DERMASON
660.655,1.540816171,0.918152732,0.99766976,0.989143921,0.801961524,DERMASON
661.977,1.452463917,0.914489203,0.998760879,0.989389427,0.793579694,DERMASON
674.109,1.43476262,0.881979728,0.997829193,0.986605624,0.783674873,DERMASON
658.995,1.424024174,0.923102489,0.996907629,0.986425479,0.744098712,DERMASON
663.989,1.540996131,0.909383026,0.996848797,0.990223464,0.753898866,DERMASON
663.923,1.475851672,0.909649362,0.997240286,0.988261529,0.764739718,DERMASON
654.952,1.464059855,0.934885773,0.998211508,0.990441017,0.741972984,DERMASON
661.896,1.434650306,0.915516174,0.997093635,0.988265164,0.761148471,DERMASON
663.202,1.461900814,0.911971134,0.996761243,0.987807142,0.799398948,DERMASON
657.459,1.448732583,0.928292911,0.998191664,0.990292768,0.717357117,DERMASON
662.028,1.418438116,0.915724565,0.997551875,0.987050715,0.735187146,DERMASON
671.661,1.564540244,0.889757599,0.994611394,0.986290372,0.811534553,DERMASON
656.148,1.356305851,0.932414756,0.999141284,0.989622057,0.771283017,DERMASON
659.25,1.50026196,0.923718558,0.998720422,0.990144119,0.780413328,DERMASON
662.338,1.47686979,0.915297253,0.997584877,0.987850121,0.716370729,DERMASON
658.228,1.415553862,0.926792242,0.997825273,0.987484162,0.724055107,DERMASON
681.223,1.673935797,0.865387965,0.996906689,0.985597533,0.743071057,DERMASON
673.383,1.563942921,0.885711612,0.995530464,0.985902459,0.723126004,DERMASON
660.177,1.3002674,0.921674091,0.996298753,0.98898583,0.742635443,DERMASON
698.587,1.560318295,0.823108639,0.9963076,0.979230486,0.742066532,DERMASON
657.309,1.393199137,0.929763702,0.998271814,0.98758071,0.730941601,DERMASON
661.829,1.45605111,0.917250764,0.99622519,0.989202067,0.799180123,DERMASON
663.164,1.578016347,0.913561489,0.997340907,0.990704016,0.740915832,DERMASON
662.731,1.506224148,0.914898698,0.995216277,0.987554046,0.758108108,DERMASON
659.38,1.473304899,0.924250346,0.994923602,0.988867586,0.800190176,DERMASON
663.916,1.523401599,0.911863745,0.996723071,0.985670262,0.711805942,DERMASON
666.561,1.557434672,0.904811018,0.997492038,0.987833874,0.757416483,DERMASON
651.759,1.383462149,0.946405338,0.995887987,0.992400037,0.763750955,DERMASON
664.928,1.382328523,0.909289157,0.996302731,0.988597386,0.809903547,DERMASON
666.65,1.448239009,0.904710822,0.996765854,0.987012987,0.766848816,DERMASON
657.739,1.474360431,0.929448885,0.998319251,0.989333086,0.722465568,DERMASON
672.26,1.581173039,0.889785451,0.991292526,0.987105929,0.712441001,DERMASON
664.004,1.600224224,0.912049587,0.997112899,0.99135661,0.777831794,DERMASON
662.99,1.546980978,0.915013094,0.997107144,0.991143317,0.724872039,DERMASON
669.355,1.501615883,0.898030404,0.997080405,0.984654181,0.795280676,DERMASON
683.425,1.751302437,0.861542278,0.998341163,0.988913252,0.702052092,DERMASON
689.007,1.723723792,0.847718643,0.997609695,0.988609002,0.697211155,DERMASON
661.84,1.457035923,0.918769439,0.997450477,0.987603306,0.719410562,DERMASON
659.046,1.478067827,0.926720787,0.99721668,0.989343958,0.737497698,DERMASON
662.22,1.450172436,0.917887243,0.999086354,0.989466531,0.729824561,DERMASON
671.505,1.607077173,0.892734942,0.995977445,0.987058606,0.759549496,DERMASON
663.121,1.439430492,0.915451777,0.997488009,0.988764739,0.757090187,DERMASON
665.675,1.511537383,0.90849733,0.997893815,0.988124981,0.8054913,DERMASON
675.473,1.406468872,0.882387349,0.996361407,0.983575354,0.747259411,DERMASON
665.683,1.57241495,0.908645641,0.997375085,0.987061795,0.795876801,DERMASON
660.301,1.473982912,0.923576081,0.998402886,0.989990114,0.751677223,DERMASON
655.044,1.444359774,0.938576876,0.998695914,0.991921756,0.727206717,DERMASON
658.289,1.467351669,0.929375353,0.99534606,0.991155095,0.809318182,DERMASON
666.57,1.518387307,0.906511819,0.993645533,0.987948094,0.734783705,DERMASON
675.892,1.726190533,0.881678775,0.99457829,0.986974596,0.687929258,DERMASON
666.875,1.618705059,0.905739323,0.996347638,0.989382061,0.753467162,DERMASON
665.963,1.494234963,0.908250077,0.997315295,0.989351852,0.809899189,DERMASON
670.265,1.639936708,0.896796375,0.997790436,0.990056511,0.768406672,DERMASON
653.995,1.383592215,0.94197217,0.997704653,0.989201197,0.71913061,DERMASON
665.567,1.343649849,0.909529757,0.992228074,0.985340668,0.809299038,DERMASON
670.251,1.601064285,0.897113567,0.997225149,0.991988865,0.713545143,DERMASON
655.934,1.436556402,0.9368494,0.998310593,0.989480828,0.786176471,DERMASON
663.532,1.546478041,0.916030571,0.997873065,0.990311034,0.800748503,DERMASON
654.85,1.331448323,0.940774088,0.997776668,0.990130767,0.787345187,DERMASON
695.762,1.569541453,0.833414644,0.995008858,0.981324123,0.716933521,DERMASON
669.826,1.45295893,0.89926065,0.999158046,0.987603814,0.794904806,DERMASON
662.945,1.542633645,0.918053772,0.997299668,0.990315218,0.781844303,DERMASON
674.896,1.610657075,0.885938369,0.993299382,0.988396073,0.808438861,DERMASON
681.315,1.707767402,0.869323296,0.990775703,0.984125038,0.747346863,DERMASON
664.224,1.472303594,0.914777994,0.996950311,0.989829568,0.718613653,DERMASON
663.45,1.433748123,0.91731334,0.996738661,0.986763712,0.794142363,DERMASON
672.234,1.594787462,0.893663969,0.997169184,0.989104675,0.728730159,DERMASON
665.691,1.540457019,0.9113461,0.997005839,0.990049598,0.795278513,DERMASON
663.94,1.518347678,0.916273429,0.998122183,0.989502201,0.779464546,DERMASON
658.745,1.44778817,0.930811218,0.998929556,0.990386689,0.778884366,DERMASON
669.928,1.531471929,0.900050826,0.997430813,0.990265241,0.734105234,DERMASON
671.343,1.573810262,0.896316486,0.998532086,0.990082848,0.710823659,DERMASON
683.765,1.60089889,0.864152948,0.996490552,0.989901167,0.704262683,DERMASON
654.489,1.386539711,0.943220332,0.998970213,0.990816641,0.729334906,DERMASON
675.913,1.405410572,0.884374595,0.998499777,0.987075185,0.765706121,DERMASON
655.638,1.400374192,0.939917257,0.99855733,0.990236841,0.769923372,DERMASON
675.195,1.528187927,0.886614816,0.998256769,0.986474882,0.702599388,DERMASON
687.458,1.594219808,0.855265747,0.995739091,0.984211009,0.771972352,DERMASON
663.09,1.402092186,0.919367119,0.997124536,0.987657353,0.727535904,DERMASON
679.084,1.608021812,0.876652405,0.995461411,0.988447476,0.679745605,DERMASON
667.081,1.500026189,0.908709913,0.997702546,0.98924037,0.802508853,DERMASON
678.671,1.682038602,0.878074368,0.996475936,0.987814984,0.731188659,DERMASON
671.257,1.485662454,0.897633838,0.997568758,0.988149331,0.76485825,DERMASON
667.621,1.494562186,0.90746605,0.997645864,0.987876742,0.73180547,DERMASON
663.51,1.465656819,0.918831542,0.997965669,0.988666728,0.734931507,DERMASON
662.941,1.546854247,0.920952746,0.998058512,0.990314844,0.710325512,DERMASON
671.846,1.497386527,0.896756638,0.995884461,0.989281327,0.737532628,DERMASON
666.867,1.547865405,0.910253973,0.997751698,0.989616294,0.744017923,DERMASON
662.963,1.410204372,0.92103458,0.99863735,0.988675076,0.78494152,DERMASON
660.801,1.485965112,0.927128854,0.99808903,0.990012599,0.711013021,DERMASON
667.032,1.448714632,0.909916673,0.997390344,0.988372806,0.781283345,DERMASON
667.427,1.495080453,0.908952808,0.99317823,0.988950615,0.827091408,DERMASON
664.072,1.483028775,0.91818886,0.997940374,0.989619165,0.781158331,DERMASON
665.138,1.487743889,0.915503742,0.997091771,0.988954006,0.797303649,DERMASON
668.892,1.488327572,0.905340736,0.990918015,0.984124076,0.781695606,DERMASON
664.568,1.568438342,0.917330949,0.99853668,0.990537053,0.761023511,DERMASON
667.081,1.507039173,0.910460744,0.994753345,0.988896727,0.75148591,DERMASON
674.342,1.560163841,0.891042373,0.996876268,0.988230967,0.801093168,DERMASON
661.466,1.511912522,0.926155968,0.997295697,0.990113298,0.765598291,DERMASON
679.625,1.655103429,0.877597033,0.997238128,0.984706026,0.802572651,DERMASON
665.909,1.538614549,0.914206822,0.99854427,0.990117243,0.73649605,DERMASON
672.442,1.413511266,0.896779576,0.995872379,0.986306813,0.709146449,DERMASON
661.624,1.406491661,0.926431352,0.997696563,0.986669928,0.732206466,DERMASON
669.447,1.563748661,0.904961825,0.998409127,0.9880905,0.77151463,DERMASON
655.523,1.330320823,0.943873303,0.997099337,0.99072994,0.730226244,DERMASON
670.977,1.527703924,0.900979001,0.998028868,0.988273835,0.757189772,DERMASON
673.37,1.605632783,0.894697497,0.99713259,0.989820635,0.710328287,DERMASON
675.327,1.531861914,0.889519603,0.996289848,0.98580066,0.743985066,DERMASON
675.375,1.508815644,0.889393168,0.997137471,0.985469642,0.815042036,DERMASON
675.377,1.646353989,0.88941545,0.998058839,0.987278287,0.726871552,DERMASON
666.679,1.44806716,0.913453381,0.996278048,0.988344703,0.738637403,DERMASON
663.884,1.483863564,0.921332053,0.997390708,0.989496892,0.709013516,DERMASON
663.808,1.436608392,0.921742662,0.998970786,0.989317417,0.763187721,DERMASON
664.437,1.426417046,0.920055252,0.998803321,0.988712835,0.728783369,DERMASON
657.561,1.291854441,0.939775385,0.996713617,0.987479387,0.798124152,DERMASON
664.289,1.467083529,0.920949375,0.998551925,0.989717224,0.730055533,DERMASON
671.458,1.533949291,0.901416707,0.993929903,0.989202912,0.700871186,DERMASON
658.68,1.324462634,0.93687466,0.99793657,0.98850926,0.776987749,DERMASON
660.673,1.514750581,0.931288373,0.998950373,0.991205761,0.763753128,DERMASON
672.437,1.614768107,0.899099579,0.997517213,0.987937826,0.685801501,DERMASON
661.076,1.460911463,0.930440816,0.99710027,0.989722885,0.81411966,DERMASON
659.906,1.429819104,0.933800759,0.996849826,0.989693244,0.713278081,DERMASON
664.346,1.443976723,0.92144621,0.997784179,0.988394466,0.75227801,DERMASON
666.115,1.451143191,0.916558544,0.998034731,0.989089242,0.736258986,DERMASON
664.498,1.388031774,0.921053167,0.994498435,0.989059348,0.704576131,DERMASON
657.952,1.378205818,0.940052118,0.998623787,0.990003363,0.755840822,DERMASON
671.284,1.480511054,0.903138973,0.998041452,0.98674629,0.71190539,DERMASON
670.025,1.531107221,0.906648186,0.998458893,0.988917046,0.804500633,DERMASON
685.704,1.610673125,0.865874,0.998238581,0.987412758,0.751014164,DERMASON
662.788,1.483799621,0.926870382,0.995756581,0.989041514,0.805554174,DERMASON
675.291,1.632812864,0.893003926,0.997779395,0.989919355,0.807485299,DERMASON
674.039,1.59635811,0.896379763,0.996870765,0.988621458,0.708913923,DERMASON
667.503,1.494457883,0.914301933,0.995792601,0.989047198,0.7797662,DERMASON
657.609,1.437495304,0.942456881,0.998653563,0.991743877,0.722596025,DERMASON
667.506,1.484737236,0.91494239,0.99478982,0.989266002,0.721199591,DERMASON
655.38,1.368026544,0.949346631,0.999021461,0.989509956,0.798155208,DERMASON
672.456,1.525052805,0.901938889,0.997486941,0.987164669,0.772909126,DERMASON
670.787,1.452857961,0.906460669,0.998097007,0.989935035,0.718965976,DERMASON
674.691,1.497509739,0.896249269,0.997289223,0.988340589,0.722558533,DERMASON
667.636,1.411920861,0.9153755,0.994581168,0.98900396,0.745026502,DERMASON
665.816,1.488961939,0.920528408,0.998662571,0.99000061,0.787515763,DERMASON
658.17,1.381546447,0.942243369,0.997222146,0.991332214,0.746723987,DERMASON
674.716,1.481947267,0.896707324,0.992762211,0.989250259,0.743806384,DERMASON
664.733,1.468127956,0.924070691,0.9983224,0.988680968,0.794158622,DERMASON
658.39,1.319505638,0.941961652,0.998640236,0.989825449,0.779077853,DERMASON
662.962,1.427495435,0.929157264,0.994920143,0.989857147,0.773946178,DERMASON
667.023,1.450187056,0.917990805,0.994711927,0.98961727,0.776630824,DERMASON
663.69,1.481336996,0.927291172,0.997816268,0.989949443,0.80761299,DERMASON
674.634,1.535007968,0.897532752,0.997488606,0.98856552,0.743017143,DERMASON
674.073,1.510938988,0.899054981,0.996295898,0.986555795,0.700452489,DERMASON
669.446,1.553541136,0.9115259,0.998400808,0.989589041,0.778727991,DERMASON
678.937,1.752424202,0.88687349,0.996097326,0.991919993,0.675722832,DERMASON
665.734,1.46662161,0.922598174,0.99809382,0.988696788,0.779507941,DERMASON
669.703,1.541803012,0.911723027,0.998062261,0.988486892,0.792363698,DERMASON
675.258,1.418099346,0.896811735,0.989829609,0.98436082,0.811982234,DERMASON
661.061,1.398735949,0.936176707,0.998338499,0.990929567,0.787384816,DERMASON
668.245,1.476868624,0.916184221,0.996359379,0.988853116,0.821938904,DERMASON
675.095,1.477737462,0.898099609,0.996352316,0.987179876,0.754820171,DERMASON
667.271,1.422881031,0.919509971,0.994434403,0.990966329,0.791929995,DERMASON
681.46,1.639209138,0.881779868,0.996723695,0.988263124,0.817142284,DERMASON
667.255,1.455488426,0.919779865,0.998309735,0.989764617,0.75962704,DERMASON
667.619,1.532761822,0.91891814,0.997593852,0.989165402,0.74583524,DERMASON
669.871,1.388997275,0.912778016,0.996489635,0.99042815,0.736987293,DERMASON
673.72,1.494818006,0.902544417,0.996709488,0.984656276,0.798549873,DERMASON
666.726,1.3888643,0.921607505,0.994916101,0.988718042,0.771037321,DERMASON
679.047,1.255690715,0.88865739,0.992175242,0.982553409,0.801573255,DERMASON
668.679,1.390207478,0.916456754,0.997376224,0.988331212,0.756238404,DERMASON
674.388,1.600679147,0.901254663,0.996349949,0.98887373,0.707303322,DERMASON
668.9,1.529556046,0.91613213,0.995498385,0.988065308,0.794345412,DERMASON
657.383,1.352233044,0.948542693,0.999004119,0.989954781,0.757617986,DERMASON
672.076,1.572411212,0.907605223,0.996632497,0.989325246,0.814190876,DERMASON
669.461,1.557308328,0.914737553,0.994819901,0.990196376,0.684343011,DERMASON
671.854,1.553750651,0.908232959,0.99788328,0.988486244,0.784607985,DERMASON
672.253,1.531374168,0.907210771,0.998299478,0.989926573,0.696244131,DERMASON
680.271,1.629482368,0.886086934,0.998284319,0.98869834,0.803600453,DERMASON
671.953,1.345718408,0.908160174,0.995133974,0.987740647,0.753324407,DERMASON
706.803,1.565858327,0.820987668,0.992368661,0.981269354,0.730516138,DERMASON
662.16,1.369458373,0.935450527,0.99699557,0.988551352,0.791824357,DERMASON
666.762,1.383466654,0.922638639,0.997670951,0.98747542,0.727781494,DERMASON
676.774,1.406773813,0.895926166,0.995497438,0.985484066,0.765525002,DERMASON
677.007,1.545509216,0.895912764,0.996624098,0.99012211,0.703639104,DERMASON
670.794,1.529681729,0.91272543,0.99925442,0.989284417,0.771074673,DERMASON
667.306,1.510797031,0.922376636,0.99788713,0.991987617,0.744193989,DERMASON
670.674,1.528293521,0.91313589,0.99745811,0.987402574,0.711022646,DERMASON
673.271,1.496690314,0.906299077,0.995941649,0.987017692,0.717401799,DERMASON
662.07,1.496240402,0.937396299,0.998802653,0.992291818,0.787979564,DERMASON
654.784,1.286908024,0.958461738,0.995403853,0.991149638,0.785892814,DERMASON
660.328,1.356310057,0.94257924,0.997844317,0.991150979,0.745079278,DERMASON
666.13,1.511079872,0.926259316,0.997849612,0.990250992,0.781865557,DERMASON
657.63,1.303011709,0.95038729,0.998429111,0.989741883,0.756079519,DERMASON
680.721,1.613253729,0.887003954,0.995362585,0.983788011,0.698888889,DERMASON
666.213,1.46610236,0.926226724,0.999137089,0.989055509,0.766351199,DERMASON
665.104,1.344149564,0.929460133,0.997541472,0.987504904,0.808275692,DERMASON
672.774,1.563713357,0.908499259,0.997702561,0.99094543,0.701608062,DERMASON
679.264,1.563679788,0.891412404,0.997284202,0.98858282,0.718282968,DERMASON
669.66,1.377875214,0.917360477,0.997667406,0.988674801,0.801827177,DERMASON
664.125,1.45192288,0.93282923,0.998585443,0.990560615,0.730173952,DERMASON
693.638,1.621950728,0.855189928,0.997512574,0.983568639,0.763240093,DERMASON
665.157,1.444312771,0.930050492,0.998235061,0.988796956,0.724046434,DERMASON
676.089,1.564745294,0.900326778,0.998152508,0.98936588,0.717408925,DERMASON
688.667,1.472436763,0.867739489,0.996661725,0.983158211,0.718463429,DERMASON
679.57,1.621813714,0.891208444,0.999079031,0.989127809,0.710393892,DERMASON
687.218,1.751779455,0.871615475,0.997929243,0.989846795,0.807140745,DERMASON
660.823,1.382935593,0.94303814,0.998398375,0.988030632,0.764962652,DERMASON
664.31,1.347224862,0.933192479,0.997853511,0.989044817,0.772341629,DERMASON
681.677,1.591694999,0.886248531,0.996834913,0.98586126,0.762139535,DERMASON
679.529,1.499053228,0.891914701,0.997473419,0.987704177,0.726052282,DERMASON
686.128,1.621096054,0.874867491,0.995635942,0.985151342,0.700320513,DERMASON
663.22,1.382721788,0.93649095,0.998529769,0.990063125,0.750440695,DERMASON
674.424,1.619335083,0.905661755,0.996737663,0.990751655,0.793075918,DERMASON
666.759,1.511057628,0.926632518,0.998835673,0.990452595,0.768502239,DERMASON
666.81,1.457628757,0.926716877,0.998300936,0.989916677,0.756960155,DERMASON
670.372,1.499575641,0.916922843,0.998851588,0.989439063,0.785413174,DERMASON
665.443,1.443816858,0.930641756,0.997192671,0.989828258,0.787843844,DERMASON
678.471,1.489726475,0.895326431,0.996702507,0.986850815,0.709507842,DERMASON
661.676,1.27678071,0.941383237,0.99576949,0.987534626,0.738860104,DERMASON
674.253,1.463564903,0.90661874,0.998550492,0.988815194,0.727250554,DERMASON
661.531,1.274205492,0.941996969,0.994784662,0.989831634,0.778144124,DERMASON
660.821,1.335973566,0.944079812,0.998179859,0.989474002,0.766089109,DERMASON
667.916,1.44495499,0.924213696,0.998316236,0.990221525,0.770911654,DERMASON
678.112,1.54099145,0.897012528,0.997400619,0.988883198,0.804036841,DERMASON
676.327,1.653558178,0.901808612,0.998286207,0.990824027,0.815593321,DERMASON
670.5,1.363213436,0.917914485,0.992918485,0.989424525,0.718640581,DERMASON
676.94,1.423180012,0.900724547,0.991620497,0.987463548,0.747077287,DERMASON
665.889,1.271277184,0.931010924,0.993846071,0.986842501,0.782166667,DERMASON
686.741,1.647405996,0.875384686,0.997043673,0.985452037,0.698881042,DERMASON
662.223,1.352040505,0.941404732,0.997506402,0.989488585,0.720460526,DERMASON
681.72,1.537751958,0.888353967,0.998140803,0.988893237,0.708304588,DERMASON
669.885,1.46464694,0.920132738,0.9982066,0.98981805,0.765207266,DERMASON
675.504,1.518847763,0.904916186,0.997116559,0.98758716,0.718700787,DERMASON
672.026,1.527377597,0.914362672,0.997912282,0.989491117,0.806404908,DERMASON
669.786,1.430539944,0.921049031,0.997675484,0.989318811,0.782154666,DERMASON
667.373,1.406220772,0.927834347,0.997900767,0.989052302,0.724977954,DERMASON
673.097,1.504211451,0.912148623,0.996261914,0.988844454,0.698438993,DERMASON
671.261,1.512269964,0.917173063,0.997598122,0.988666426,0.754358198,DERMASON
682.943,1.482679346,0.886306718,0.998892462,0.986416384,0.78638363,DERMASON
678.629,1.448723702,0.897638208,0.995262771,0.989056252,0.726411553,DERMASON
676.984,1.422387382,0.90203326,0.996528364,0.988046612,0.705239239,DERMASON
668.662,1.370547208,0.924794577,0.996294761,0.989772591,0.799145092,DERMASON
669.371,1.439548233,0.923032848,0.997448145,0.989447417,0.808048319,DERMASON
670.212,1.472670327,0.920773761,0.996051328,0.99099723,0.695511601,DERMASON
681.518,1.643866769,0.890531041,0.994536823,0.989924812,0.836042672,DERMASON
677.844,1.576224392,0.900566328,0.999020114,0.990107346,0.69288555,DERMASON
680.297,1.536829048,0.894083552,0.991691895,0.98072971,0.762716576,DERMASON
682.129,1.596828206,0.889341519,0.997903636,0.986696231,0.683904465,DERMASON
703.18,1.594399619,0.836915793,0.996675553,0.982193987,0.736826796,DERMASON
674.619,1.531596985,0.90952852,0.998253455,0.988981295,0.712663075,DERMASON
695.209,1.549181428,0.856477329,0.998283312,0.984636078,0.728767063,DERMASON
674.93,1.453706868,0.908745685,0.998631751,0.987233277,0.77854982,DERMASON
673.88,1.417972686,0.911579799,0.997436791,0.988151303,0.727581942,DERMASON
683.82,1.595548211,0.885485972,0.999500319,0.989519205,0.766136533,DERMASON
677.454,1.43064065,0.902233275,0.998717517,0.987355047,0.7195327,DERMASON
672.77,1.496998175,0.914840176,0.996888654,0.98910368,0.788829838,DERMASON
713.957,1.476053456,0.81235813,0.995589872,0.985436167,0.783899515,DERMASON
675.085,1.587567,0.908631745,0.996638013,0.990531442,0.811910218,DERMASON
680.96,1.537191418,0.89318349,0.992501695,0.986087841,0.723245046,DERMASON
666.479,1.429152659,0.932475229,0.998884509,0.991755679,0.778299882,DERMASON
685.637,1.571459372,0.881173195,0.997497321,0.988633296,0.794389821,DERMASON
685.483,1.498855598,0.881890087,0.995815849,0.987039421,0.710490595,DERMASON
666.811,1.485184593,0.932083895,0.998765048,0.990598624,0.727328864,DERMASON
670.713,1.434209523,0.921549635,0.99838623,0.988968164,0.742349235,DERMASON
670.474,1.407217259,0.922262659,0.997397935,0.989888686,0.730655091,DERMASON
662.061,1.311768699,0.945965173,0.996762405,0.988348061,0.808091693,DERMASON
671.799,1.49828014,0.918990231,0.997045114,0.988676871,0.710885672,DERMASON
679.242,1.485134803,0.899232721,0.99628269,0.987645088,0.702521545,DERMASON
664.025,1.464039011,0.941061642,0.998249273,0.992038456,0.717857298,DERMASON
677.312,1.563934053,0.904666066,0.997553673,0.989602373,0.756089744,DERMASON
694.109,1.733941876,0.861489399,0.997089359,0.986470342,0.758920981,DERMASON
678.063,1.647803519,0.902963871,0.996142263,0.990406811,0.820835818,DERMASON
669.803,1.374620754,0.925651966,0.999283969,0.989105384,0.775896882,DERMASON
680.429,1.357357902,0.89702089,0.996168726,0.986390091,0.756685594,DERMASON
685.698,1.571317352,0.883501999,0.990416449,0.979698892,0.755260573,DERMASON
669.728,1.482215129,0.926223511,0.99773053,0.988695496,0.794253315,DERMASON
670.729,1.401724323,0.923544769,0.997471147,0.989228974,0.794325389,DERMASON
673.337,1.491425999,0.916487542,0.99837558,0.989822188,0.710913313,DERMASON
667.14,1.46910836,0.933677654,0.997288337,0.989201316,0.785841591,DERMASON
672.799,1.334394052,0.918231469,0.995486521,0.988198739,0.729478188,DERMASON
686.259,1.592044158,0.882591765,0.995025283,0.985607867,0.750045351,DERMASON
674.229,1.539419535,0.914534076,0.998818764,0.989679311,0.713026424,DERMASON
665.894,1.392130496,0.93782688,0.997448641,0.990689459,0.725701754,DERMASON
672.63,1.538202006,0.919248448,0.997024024,0.991759312,0.793802317,DERMASON
673.502,1.498755191,0.917063564,0.997371668,0.988916771,0.738576528,DERMASON
687.923,1.595602792,0.879044129,0.998171359,0.985560749,0.745132464,DERMASON
671.869,1.415120757,0.921638241,0.995990054,0.988091685,0.798682814,DERMASON
675.923,1.533837559,0.910698446,0.998443843,0.990427759,0.742859707,DERMASON
683.142,1.579254632,0.891633587,0.998041537,0.988418256,0.760274602,DERMASON
668.968,1.368651756,0.930042119,0.994959894,0.989395388,0.743957772,DERMASON
678.046,1.489739935,0.905414477,0.994279051,0.987832881,0.806314201,DERMASON
672.417,1.473642323,0.920720286,0.998582737,0.989456707,0.753662754,DERMASON
678.928,1.573889446,0.903227119,0.997942877,0.989250844,0.700458783,DERMASON
671.793,1.330844781,0.922542895,0.989747953,0.988365849,0.812556714,DERMASON
668.032,1.355658342,0.932988072,0.996110983,0.989635603,0.798866787,DERMASON
687.482,1.467904836,0.881209189,0.996824793,0.985782695,0.77745719,DERMASON
675.558,1.521283531,0.912591456,0.99766805,0.990170889,0.762346176,DERMASON
684.369,1.664910225,0.889324654,0.998656891,0.990053466,0.6881332,DERMASON
667.313,1.40227331,0.935592273,0.998073614,0.990292422,0.785416469,DERMASON
677.082,1.489632054,0.908789416,0.998212075,0.989671642,0.741584092,DERMASON
675.641,1.472912236,0.912890288,0.996367999,0.986465181,0.804200213,DERMASON
676.418,1.489548479,0.910821687,0.99775177,0.988140997,0.800729187,DERMASON
671.026,1.493806065,0.92557405,0.99781355,0.991153881,0.809060304,DERMASON
674.921,1.611618013,0.914921815,0.997994775,0.992548034,0.816751219,DERMASON
673.783,1.531334725,0.918042658,0.998505186,0.989586752,0.72087463,DERMASON
669.671,1.422065947,0.92937946,0.997480478,0.988436895,0.79818545,DERMASON
676.789,1.388096227,0.909987988,0.997412283,0.98632133,0.766700569,DERMASON
673.649,1.53716406,0.91857407,0.997081954,0.990534205,0.762294329,DERMASON
673.911,1.468083875,0.91797065,0.997076117,0.989973741,0.814174929,DERMASON
675.765,1.560458055,0.913023104,0.997812192,0.990595331,0.791672632,DERMASON
674.669,1.499490497,0.916129964,0.99589396,0.990035205,0.697142857,DERMASON
669.772,1.4141055,0.929631428,0.99590164,0.988060857,0.718311688,DERMASON
675.454,1.517401142,0.914167044,0.996983123,0.987415583,0.712751793,DERMASON
670.902,1.531815385,0.926614183,0.997967882,0.991338112,0.789504983,DERMASON
681.471,1.637397217,0.898095165,0.994690891,0.988798189,0.816221135,DERMASON
672.88,1.475488505,0.921229944,0.996961072,0.990510295,0.761354253,DERMASON
678.444,1.545215145,0.906263575,0.996948231,0.98818171,0.773812299,DERMASON
668.346,1.466692266,0.933883954,0.998085391,0.989360117,0.808337595,DERMASON
687.953,1.681980185,0.881463324,0.993937409,0.988535866,0.828045495,DERMASON
682.158,1.596697283,0.896638197,0.997789395,0.99004085,0.789532506,DERMASON
670.74,1.47479706,0.927424952,0.998293771,0.990749858,0.719115481,DERMASON
665.248,1.351264479,0.942942975,0.997848074,0.989098707,0.767655286,DERMASON
681.762,1.574644938,0.897815301,0.996826634,0.987980483,0.780079868,DERMASON
673.16,1.462632411,0.920990633,0.997524027,0.989895678,0.778322006,DERMASON
674.809,1.526035915,0.916522563,0.996783358,0.987746847,0.727025962,DERMASON
671.035,1.3574292,0.92686087,0.99678012,0.988070092,0.757953353,DERMASON
684.27,1.612164479,0.891380173,0.997069692,0.988188039,0.7276372,DERMASON
674.529,1.490429933,0.917366483,0.997563219,0.990191987,0.715640015,DERMASON
680.942,1.350068555,0.900304142,0.997081496,0.986634987,0.725961538,DERMASON
672.871,1.467993653,0.922059492,0.998228966,0.989692257,0.76111162,DERMASON
679.444,1.549260826,0.90433284,0.996970964,0.989044358,0.792566262,DERMASON
681.994,1.604084314,0.897663871,0.995753135,0.989693485,0.705473926,DERMASON
676.869,1.537920064,0.911336315,0.999019678,0.98978224,0.716602683,DERMASON
668.878,1.429225815,0.933382063,0.997847956,0.988753013,0.729517914,DERMASON
675.669,1.49060033,0.914906599,0.99855128,0.988549505,0.710745215,DERMASON
670.611,1.423879486,0.929095096,0.997462281,0.989936882,0.81567069,DERMASON
679.397,1.587697445,0.90535638,0.99605208,0.989584883,0.735404688,DERMASON
699.209,1.568341085,0.854828346,0.998443853,0.983527533,0.77630719,DERMASON
669.301,1.395347624,0.93301615,0.998180738,0.988292625,0.723043478,DERMASON
670.166,1.51159416,0.930665129,0.998303366,0.992332707,0.806351515,DERMASON
680.455,1.514199219,0.902787457,0.995644886,0.989528796,0.737560976,DERMASON
671.659,1.438407916,0.926810818,0.995787609,0.989472432,0.700477905,DERMASON
683.341,1.517687595,0.895420156,0.993320391,0.990032135,0.736568304,DERMASON
681.892,1.549712833,0.899256707,0.997822029,0.987798723,0.796982036,DERMASON
682.893,1.607209784,0.896810964,0.99827919,0.988828476,0.797569977,DERMASON
686.947,1.490104232,0.886257184,0.994081725,0.984907224,0.740087616,DERMASON
685.552,1.562675453,0.889974618,0.998104963,0.989711873,0.694305382,DERMASON
678.712,1.408283626,0.908166858,0.994047976,0.985553154,0.703499429,DERMASON
690.42,1.457320236,0.877785178,0.997095974,0.987250571,0.786605245,DERMASON
678.008,1.553969414,0.910272492,0.997034619,0.9905405,0.733716728,DERMASON
675.312,1.523901783,0.917665252,0.998613548,0.990364885,0.72270567,DERMASON
684.947,1.428092555,0.892029641,0.989259597,0.982650261,0.721281296,DERMASON
678.124,1.441856556,0.910452982,0.994524848,0.988429703,0.728527071,DERMASON
666.635,1.334789991,0.942275142,0.99783473,0.989194645,0.769300028,DERMASON
709.061,1.70971874,0.833113246,0.997068045,0.986504084,0.672395707,DERMASON
685.4,1.632357279,0.891680142,0.998336147,0.987293783,0.777578203,DERMASON
675.102,1.407867506,0.919201273,0.998035831,0.988788706,0.789177161,DERMASON
670.674,1.40742954,0.931379051,0.997536805,0.989874996,0.719732297,DERMASON
681.437,1.591231241,0.902271135,0.996999098,0.989787739,0.79900786,DERMASON
685.672,1.352840435,0.891240126,0.998745651,0.984528168,0.749977508,DERMASON
666.275,1.368885898,0.943973054,0.998109038,0.990612839,0.731759233,DERMASON
676.179,1.422165523,0.916660228,0.997607934,0.988617501,0.786882152,DERMASON
680.514,1.468665525,0.905208782,0.996345808,0.987507771,0.705801456,DERMASON
682.308,1.442886565,0.900589854,0.997795755,0.986750266,0.726283251,DERMASON
680.142,1.490736841,0.906579562,0.997960685,0.988361073,0.705769149,DERMASON
664.992,1.32134325,0.948386327,0.998387273,0.990208877,0.779038282,DERMASON
667.268,1.352333155,0.942040509,0.997464892,0.990356942,0.724333239,DERMASON
667.768,1.43234944,0.940686669,0.998320817,0.989506136,0.795367899,DERMASON
671.737,1.346975673,0.92985394,0.996863469,0.989890305,0.773538134,DERMASON
672.119,1.4679348,0.928825089,0.99832169,0.99024289,0.775123616,DERMASON
682.854,1.600445241,0.900120422,0.997456986,0.988662937,0.766019907,DERMASON
700.283,1.668955803,0.855898305,0.997317471,0.986910531,0.789062131,DERMASON
675.798,1.445933807,0.919124906,0.994943737,0.989074112,0.768438003,DERMASON
679.539,1.452197014,0.909168891,0.997304982,0.986971935,0.710029116,DERMASON
676.03,1.551614272,0.918879115,0.997663786,0.991690902,0.787825923,DERMASON
676.708,1.538700928,0.917121095,0.996960261,0.989430991,0.802309391,DERMASON
675.888,1.532843926,0.91937529,0.997640187,0.990751171,0.816764418,DERMASON
668.556,1.390660448,0.939707526,0.997464093,0.991662958,0.75374346,DERMASON
679.713,1.484924068,0.909220261,0.998020146,0.988555375,0.705902228,DERMASON
679.27,1.458249205,0.910433817,0.998016019,0.988672661,0.815500585,DERMASON
672.646,1.418922716,0.928536744,0.997761492,0.989551576,0.773942635,DERMASON
686.276,1.550246232,0.892046698,0.997764163,0.98861553,0.75350462,DERMASON
682.334,1.4115497,0.90246456,0.993450741,0.98964068,0.697862748,DERMASON
677.12,1.438821812,0.916635759,0.997221054,0.988823842,0.780982182,DERMASON
677.219,1.321419754,0.91664178,0.99704793,0.988388927,0.777529866,DERMASON
671.645,1.419813851,0.93203081,0.997564151,0.990849054,0.807813028,DERMASON
677.766,1.501985339,0.915299581,0.997924202,0.989530654,0.791928994,DERMASON
676.412,1.445853745,0.918967629,0.997863969,0.989004168,0.73542729,DERMASON
681.475,1.481225672,0.905417581,0.997625087,0.989267975,0.703538614,DERMASON
683.722,1.534751955,0.899664359,0.99794909,0.988744128,0.706075949,DERMASON
685.227,1.561165378,0.895716738,0.997616525,0.986761801,0.708557395,DERMASON
691.826,1.566618934,0.878920642,0.996669287,0.98728876,0.721154675,DERMASON
679.068,1.460047175,0.912310846,0.997830755,0.988163759,0.711193253,DERMASON
669.773,1.368474411,0.937920404,0.997133026,0.988252656,0.735706438,DERMASON
677.447,1.466476835,0.916818945,0.99714672,0.991090457,0.711601811,DERMASON
681.496,1.443011634,0.905984098,0.999030173,0.987466454,0.758174078,DERMASON
676.777,1.416822476,0.918689992,0.99804404,0.987903821,0.729965992,DERMASON
680.024,1.52000218,0.909937758,0.997149282,0.989948263,0.780991254,DERMASON
678.636,1.433710132,0.913909289,0.998570039,0.988285976,0.73840388,DERMASON
675.523,1.448021005,0.922682253,0.997497103,0.989662098,0.801099821,DERMASON
676.021,1.467737321,0.921350839,0.997923959,0.988932176,0.797975709,DERMASON
697.251,1.53022906,0.866098164,0.994966913,0.986718888,0.768421053,DERMASON
683.803,1.52901177,0.90079498,0.996960354,0.988265126,0.785774569,DERMASON
676.825,1.457835195,0.919464946,0.99850675,0.989169249,0.746370357,DERMASON
686.675,1.430182512,0.893462189,0.993785922,0.986116422,0.722365869,DERMASON
668.926,1.432636376,0.941617046,0.998261475,0.992775294,0.791450288,DERMASON
677.851,1.491732216,0.916984475,0.99150252,0.986988902,0.737744235,DERMASON
721.635,1.645903173,0.809183643,0.997033873,0.979294434,0.699843473,DERMASON
674.393,1.499296549,0.926522916,0.997529272,0.990108657,0.793680473,DERMASON
682.661,1.458319578,0.904566337,0.997055962,0.98754747,0.800391296,DERMASON
687.588,1.653424281,0.89170237,0.9961428,0.989353859,0.673086955,DERMASON
679.815,1.504684643,0.91231915,0.99587136,0.987898596,0.802199641,DERMASON
682.169,1.485962931,0.906033629,0.997852118,0.98813135,0.706536388,DERMASON
680.837,1.655415754,0.909636473,0.998465659,0.991724301,0.743117844,DERMASON
685.502,1.514640205,0.897378251,0.998512906,0.986448351,0.72265053,DERMASON
683.629,1.468710096,0.902571129,0.993974336,0.988543998,0.75683171,DERMASON
682.052,1.503715723,0.906911776,0.996352044,0.986947703,0.713029627,DERMASON
681.257,1.524887885,0.909192128,0.995270471,0.98814078,0.749849266,DERMASON
687.288,1.682528761,0.893571721,0.997967481,0.991001357,0.707479411,DERMASON
680.407,1.531559443,0.911872327,0.997791897,0.989951378,0.727394769,DERMASON
683.361,1.52712402,0.904221048,0.997112011,0.988294118,0.719744677,DERMASON
676.916,1.494303815,0.921548841,0.996149976,0.989691633,0.792168604,DERMASON
687.435,1.552786396,0.893615069,0.992799864,0.987627109,0.721818885,DERMASON
678.629,1.423768641,0.917038784,0.994780428,0.987831403,0.724841479,DERMASON
683.001,1.553679402,0.905524699,0.996915661,0.987921002,0.802075877,DERMASON
677.932,1.47704182,0.91928087,0.996528417,0.989493201,0.739735974,DERMASON
684.885,1.578719578,0.901246211,0.996296664,0.9892666,0.820792466,DERMASON
679.982,1.472102341,0.914452979,0.995538608,0.988193486,0.770677294,DERMASON
689.085,1.447508602,0.890452217,0.998198882,0.9868313,0.789984035,DERMASON
681.292,1.52754116,0.911048002,0.998039286,0.988194873,0.714640673,DERMASON
687.144,1.571211043,0.895756049,0.994766716,0.987877898,0.765941468,DERMASON
674.773,1.376276353,0.928901948,0.998121795,0.989068148,0.774935531,DERMASON
677.564,1.507560599,0.921401963,0.997032604,0.988488871,0.714813556,DERMASON
683.694,1.598751321,0.904980339,0.996693213,0.991196043,0.68472225,DERMASON
681.813,1.529215826,0.910034648,0.997855102,0.988576966,0.727891892,DERMASON
676.104,1.489479435,0.92549563,0.9973811,0.989710724,0.765693231,DERMASON
684.632,1.567974462,0.902582678,0.997132914,0.984357183,0.763349432,DERMASON
690.41,1.51170339,0.887591299,0.99680439,0.988374824,0.781250725,DERMASON
678.182,1.431496166,0.919914711,0.99811853,0.990293832,0.725031224,DERMASON
669.052,1.347390926,0.94538916,0.997058717,0.991374489,0.749354695,DERMASON
689.062,1.623019557,0.891358584,0.996394246,0.988610679,0.796532804,DERMASON
691.39,1.608221388,0.885444915,0.995469017,0.98756817,0.712756052,DERMASON
697.902,1.645957682,0.869075546,0.994397311,0.986672525,0.809735577,DERMASON
678.056,1.412956099,0.920721282,0.997958552,0.987685451,0.790194699,DERMASON
675.875,1.459411144,0.926700581,0.998017659,0.989571706,0.725418838,DERMASON
688.328,1.548383475,0.893605398,0.995646103,0.986964291,0.781970942,DERMASON
672.456,1.360139092,0.93631461,0.996246128,0.990737474,0.777841906,DERMASON
679.072,1.399234219,0.918240759,0.99736265,0.989138731,0.750802139,DERMASON
671.74,1.327958505,0.938395235,0.996236932,0.987949688,0.74954955,DERMASON
686.809,1.544674847,0.897802265,0.997889344,0.991439162,0.696359203,DERMASON
678.75,1.403239917,0.919275854,0.995390599,0.988618363,0.757416397,DERMASON
670.292,1.337753747,0.942705679,0.998044461,0.990740741,0.739923604,DERMASON
686.098,1.537066185,0.899904264,0.996524235,0.988215291,0.690891949,DERMASON
679.686,1.52156769,0.917262545,0.997679302,0.989582111,0.75135918,DERMASON
676.717,1.472147207,0.925438683,0.998607629,0.989844736,0.787452134,DERMASON
690.875,1.497530324,0.887923897,0.995166247,0.987670952,0.737228671,DERMASON
685.815,1.581043539,0.901074585,0.997877957,0.988568414,0.719656879,DERMASON
690.089,1.616587552,0.890000486,0.996626212,0.985824102,0.781464319,DERMASON
680.88,1.506305181,0.914319381,0.997181688,0.98628655,0.716415691,DERMASON
685.843,1.469745061,0.901161304,0.99691424,0.98862837,0.71481246,DERMASON
693.2,1.62716508,0.882213035,0.997828386,0.987298428,0.726045971,DERMASON
688.072,1.660013418,0.895703757,0.997757229,0.991887602,0.739524895,DERMASON
676.165,1.41749343,0.927527495,0.995381235,0.990402958,0.719224211,DERMASON
699.061,1.473292988,0.867816207,0.998299314,0.983878021,0.749655693,DERMASON
675.062,1.397579875,0.930643717,0.996205471,0.990113243,0.756704036,DERMASON
677.626,1.390072695,0.923641672,0.994684003,0.988982008,0.772735598,DERMASON
685.368,1.556109399,0.902945899,0.99810601,0.988345534,0.759137221,DERMASON
680.821,1.477756972,0.915318296,0.998271223,0.989449622,0.717226436,DERMASON
676.323,1.512554309,0.927533738,0.99822382,0.990581815,0.715054219,DERMASON
677.873,1.500515007,0.923324205,0.997824633,0.992153982,0.80710939,DERMASON
687.552,1.533703851,0.897617358,0.995225997,0.988553194,0.707903564,DERMASON
699.5,1.416590788,0.867472069,0.996928899,0.980834567,0.765154947,DERMASON
678.193,1.530885246,0.922972191,0.998482713,0.990209872,0.725511672,DERMASON
688.946,1.612655384,0.894465144,0.998376742,0.987115059,0.780903291,DERMASON
678.133,1.468322546,0.923299481,0.997708352,0.988473466,0.7225525,DERMASON
684.233,1.433768984,0.906910265,0.996556306,0.986510949,0.778884278,DERMASON
690.578,1.5248007,0.890505974,0.998397091,0.986830579,0.701869159,DERMASON
674.023,1.489533001,0.934787469,0.998698607,0.992044854,0.753410915,DERMASON
689.612,1.531196401,0.893028965,0.99739599,0.987898275,0.69658058,DERMASON
672.582,1.46203673,0.938825084,0.998445051,0.992219841,0.798393574,DERMASON
678.676,1.521245004,0.922204588,0.998165346,0.990331654,0.777557968,DERMASON
683.885,1.595187662,0.908370846,0.998164313,0.991001026,0.803918771,DERMASON
690.959,1.535745329,0.889971641,0.992828474,0.986318952,0.750310669,DERMASON
681.811,1.453575673,0.914067789,0.99635712,0.986866682,0.779124424,DERMASON
687.426,1.479895205,0.89924947,0.997371445,0.987934208,0.789355742,DERMASON
681.306,1.542036641,0.915504565,0.997787539,0.990364904,0.798889676,DERMASON
675.618,1.442359429,0.931232416,0.997702262,0.989266809,0.752458068,DERMASON
688.855,1.473131628,0.895946147,0.998177965,0.987507297,0.772384823,DERMASON
676.56,1.403754484,0.928888122,0.996295567,0.988114012,0.79368989,DERMASON
679.602,1.521619219,0.920808716,0.99557445,0.988838568,0.804521466,DERMASON
669.837,1.326209036,0.947879835,0.999073177,0.989532776,0.763800497,DERMASON
676.487,1.48282961,0.929363201,0.998147115,0.990198947,0.767460317,DERMASON
681.702,1.425824734,0.915252469,0.998085448,0.988984338,0.754099456,DERMASON
689.11,1.58276344,0.895706595,0.992390968,0.99196999,0.672147424,DERMASON
695.046,1.577505803,0.880498479,0.987876709,0.987772849,0.689922955,DERMASON
666.924,1.33428124,0.956489022,0.996289111,0.992524186,0.801491477,DERMASON
686.114,1.493133852,0.903786345,0.994446537,0.986135788,0.726171071,DERMASON
682.381,1.530813651,0.913701811,0.995618109,0.988612141,0.812776071,DERMASON
682.352,1.471586845,0.914049371,0.996745897,0.98809628,0.701485118,DERMASON
675.061,1.472955205,0.933983113,0.998007171,0.990872389,0.797241314,DERMASON
682.867,1.436706524,0.913264059,0.995663501,0.987297888,0.798214622,DERMASON
686.205,1.578262828,0.904427328,0.996930968,0.990125044,0.707811195,DERMASON
684.724,1.525444007,0.908424367,0.998035385,0.989027984,0.707209181,DERMASON
695.663,1.529938304,0.880157724,0.99657788,0.986582065,0.725731169,DERMASON
684.459,1.524483168,0.909396162,0.997280815,0.987274316,0.716856261,DERMASON
686.717,1.561686765,0.903638786,0.996990812,0.989524365,0.742587483,DERMASON
693.109,1.657252097,0.887074696,0.998736116,0.990189208,0.752529735,DERMASON
681.169,1.489499619,0.918472852,0.997753763,0.989669361,0.737656066,DERMASON
686.12,1.577604981,0.905292082,0.996432088,0.990074152,0.741435474,DERMASON
677.634,1.448806797,0.928135338,0.998070844,0.990334638,0.796519411,DERMASON
673.045,1.384348148,0.941084703,0.996310003,0.991379058,0.768885565,DERMASON
677.702,1.390448192,0.928496312,0.995006031,0.989041415,0.735718157,DERMASON
689.146,1.51964356,0.897994403,0.998240091,0.988639012,0.772723133,DERMASON
686.235,1.578241771,0.905682493,0.998580688,0.989244805,0.786376274,DERMASON
696.486,1.726422419,0.879374137,0.996497521,0.989996792,0.66755816,DERMASON
686.105,1.541159387,0.906292684,0.996325947,0.991530374,0.720500849,DERMASON
704.074,1.55324434,0.860623159,0.995291664,0.984771574,0.726887338,DERMASON
682.496,1.493905038,0.91595683,0.997260703,0.990980999,0.787384045,DERMASON
672.498,1.34663141,0.943394266,0.997904217,0.990634027,0.771636364,DERMASON
689.029,1.495458786,0.898775835,0.998022713,0.989192181,0.77748775,DERMASON
677.104,1.48316238,0.930767497,0.996409432,0.991735054,0.8232442,DERMASON
667.754,1.346680548,0.957579146,0.998282767,0.990987838,0.757085561,DERMASON
679.63,1.401952532,0.92451448,0.99716861,0.989142774,0.721654739,DERMASON
684.781,1.483002106,0.910818975,0.998035098,0.988626778,0.763775281,DERMASON
678.536,1.407514863,0.927962057,0.99857932,0.989349629,0.799506173,DERMASON
689.922,1.46921857,0.897638697,0.99647133,0.985250652,0.818256203,DERMASON
687.389,1.575709653,0.904319599,0.996181559,0.98949482,0.694080425,DERMASON
678.783,1.483271131,0.927477752,0.998591247,0.990071913,0.800141176,DERMASON
683.564,1.442489838,0.914549148,0.995744822,0.987111756,0.764179775,DERMASON
683.253,1.589226886,0.915381898,0.998103444,0.990821946,0.707618037,DERMASON
681.989,1.528818006,0.918886257,0.995879643,0.988375472,0.71314741,DERMASON
679.824,1.444431928,0.924856997,0.997900192,0.990564389,0.813809934,DERMASON
681.258,1.475548231,0.920967577,0.998915899,0.989699721,0.747396177,DERMASON
679.264,1.504313561,0.926900041,0.997973617,0.991868734,0.75439452,DERMASON
682.042,1.394080483,0.919445815,0.997044562,0.988700073,0.767527342,DERMASON
686.252,1.517841945,0.908412705,0.997871685,0.988272178,0.779252884,DERMASON
681.927,1.463011006,0.919999159,0.997314903,0.989680233,0.749460661,DERMASON
687.947,1.604534722,0.904048038,0.998363803,0.991439054,0.769446328,DERMASON
689.123,1.496568145,0.901070971,0.998071387,0.988590507,0.742197036,DERMASON
676.948,1.376472122,0.933829043,0.998582028,0.990200925,0.784076257,DERMASON
688.536,1.398768679,0.903297188,0.997145635,0.987138636,0.725619624,DERMASON
698.752,1.639074226,0.877102964,0.997259518,0.986653156,0.675420168,DERMASON
686.949,1.452713312,0.90750226,0.997819193,0.987253397,0.727096224,DERMASON
686.201,1.493681811,0.909561864,0.998500173,0.990007552,0.797109245,DERMASON
681.991,1.447870974,0.920988269,0.997422969,0.989865552,0.807064896,DERMASON
681.059,1.468462458,0.923537751,0.995718427,0.989980833,0.767303667,DERMASON
681.596,1.381021522,0.922434734,0.997785698,0.990128332,0.783197832,DERMASON
679.813,1.456421806,0.927306958,0.997804583,0.990416171,0.748858147,DERMASON
677.755,1.401080318,0.933029105,0.997171671,0.990100734,0.71905043,DERMASON
693.111,1.644620413,0.89235349,0.997248899,0.98712347,0.718219715,DERMASON
683.185,1.515600639,0.918714192,0.998045985,0.989129805,0.742886378,DERMASON
681.39,1.509007051,0.92358801,0.998113689,0.990479508,0.779229083,DERMASON
680.111,1.4959078,0.927092197,0.998717651,0.992640642,0.71334504,DERMASON
678.726,1.348804517,0.930879684,0.997759981,0.98881516,0.784302459,DERMASON
680.157,1.365078345,0.927075456,0.996206735,0.987186162,0.767426695,DERMASON
683.831,1.483980388,0.917946654,0.997453935,0.989857718,0.748903797,DERMASON
690.141,1.530345109,0.901607079,0.997494681,0.989260074,0.71749811,DERMASON
679.386,1.319589336,0.930405979,0.995689343,0.987830611,0.80538273,DERMASON
684.153,1.471934841,0.917888209,0.998923465,0.9892078,0.726436342,DERMASON
682.345,1.366052012,0.922839854,0.993833101,0.987152467,0.707206089,DERMASON
685.626,1.455962902,0.914162318,0.998546222,0.988067033,0.740451239,DERMASON
692.679,1.560862114,0.896662153,0.998879012,0.990080685,0.710614803,DERMASON
683.44,1.446920686,0.921203368,0.997737864,0.988452989,0.744871544,DERMASON
676.392,1.413637999,0.940556188,0.996841285,0.990970916,0.823426153,DERMASON
682.961,1.482932454,0.922576831,0.998458184,0.989253524,0.764494452,DERMASON
683.341,1.462360843,0.921551042,0.995086185,0.987798194,0.788614329,DERMASON
687.228,1.372455306,0.911182443,0.995822765,0.987912532,0.765987429,DERMASON
693.987,1.656642519,0.893598453,0.998644817,0.991287736,0.714765731,DERMASON
685.518,1.518281751,0.91586764,0.998715093,0.989741367,0.718752623,DERMASON
694.44,1.638159762,0.89258935,0.997289924,0.989771151,0.749950739,DERMASON
682.821,1.507543763,0.923332517,0.997282677,0.990287333,0.738318966,DERMASON
674.024,1.249312409,0.947646802,0.995230204,0.988259728,0.737869096,DERMASON
678.422,1.448887683,0.935563842,0.998405028,0.990489955,0.76266999,DERMASON
693.326,1.66331222,0.895773687,0.998062482,0.990489955,0.701424711,DERMASON
692.825,1.598282765,0.897174389,0.997197489,0.99072013,0.789722318,DERMASON
692.661,1.446297161,0.897756436,0.99754466,0.986246187,0.730520034,DERMASON
680.215,1.428139982,0.93096409,0.997348532,0.989635361,0.752007371,DERMASON
682.207,1.394048969,0.925643321,0.995603368,0.988124748,0.785221833,DERMASON
692.028,1.499068255,0.899583227,0.996080371,0.9878973,0.709704799,DERMASON
680.595,1.440294387,0.930141831,0.998935684,0.990237985,0.762436345,DERMASON
685.929,1.480503068,0.915785343,0.997090102,0.988696655,0.786873207,DERMASON
684.886,1.478339036,0.918630312,0.996910075,0.991785735,0.798481744,DERMASON
680.903,1.433043405,0.929436062,0.998571627,0.989239557,0.757812155,DERMASON
687.182,1.517662473,0.912528557,0.995707227,0.98895426,0.693925045,DERMASON
690.332,1.563495763,0.904562578,0.997944712,0.988103811,0.693514475,DERMASON
677.703,1.342776158,0.93861712,0.997807981,0.98941509,0.739969802,DERMASON
686.346,1.493421286,0.915153054,0.997514347,0.988246817,0.713697262,DERMASON
686.338,1.476495687,0.91541448,0.994826249,0.988477603,0.716687552,DERMASON
682.456,1.427603361,0.926047233,0.997264644,0.989220659,0.794031232,DERMASON
681.21,1.499262406,0.929546313,0.997304568,0.990677942,0.737368964,DERMASON
691.87,1.449049497,0.901569258,0.996718865,0.987037995,0.706646091,DERMASON
680.961,1.367283142,0.930714029,0.996125765,0.990197209,0.730894465,DERMASON
691.867,1.598548768,0.901997111,0.997405047,0.989004346,0.807629927,DERMASON
684.072,1.481375258,0.922724452,0.997514274,0.990573109,0.715139028,DERMASON
672.823,1.340617346,0.953975435,0.995805864,0.991345987,0.758497396,DERMASON
685.873,1.426703784,0.918125358,0.99744335,0.988268446,0.726546315,DERMASON
693.396,1.568247398,0.898415576,0.994116983,0.987531602,0.796579533,DERMASON
693.759,1.542562805,0.897501763,0.996575041,0.990434206,0.816993464,DERMASON
690.454,1.552214236,0.906694394,0.997736776,0.987908553,0.749389978,DERMASON
681.261,1.411352991,0.931329533,0.998012177,0.991010977,0.725185529,DERMASON
685.187,1.473919871,0.920740937,0.998679082,0.989557563,0.753009938,DERMASON
687.484,1.44495982,0.914678277,0.998825715,0.987796824,0.746554979,DERMASON
689.65,1.523037759,0.908994639,0.997332848,0.99041368,0.798384851,DERMASON
677.742,1.34755563,0.941272237,0.997134772,0.98816704,0.792253845,DERMASON
703.479,1.412675072,0.873709421,0.99757255,0.985450796,0.76039779,DERMASON
692.24,1.539374714,0.902441413,0.994953001,0.986752688,0.801812717,DERMASON
676.666,1.331210336,0.94498171,0.997936392,0.990592365,0.803734827,DERMASON
692.106,1.370925029,0.90328934,0.998330644,0.98619465,0.745281385,DERMASON
687.782,1.536267652,0.914815603,0.998019024,0.989625841,0.792876384,DERMASON
690.948,1.486885906,0.906530204,0.997327074,0.98809353,0.782727273,DERMASON
686.359,1.419616018,0.918799561,0.998865932,0.989798557,0.787291429,DERMASON
676.892,1.385960702,0.944707342,0.999043363,0.990026443,0.741741677,DERMASON
691.289,1.599411872,0.905767556,0.998000994,0.98883275,0.737485548,DERMASON
683.254,1.487332151,0.927223213,0.998137429,0.988719538,0.702520803,DERMASON
677.801,1.370718152,0.942585439,0.998207363,0.988412116,0.757828994,DERMASON
699.267,1.604759231,0.88573148,0.996648053,0.986377036,0.774494382,DERMASON
694.399,1.509225641,0.898271819,0.998045769,0.988301411,0.720831503,DERMASON
692.984,1.448043705,0.901996251,0.997827344,0.987424446,0.780287939,DERMASON
686.028,1.502857926,0.920380617,0.996740304,0.987877225,0.784836066,DERMASON
689.281,1.5281914,0.911898955,0.99780683,0.990064038,0.712864941,DERMASON
690.562,1.4861469,0.908571631,0.998582948,0.988928725,0.768248663,DERMASON
688.958,1.456286441,0.912992465,0.998790731,0.988534082,0.719282511,DERMASON
690.389,1.534795304,0.909264316,0.99772693,0.989130123,0.712797619,DERMASON
684.366,1.4626344,0.925500319,0.998037039,0.990523777,0.774658642,DERMASON
706.993,1.59767685,0.867232981,0.99233404,0.987716184,0.752705769,DERMASON
683.225,1.458747122,0.92862103,0.997976174,0.990893945,0.797572254,DERMASON
681.837,1.443378495,0.932405623,0.997662916,0.991007814,0.771631174,DERMASON
689.51,1.486838396,0.911927702,0.997398985,0.989332722,0.776909566,DERMASON
679.737,1.37712309,0.938474899,0.999356556,0.989079027,0.760513092,DERMASON
688.346,1.431501627,0.915226639,0.99871943,0.988796562,0.730071084,DERMASON
695.555,1.657826499,0.89635343,0.9960289,0.98791904,0.797822167,DERMASON
690.576,1.511984609,0.909430706,0.998226492,0.990273155,0.788526126,DERMASON
694.842,1.361853076,0.898324068,0.991179544,0.987694597,0.812935745,DERMASON
685.714,1.474250637,0.922453093,0.99777435,0.990103554,0.796657896,DERMASON
714.282,1.647573911,0.850190164,0.992655352,0.981517288,0.664126984,DERMASON
687.091,1.49307573,0.919158695,0.991917799,0.988548853,0.698781771,DERMASON
698.726,1.60632597,0.889574564,0.993448378,0.989492671,0.700324215,DERMASON
697.508,1.62541422,0.892735714,0.997526426,0.98881387,0.779815893,DERMASON
690.139,1.437697551,0.911981123,0.996122915,0.987346111,0.740932865,DERMASON
694.693,1.557315678,0.900115565,0.997237469,0.989891469,0.808475805,DERMASON
693.587,1.566009848,0.903040763,0.994247705,0.990544413,0.753355997,DERMASON
688.483,1.544589935,0.916506108,0.99844009,0.991084227,0.791569355,DERMASON
696.203,1.636031462,0.896318969,0.998443809,0.990516575,0.760476012,DERMASON
704.813,1.682068436,0.87485741,0.99783928,0.989811105,0.678170837,DERMASON
709.382,1.606361849,0.863649081,0.998274546,0.985833191,0.801840861,DERMASON
688.803,1.502915273,0.916105002,0.996169205,0.989982254,0.706988533,DERMASON
685.425,1.448955745,0.925183735,0.996914642,0.989246389,0.784331066,DERMASON
690.751,1.433731341,0.910997912,0.997733576,0.988426918,0.741956242,DERMASON
682.876,1.353145084,0.932157466,0.997158297,0.99043665,0.808559875,DERMASON
691.238,1.385471005,0.909819907,0.988427927,0.984546205,0.763361137,DERMASON
692.429,1.480618458,0.90669276,0.997363068,0.989445986,0.770536351,DERMASON
700.567,1.660004985,0.885750269,0.996123136,0.987807316,0.770811052,DERMASON
689.113,1.536140483,0.915757284,0.997680806,0.989138513,0.766637129,DERMASON
685.57,1.478026652,0.92524694,0.997308958,0.990809402,0.709793867,DERMASON
691.652,1.470080128,0.909230158,0.997395813,0.988575672,0.758557966,DERMASON
693.466,1.487508567,0.904610224,0.996328938,0.988633767,0.699438316,DERMASON
684.401,1.372858132,0.928920132,0.994733917,0.987480037,0.734825976,DERMASON
686.753,1.462861396,0.922621563,0.996716248,0.98908852,0.718164095,DERMASON
698.608,1.55737304,0.891625961,0.997604562,0.988214143,0.755695705,DERMASON
690.13,1.282845808,0.914062897,0.997608676,0.987177295,0.797807664,DERMASON
690.897,1.372279152,0.912166157,0.995987563,0.987939097,0.802691933,DERMASON
699.603,1.561240178,0.889630731,0.994734959,0.988898085,0.69058296,DERMASON
697.633,1.516923129,0.894739625,0.998347673,0.987433749,0.747863432,DERMASON
703.588,1.58923434,0.879708766,0.994053116,0.985693157,0.707317073,DERMASON
711.185,1.700532202,0.861238357,0.996637034,0.987690905,0.802407407,DERMASON
682.498,1.368712434,0.935402481,0.996308117,0.988088114,0.779711709,DERMASON
692.148,1.476730374,0.90958004,0.998294616,0.988483466,0.800018457,DERMASON
693.865,1.495361809,0.905214523,0.992815223,0.988541459,0.690856574,DERMASON
683.079,1.305190677,0.934135109,0.998624475,0.988064038,0.74668475,DERMASON
700.916,1.667820622,0.887323975,0.997297137,0.989051719,0.706301537,DERMASON
681.995,1.424548848,0.937269105,0.998781243,0.990435676,0.769065354,DERMASON
703.876,1.506377982,0.880054312,0.997467876,0.987533798,0.696782874,DERMASON
690.456,1.415700815,0.915071475,0.998402101,0.98759637,0.719064584,DERMASON
702.478,1.694049833,0.884222677,0.996953345,0.988386325,0.715112447,DERMASON
698.375,1.530422688,0.894745993,0.996214776,0.987375963,0.753624132,DERMASON
686.081,1.419788165,0.927126196,0.997678565,0.990671801,0.717654109,DERMASON
710.696,1.419583396,0.864240134,0.997960327,0.984357732,0.771419054,DERMASON
691.456,1.488325053,0.91303111,0.997146226,0.987772975,0.721303987,DERMASON
693.527,1.521788509,0.907638546,0.99650676,0.989095465,0.827182247,DERMASON
688.336,1.45423289,0.921406373,0.995960421,0.990054146,0.767316017,DERMASON
708.588,1.574246301,0.86951503,0.993098331,0.98268937,0.755589387,DERMASON
697.879,1.474346858,0.896585921,0.997192464,0.986935159,0.739844149,DERMASON
703.271,1.647802534,0.883093584,0.995081969,0.987330625,0.798625951,DERMASON
710.766,1.615577328,0.864841026,0.996676335,0.987727273,0.687848692,DERMASON
681.562,1.401135163,0.940705702,0.998034698,0.990825165,0.780456055,DERMASON
690.766,1.358776778,0.915804151,0.997900824,0.987196593,0.806091935,DERMASON
701.742,1.730071926,0.887379871,0.998504346,0.990373661,0.742272883,DERMASON
693.604,1.535673714,0.908377384,0.997805729,0.989754098,0.792886457,DERMASON
687.774,1.487814159,0.923895728,0.996171595,0.989135381,0.76620401,DERMASON
699.833,1.372448691,0.892330284,0.996438683,0.982873615,0.725161075,DERMASON
694.573,1.479662617,0.90602693,0.996377136,0.988630873,0.705895485,DERMASON
690.348,1.508171402,0.917256291,0.998505376,0.98823897,0.715119745,DERMASON
701.516,1.483103222,0.888360278,0.994422293,0.989054726,0.805697082,DERMASON
684.517,1.347749083,0.933084085,0.997680491,0.989195951,0.734705944,DERMASON
689.824,1.445349771,0.918888013,0.999024332,0.990013372,0.776349844,DERMASON
691.605,1.438101154,0.91426661,0.99708337,0.988299443,0.727424749,DERMASON
698.814,1.491570816,0.895500668,0.99839338,0.989226527,0.765020115,DERMASON
696.887,1.635048447,0.900641036,0.998328036,0.990579999,0.765224465,DERMASON
684.084,1.323598832,0.934883291,0.998937131,0.989990616,0.786424215,DERMASON
691.403,1.46559665,0.915247797,0.998582709,0.990892791,0.792339903,DERMASON
696.871,1.455633892,0.901018788,0.99668632,0.987997617,0.749590976,DERMASON
689.737,1.497257195,0.919753784,0.996539903,0.990048337,0.706646372,DERMASON
693.661,1.562034187,0.909403346,0.998635517,0.990245706,0.767252776,DERMASON
682.046,1.422124815,0.940694737,0.998767435,0.990725198,0.744877005,DERMASON
708.98,1.511687133,0.870678783,0.996706992,0.986404962,0.717934447,DERMASON
676.016,1.33514518,0.957661394,0.998722193,0.990923576,0.766422394,DERMASON
707.866,1.738292614,0.873521706,0.997103411,0.990248479,0.675792088,DERMASON
694.283,1.468259964,0.908061396,0.997510329,0.988085782,0.774767561,DERMASON
701.948,1.591493375,0.888414825,0.997550081,0.987834619,0.75939571,DERMASON
693.73,1.549182026,0.909692456,0.997690009,0.989913053,0.764281327,DERMASON
702.976,1.624804484,0.886047231,0.997857486,0.987781715,0.7227846,DERMASON
684.701,1.405881346,0.934110514,0.997414725,0.990169058,0.713533989,DERMASON
687.382,1.433585109,0.926944474,0.997699859,0.989355058,0.716270371,DERMASON
688.682,1.43514455,0.923501249,0.996776093,0.990649159,0.817118342,DERMASON
697.267,1.579905778,0.90092614,0.9963967,0.989496395,0.793606703,DERMASON
687.484,1.506785409,0.92677579,0.998979467,0.9919465,0.784184477,DERMASON
698.244,1.522362482,0.898458258,0.997110154,0.988570942,0.752287638,DERMASON
699.286,1.487856666,0.895859777,0.998631911,0.986892764,0.718635333,DERMASON
713.317,1.484330355,0.861012529,0.995274047,0.984997457,0.779618945,DERMASON
692.152,1.461177779,0.914527096,0.995847881,0.988180942,0.726263384,DERMASON
693.975,1.452512687,0.909728672,0.994726416,0.989723791,0.776849376,DERMASON
717.611,1.46369824,0.850885616,0.994366302,0.98092666,0.783080309,DERMASON
702.12,1.531449315,0.88887179,0.997726236,0.989640982,0.763286928,DERMASON
691.321,1.489881294,0.916937374,0.996647138,0.989641864,0.751071482,DERMASON
706.366,1.580814605,0.878394103,0.997108295,0.987401619,0.707803146,DERMASON
698.75,1.581820153,0.897775191,0.995790732,0.990656329,0.701441815,DERMASON
697.857,1.52961346,0.900409749,0.99749313,0.989872915,0.725045711,DERMASON
698.071,1.563572225,0.900218802,0.997639159,0.987971925,0.762871503,DERMASON
711.383,1.523943206,0.867115868,0.99543073,0.983440351,0.75745087,DERMASON
694.541,1.460101851,0.909731423,0.993614091,0.989880666,0.693667567,DERMASON
687.555,1.473113125,0.928445165,0.996715227,0.990724457,0.702855533,DERMASON
692.204,1.345939391,0.916015746,0.996486666,0.98769866,0.796619834,DERMASON
698.5,1.585776652,0.899654235,0.998288812,0.98705776,0.761599512,DERMASON
695.368,1.508407673,0.90782871,0.9980699,0.987532864,0.709149597,DERMASON
694.465,1.550934519,0.910373504,0.997947489,0.990980515,0.727895833,DERMASON
690.354,1.499382276,0.921274549,0.998287305,0.99081216,0.772461974,DERMASON
691.66,1.525503407,0.917798712,0.997586422,0.989549407,0.807618519,DERMASON
693.678,1.530127705,0.912597063,0.996802619,0.990139688,0.766842221,DERMASON
697.453,1.567128787,0.902822342,0.997168835,0.99109523,0.700416867,DERMASON
690.695,1.496741638,0.920575827,0.995405508,0.991404499,0.7189763,DERMASON
688.79,1.484957288,0.925701465,0.996793652,0.989720208,0.78591828,DERMASON
692.064,1.569852075,0.917016084,0.997559089,0.99151773,0.812927385,DERMASON
694.086,1.48323822,0.911680994,0.998637843,0.989580679,0.73317111,DERMASON
694.579,1.57088045,0.910491453,0.997868713,0.99008639,0.772793597,DERMASON
696.192,1.463648146,0.906277324,0.996713401,0.985981045,0.801793743,DERMASON
689.99,1.387063144,0.922801129,0.998352307,0.989947899,0.769371273,DERMASON
695.037,1.480308924,0.909447977,0.99847247,0.990172199,0.714160232,DERMASON
698.053,1.515349741,0.901838352,0.998577171,0.987462585,0.77365545,DERMASON
691.239,1.444994149,0.919837521,0.996906996,0.990063976,0.779300357,DERMASON
711.706,1.601536872,0.868239275,0.993965154,0.98558112,0.818604978,DERMASON
688.989,1.404940205,0.926490399,0.99840814,0.988504773,0.759922703,DERMASON
682.703,1.438608271,0.943684222,0.997657104,0.992964339,0.802627958,DERMASON
700.041,1.50249097,0.897697904,0.997764975,0.988256549,0.704669887,DERMASON
697.961,1.623547256,0.903211127,0.99760516,0.98920782,0.796732428,DERMASON
701.208,1.560181372,0.894942382,0.998852341,0.988678073,0.703576452,DERMASON
718.575,1.752972675,0.852254685,0.992031659,0.981364197,0.677035805,DERMASON
698.516,1.40403948,0.901930948,0.998095663,0.98672903,0.772761375,DERMASON
692.668,1.442349946,0.917224733,0.996614386,0.988372093,0.794050291,DERMASON
709.649,1.621553201,0.87407845,0.997228568,0.987399932,0.723859316,DERMASON
697.337,1.620125215,0.905526027,0.996435779,0.990782368,0.708758091,DERMASON
694.856,1.523916018,0.912238217,0.998663424,0.989107123,0.714839289,DERMASON
700.244,1.483179623,0.898279491,0.996096702,0.986629511,0.782388393,DERMASON
701.426,1.605926676,0.895254591,0.994177677,0.98910743,0.820751183,DERMASON
691.502,1.464562866,0.921319195,0.999190467,0.988997969,0.787324829,DERMASON
692.035,1.565751937,0.919926795,0.998152554,0.992385643,0.75454115,DERMASON
690.528,1.473507453,0.923972805,0.998339302,0.99182438,0.762124209,DERMASON
703.858,1.628120866,0.889484481,0.997338459,0.989307679,0.793012212,DERMASON
694.734,1.477106963,0.913001246,0.995493563,0.988471079,0.694657396,DERMASON
700.46,1.420644684,0.898263425,0.998926707,0.986554149,0.73655914,DERMASON
693.453,1.443180534,0.916508155,0.996050043,0.990818431,0.80221414,DERMASON
719.421,1.763489168,0.851756795,0.994076526,0.985670535,0.78166221,DERMASON
689.535,1.453795888,0.92732313,0.998049761,0.990710151,0.800173326,DERMASON
690.369,1.485163838,0.925083978,0.997595288,0.990458446,0.819000934,DERMASON
691.818,1.490374612,0.921527964,0.997758986,0.988843185,0.786509804,DERMASON
687.327,1.384136054,0.933636449,0.997732026,0.989484664,0.766839265,DERMASON
694.125,1.318797494,0.915516873,0.997787357,0.983772876,0.756769576,DERMASON
693.189,1.440308018,0.91820017,0.996555447,0.988234632,0.765924956,DERMASON
702.913,1.617028395,0.89314942,0.9934543,0.989406362,0.675586764,DERMASON
694.419,1.486097069,0.915132716,0.997289382,0.988988397,0.706408915,DERMASON
740.865,1.638529282,0.804216109,0.994665448,0.982518461,0.787795196,DERMASON
707.671,1.583406388,0.8814557,0.998417054,0.988574323,0.722203947,DERMASON
696.413,1.475671168,0.910469754,0.99718566,0.989496508,0.776260852,DERMASON
681.174,1.376650033,0.951879557,0.997996344,0.992881155,0.781044444,DERMASON
687.569,1.449624517,0.934467907,0.999106231,0.990225903,0.733236,DERMASON
698.453,1.393933038,0.905906051,0.994233389,0.987449109,0.712624113,DERMASON
696.474,1.480332061,0.911113361,0.997799703,0.989171706,0.730607836,DERMASON
694.662,1.444479234,0.915976936,0.999418993,0.989618209,0.753803952,DERMASON
702.735,1.596632454,0.895103279,0.998853953,0.989590953,0.757450474,DERMASON
697.535,1.541609293,0.908705315,0.998439034,0.987759686,0.707571644,DERMASON
701.866,1.458962162,0.897576251,0.999064335,0.987344614,0.759366367,DERMASON
690.684,1.422754574,0.926953606,0.995304693,0.990374602,0.776661958,DERMASON
692.856,1.507838403,0.921150993,0.997766018,0.990179526,0.701367297,DERMASON
694.629,1.451757331,0.916610889,0.998130989,0.988457002,0.783294757,DERMASON
695.057,1.428618872,0.915482381,0.995876745,0.988818026,0.704181673,DERMASON
700.976,1.539777715,0.900138245,0.996629805,0.989485817,0.701526748,DERMASON
698.174,1.563557465,0.90750674,0.997487913,0.992080715,0.702718888,DERMASON
699.559,1.574266131,0.903993934,0.996603493,0.990044714,0.77520148,DERMASON
700.17,1.432362902,0.90249379,0.998991982,0.986218487,0.774380856,DERMASON
711.303,1.617534967,0.87461303,0.997105285,0.987520682,0.71874107,DERMASON
715.405,1.6895869,0.864685705,0.997514602,0.985201141,0.697021277,DERMASON
698.954,1.538897979,0.906125462,0.996002836,0.989494677,0.768309706,DERMASON
707.917,1.540620706,0.883476098,0.997431818,0.987527328,0.779284261,DERMASON
692.585,1.367097745,0.923155693,0.993873853,0.983834492,0.796969354,DERMASON
697.995,1.40763906,0.9089524,0.998065788,0.989331836,0.763034817,DERMASON
707.012,1.589339394,0.885965562,0.99349647,0.986066032,0.719312569,DERMASON
704.745,1.480025948,0.891699919,0.998557757,0.989249425,0.707094418,DERMASON
697.445,1.478696741,0.910670724,0.998569799,0.988946556,0.718762744,DERMASON
695.347,1.263468767,0.916200353,0.99459965,0.988336885,0.795935877,DERMASON
692.931,1.54061335,0.922783611,0.997744786,0.991479669,0.701002028,DERMASON
692.507,1.422742283,0.924202179,0.997047824,0.987789167,0.730984456,DERMASON
717.703,1.558472482,0.860694281,0.996923088,0.986246226,0.703615803,DERMASON
686.517,1.384020578,0.940693533,0.999039028,0.991289933,0.771945563,DERMASON
703.49,1.62582558,0.895874557,0.998253946,0.989288919,0.693067751,DERMASON
697.212,1.393201974,0.912132585,0.997908948,0.987876921,0.716644663,DERMASON
701.997,1.592043199,0.899995283,0.994900632,0.989181614,0.795447374,DERMASON
692.422,1.427419287,0.925162981,0.997007452,0.987826379,0.733480176,DERMASON
696.245,1.476124491,0.91503095,0.998807969,0.988296562,0.721073705,DERMASON
682.216,1.284960208,0.953510046,0.997805994,0.991465229,0.777692138,DERMASON
686.525,1.356416413,0.941604789,0.999098735,0.989576328,0.764415584,DERMASON
700.676,1.567496492,0.904031949,0.997455018,0.988358752,0.719533064,DERMASON
693.884,1.465355567,0.921842681,0.997224701,0.989355742,0.807886731,DERMASON
697.666,1.490673585,0.911926913,0.998260185,0.989134696,0.710346908,DERMASON
706.688,1.492175243,0.888816303,0.997322017,0.988581344,0.713797842,DERMASON
713.346,1.602075968,0.872376319,0.993668118,0.98885903,0.695694986,DERMASON
696.043,1.487257089,0.916884975,0.997297379,0.989530555,0.763939315,DERMASON
693.587,1.436887319,0.923415995,0.997103788,0.98817544,0.741556535,DERMASON
697.598,1.345348004,0.912853561,0.998215267,0.987402938,0.772598129,DERMASON
689.072,1.406612107,0.935636017,0.996794408,0.990169169,0.798937853,DERMASON
694.439,1.503568378,0.921255759,0.997746156,0.991141015,0.798274928,DERMASON
690.737,1.390639332,0.931157148,0.996408729,0.987541899,0.720627803,DERMASON
703.393,1.575311416,0.897975777,0.996980225,0.989200078,0.678078251,DERMASON
690.676,1.394598311,0.931374319,0.998438853,0.990863741,0.787789661,DERMASON
693.308,1.359738176,0.924499205,0.998474206,0.989423911,0.734983581,DERMASON
704.877,1.385306524,0.894426311,0.99488438,0.986966593,0.714944202,DERMASON
692.505,1.485028099,0.926670674,0.998367515,0.991949735,0.760646993,DERMASON
692.123,1.451527334,0.927798792,0.99729668,0.99058929,0.798735321,DERMASON
700.593,1.460965557,0.905526277,0.998142452,0.987933298,0.749740329,DERMASON
696.091,1.574190691,0.917484695,0.997327392,0.991591221,0.822567894,DERMASON
707.379,1.629703793,0.888587482,0.995838768,0.989900403,0.835628085,DERMASON
701.617,1.599619897,0.903267915,0.997796953,0.989789924,0.76615278,DERMASON
683.299,1.350245935,0.952939126,0.999272639,0.991431452,0.795140137,DERMASON
704.177,1.569014334,0.897396525,0.998884123,0.986901145,0.700597499,DERMASON
697.42,1.482360454,0.914947241,0.996761747,0.990047526,0.701267327,DERMASON
705.743,1.543181588,0.893494099,0.998105463,0.988803574,0.788871068,DERMASON
700.057,1.44162018,0.908169877,0.998068154,0.989025718,0.723850399,DERMASON
692.524,1.414123628,0.928218169,0.998737275,0.989967583,0.738020833,DERMASON
705.427,1.596558559,0.894850326,0.997660972,0.988451883,0.69065253,DERMASON
703.568,1.667205116,0.899712335,0.998133215,0.991856039,0.816311959,DERMASON
706.77,1.638057188,0.891603719,0.997234154,0.988757149,0.777577885,DERMASON
694.127,1.319043518,0.924379296,0.997047138,0.985677337,0.728180473,DERMASON
696.847,1.483804385,0.917228884,0.998322058,0.990664654,0.764307586,DERMASON
703.811,1.554473907,0.899370222,0.998610454,0.988980947,0.711202054,DERMASON
706.275,1.475036933,0.893131048,0.997346223,0.987631278,0.708280891,DERMASON
688.197,1.366644073,0.940776155,0.998279649,0.99025303,0.76148444,DERMASON
688.353,1.418933203,0.940535437,0.997613583,0.989840348,0.785714286,DERMASON
692.525,1.464495304,0.92926358,0.998620312,0.989454008,0.73977889,DERMASON
704.863,1.565624042,0.897345244,0.997041468,0.988658214,0.697973638,DERMASON
697.995,1.404750174,0.915245941,0.998953037,0.989597568,0.781861449,DERMASON
691.797,1.473320068,0.931824317,0.998134546,0.989847149,0.722710981,DERMASON
702.532,1.574482086,0.903589976,0.99577137,0.990897669,0.686095967,DERMASON
708.286,1.478419101,0.888993423,0.989920286,0.983729246,0.70846808,DERMASON
689.381,1.413468767,0.938525743,0.997566411,0.991037275,0.72020778,DERMASON
687.266,1.344417314,0.944311091,0.997049108,0.989462533,0.725048004,DERMASON
704.595,1.423196736,0.898458311,0.997811519,0.986986625,0.756226431,DERMASON
699.309,1.620707151,0.912195127,0.997153195,0.992423819,0.81991408,DERMASON
689.667,1.361161826,0.937958864,0.998935877,0.990403392,0.768441558,DERMASON
706.605,1.592104725,0.89358061,0.997700466,0.987484007,0.786827117,DERMASON
700.973,1.423067867,0.908125196,0.997810054,0.988365296,0.75160867,DERMASON
709.556,1.617638695,0.886962077,0.990164035,0.985386684,0.796164359,DERMASON
706.777,1.652122341,0.894177147,0.994436199,0.98659376,0.788312264,DERMASON
720.761,1.508393472,0.859816597,0.997047071,0.982992257,0.745100094,DERMASON
703.958,1.54941053,0.901378309,0.997453521,0.988679665,0.754820352,DERMASON
704.375,1.509553658,0.900513992,0.99761866,0.98920483,0.714653266,DERMASON
712.571,1.69020154,0.880462155,0.997431132,0.987426795,0.694098137,DERMASON
689.104,1.310497449,0.941582703,0.995449567,0.990700265,0.791832647,DERMASON
701.666,1.410478202,0.908169993,0.995126884,0.98904795,0.805437342,DERMASON
704.091,1.507694823,0.901950354,0.99702052,0.986853783,0.749063197,DERMASON
691.127,1.412837861,0.936236402,0.997437065,0.989737457,0.719656218,DERMASON
689.634,1.426643729,0.940479494,0.99764955,0.989656898,0.811629233,DERMASON
702.514,1.534871862,0.906793622,0.993968004,0.988124636,0.717989557,DERMASON
697.563,1.416064077,0.919763009,0.999058314,0.989855475,0.788989809,DERMASON
702.212,1.642306557,0.907650211,0.998902963,0.991536748,0.799461279,DERMASON
726.965,1.553281653,0.847082173,0.994355894,0.983572158,0.729088639,DERMASON
699.261,1.525567355,0.915584251,0.998987379,0.98999611,0.761044177,DERMASON
710.37,1.675432752,0.887321162,0.996487132,0.989475438,0.717230274,DERMASON
694.529,1.375982122,0.928285321,0.99580024,0.990025561,0.799466021,DERMASON
705.634,1.63051143,0.89949913,0.996731719,0.989203442,0.680275615,DERMASON
700.907,1.571979613,0.911902914,0.997264938,0.989315943,0.803796898,DERMASON
704.843,1.545704833,0.901822697,0.998122389,0.987727172,0.78213847,DERMASON
696.244,1.457386385,0.924365895,0.996747027,0.989702739,0.720567433,DERMASON
704.76,1.588824732,0.902212228,0.991700078,0.987018738,0.785324172,DERMASON
711.193,1.668850282,0.886063748,0.997009539,0.990336554,0.802448024,DERMASON
695.948,1.518326446,0.925308034,0.997808715,0.990061629,0.724657117,DERMASON
689.758,1.404073952,0.942016695,0.996644957,0.991934362,0.809225603,DERMASON
712.727,1.464631682,0.882501088,0.997709598,0.986068882,0.719233871,DERMASON
703.303,1.455562861,0.906462349,0.998021657,0.988365651,0.787429379,DERMASON
715.237,1.497868573,0.876686457,0.997182962,0.988094908,0.746881801,DERMASON
696.455,1.42083862,0.924609012,0.997098003,0.990508174,0.81504065,DERMASON
691.2,1.420129101,0.939063479,0.998051545,0.990731491,0.746778782,DERMASON
700.94,1.503438289,0.913198205,0.997724104,0.988756577,0.762124317,DERMASON
693.069,1.380069656,0.934110205,0.998182268,0.989195479,0.724627093,DERMASON
734.051,1.541258661,0.832905805,0.997103589,0.979485492,0.77467355,DERMASON
695.483,1.466026528,0.927922702,0.99734198,0.991202753,0.734917695,DERMASON
692.482,1.421812876,0.936035193,0.998695855,0.99112073,0.729673966,DERMASON
704.414,1.489704419,0.904719575,0.997548848,0.988243105,0.752448554,DERMASON
695.011,1.472453908,0.929547695,0.998959847,0.991261166,0.765150542,DERMASON
699.446,1.480802596,0.918002531,0.997808033,0.99109817,0.719123506,DERMASON
703.208,1.46399142,0.908232015,0.996516963,0.987483768,0.704375246,DERMASON
715.642,1.609345713,0.87699491,0.991230759,0.984004625,0.80246969,DERMASON
706.533,1.56960867,0.899879922,0.998068012,0.988988795,0.709350319,DERMASON
697.09,1.494140119,0.924451024,0.997732318,0.990276739,0.716105769,DERMASON
709.456,1.519896111,0.892679814,0.998264299,0.988745092,0.784307274,DERMASON
704.422,1.586874636,0.905661364,0.99784027,0.989102777,0.759649086,DERMASON
727.767,1.555144703,0.848514149,0.9931499,0.9819335,0.73712307,DERMASON
697.392,1.483501599,0.924218978,0.998181475,0.990639194,0.765068229,DERMASON
701.644,1.478111288,0.913127863,0.997974369,0.987604218,0.729227821,DERMASON
695.263,1.483741522,0.929965828,0.997489545,0.992178616,0.702050829,DERMASON
695.185,1.445123895,0.93035654,0.998146534,0.990943584,0.729578728,DERMASON
705.489,1.578465931,0.903529899,0.998102104,0.989219372,0.723826861,DERMASON
700.082,1.486884561,0.917642965,0.997326049,0.989658224,0.737725193,DERMASON
695.375,1.362639151,0.93034197,0.998854841,0.990263063,0.731009556,DERMASON
739.41,1.909686951,0.823036867,0.994713621,0.984953927,0.804258473,DERMASON
711.393,1.604683162,0.889538532,0.997782057,0.985990697,0.753475655,DERMASON
699.05,1.410026489,0.921280132,0.99501988,0.98884902,0.697872838,DERMASON
698.409,1.511202003,0.923152349,0.996731898,0.992136667,0.772829228,DERMASON
704.329,1.457691559,0.907825732,0.996934153,0.988743585,0.820316792,DERMASON
689.776,1.439476381,0.946563139,0.999016605,0.992110508,0.804864355,DERMASON
695.113,1.427184794,0.932239772,0.998707913,0.991947089,0.721169322,DERMASON
691.866,1.228637053,0.941010504,0.993863029,0.987193611,0.780936819,DERMASON
710.411,1.487803349,0.892821131,0.996380478,0.987116311,0.712891169,DERMASON
714.124,1.661879822,0.883585681,0.995113253,0.986519203,0.703718968,DERMASON
696.918,1.486247905,0.927753419,0.997666111,0.991895107,0.822506652,DERMASON
708.973,1.641039214,0.896521599,0.996398191,0.988941287,0.696784222,DERMASON
690.446,1.434714752,0.945623215,0.998785206,0.991871043,0.794793398,DERMASON
702.091,1.519660185,0.914514824,0.99877479,0.990529048,0.734650829,DERMASON
697.442,1.466521102,0.926799049,0.998262004,0.990474876,0.764013119,DERMASON
697.4,1.458037781,0.92693652,0.997235,0.9912414,0.75183369,DERMASON
698.476,1.539444758,0.924160108,0.99868396,0.991844972,0.790147111,DERMASON
716.473,1.618214058,0.878339959,0.995002545,0.987097307,0.691063174,DERMASON
701.083,1.34830141,0.917350981,0.99496865,0.987831402,0.708550553,DERMASON
707.141,1.484935735,0.901750875,0.997680434,0.988621336,0.807066868,DERMASON
703.317,1.510471376,0.911608744,0.998631905,0.989548576,0.710517979,DERMASON
709.057,1.530363351,0.897483944,0.996448492,0.989282566,0.696601094,DERMASON
698.705,1.36743559,0.924403868,0.99798313,0.988603204,0.807737292,DERMASON
698.658,1.39537022,0.925300573,0.998130546,0.990792811,0.775681975,DERMASON
711.184,1.54773871,0.893117421,0.997572142,0.988641364,0.81184787,DERMASON
711.106,1.625792202,0.893437615,0.998511387,0.989132528,0.727125637,DERMASON
719.739,1.562582385,0.872521387,0.997490115,0.984238179,0.718010141,DERMASON
702.411,1.531345492,0.916305156,0.996813139,0.990637735,0.806076494,DERMASON
710.63,1.470054788,0.895331672,0.996616941,0.985726418,0.795454545,DERMASON
699.379,1.491318134,0.924498467,0.996993049,0.989931501,0.714158133,DERMASON
696.854,1.441864321,0.931469089,0.997044731,0.990124883,0.795469613,DERMASON
706.35,1.545864805,0.906668104,0.998203873,0.988901709,0.758891114,DERMASON
700.889,1.446631175,0.920954138,0.997077642,0.989936208,0.797386489,DERMASON
698.863,1.395637471,0.926353018,0.994078341,0.988550561,0.801942267,DERMASON
692.918,1.404414147,0.942395311,0.997908951,0.990427727,0.79823978,DERMASON
703.959,1.459451378,0.91319258,0.999077495,0.987441733,0.779784332,DERMASON
716.004,1.657344641,0.882751101,0.995881948,0.988580527,0.672511671,DERMASON
701.005,1.429527904,0.920981808,0.996721249,0.98923284,0.758609795,DERMASON
696.866,1.449884643,0.932032177,0.999002056,0.990485095,0.731404203,DERMASON
718.049,1.566085054,0.8779251,0.997880115,0.984960761,0.777386913,DERMASON
708.224,1.512145886,0.902577762,0.996188634,0.989670897,0.768997609,DERMASON
708.755,1.466857674,0.90137594,0.995374507,0.985800662,0.770968846,DERMASON
695.986,1.443459356,0.934779712,0.998495868,0.990679644,0.805206704,DERMASON
708.696,1.47336129,0.901601088,0.99280182,0.988316283,0.745325556,DERMASON
707.877,1.442815009,0.903713643,0.998479607,0.988831874,0.798316349,DERMASON
717.225,1.628748246,0.880505365,0.996295558,0.987506849,0.698527132,DERMASON
706.252,1.507555528,0.908229809,0.997673035,0.9887548,0.700680272,DERMASON
715.3,1.541088089,0.885643901,0.992326556,0.988243032,0.683524149,DERMASON
700.163,1.428021669,0.924403028,0.998121031,0.989111056,0.745144227,DERMASON
713.066,1.430111763,0.89142438,0.99621393,0.987191067,0.708569071,DERMASON
700.611,1.451674224,0.923400409,0.996808436,0.989058901,0.712488148,DERMASON
700.359,1.356029751,0.924193133,0.998786276,0.988897722,0.788399336,DERMASON
707.596,1.557710108,0.905761744,0.997889163,0.989987381,0.782807687,DERMASON
700.876,1.428936887,0.923341808,0.994610452,0.990885631,0.718088493,DERMASON
704.802,1.359025959,0.91315966,0.998872504,0.988011496,0.749397941,DERMASON
714.927,1.605907528,0.887551716,0.994604442,0.986932036,0.716497301,DERMASON
702.169,1.522852589,0.920326699,0.998024262,0.990454508,0.69947504,DERMASON
710.391,1.699506398,0.899146429,0.998200829,0.991923743,0.805554936,DERMASON
707.822,1.495727709,0.905710158,0.998374918,0.987502393,0.720816033,DERMASON
695.367,1.373481276,0.938575752,0.994882277,0.989045598,0.763353131,DERMASON
702.858,1.511903479,0.918726722,0.997720259,0.98872129,0.789442623,DERMASON
717.108,1.636861635,0.882576579,0.99791616,0.989371319,0.707760141,DERMASON
707.575,1.562755063,0.906543394,0.996649262,0.989181935,0.70460398,DERMASON
727.312,1.764322779,0.858080678,0.994391343,0.987938297,0.770630654,DERMASON
705.943,1.500976795,0.911017108,0.996875407,0.988941505,0.777569731,DERMASON
715.089,1.562479388,0.887936013,0.99731815,0.988698864,0.757484277,DERMASON
694.588,1.438379377,0.941203148,0.998336595,0.990977402,0.783567525,DERMASON
705.488,1.487380269,0.912369334,0.998385139,0.989837565,0.797264203,DERMASON
709.297,1.611739761,0.903246027,0.997539458,0.991092718,0.698782609,DERMASON
701.644,1.432994045,0.923082853,0.999172831,0.991092962,0.730506626,DERMASON
698.607,1.462156711,0.931228983,0.997815191,0.990795277,0.79418094,DERMASON
712.03,1.522025425,0.896449369,0.9955779,0.987899481,0.718026603,DERMASON
702.747,1.442247275,0.920391033,0.996305643,0.987577131,0.709791994,DERMASON
707.513,1.49536234,0.908082997,0.997005709,0.989306422,0.804291273,DERMASON
708.853,1.466797327,0.904853075,0.998633631,0.987931082,0.796797921,DERMASON
699.394,1.436707688,0.929545455,0.995432671,0.99088071,0.782166018,DERMASON
704.297,1.498817258,0.91667368,0.99849616,0.98985091,0.799823165,DERMASON
699.611,1.346268141,0.929148625,0.998247548,0.990285949,0.755847953,DERMASON
698.107,1.408884296,0.933208018,0.996763711,0.990205198,0.71202046,DERMASON
699.591,1.479767064,0.929330129,0.997499236,0.990206002,0.79432484,DERMASON
700.7,1.435972659,0.926672289,0.997458587,0.990642443,0.743877383,DERMASON
711.528,1.549202652,0.898707603,0.997460787,0.989640846,0.717112299,DERMASON
697.912,1.477485373,0.934116567,0.998446716,0.991429354,0.793804262,DERMASON
702.113,1.449818446,0.923022667,0.994821172,0.991212702,0.80214887,DERMASON
702.047,1.473774683,0.923374698,0.996891224,0.990292855,0.77460752,DERMASON
707.921,1.516450111,0.908240176,0.995964422,0.989050298,0.754604167,DERMASON
696.319,1.393752697,0.938887929,0.998147355,0.990701745,0.755652899,DERMASON
711.028,1.551123666,0.900518841,0.997664142,0.988243317,0.800888673,DERMASON
704.574,1.483851112,0.917117482,0.997652192,0.990188308,0.704178814,DERMASON
707.769,1.490929186,0.908956439,0.99620417,0.989594429,0.792953277,DERMASON
709.994,1.494924009,0.903442838,0.99560262,0.988085501,0.811959493,DERMASON
705.417,1.424728343,0.915255105,0.996450784,0.987197995,0.715925253,DERMASON
693.795,1.446534797,0.946201548,0.997992188,0.992877493,0.768483769,DERMASON
701.915,1.417399273,0.924895296,0.996939597,0.988577193,0.762431404,DERMASON
708.569,1.557045216,0.907731069,0.994192343,0.985596652,0.713524042,DERMASON
713.039,1.507166041,0.896435149,0.998238331,0.986884711,0.77770392,DERMASON
697.326,1.418646518,0.937754619,0.997377029,0.991204349,0.768206453,DERMASON
707.487,1.536170135,0.911011796,0.99667889,0.990663136,0.700994881,DERMASON
704.438,1.4933172,0.918965726,0.998256868,0.99055548,0.775837003,DERMASON
707.3,1.501237225,0.911619172,0.997363067,0.98947598,0.759119813,DERMASON
719.812,1.533442354,0.88022676,0.988811342,0.98459076,0.730065175,DERMASON
706.169,1.486398204,0.914642406,0.998444346,0.990178961,0.716236483,DERMASON
689.826,1.31548553,0.958599881,0.998977436,0.990558315,0.777468409,DERMASON
711.954,1.562681478,0.900260354,0.997210087,0.989913584,0.781933678,DERMASON
719.951,1.622183517,0.880565736,0.996872104,0.98743985,0.800727513,DERMASON
699.791,1.476245003,0.932134928,0.997263903,0.990916035,0.762233507,DERMASON
708.709,1.527347966,0.909323974,0.996073651,0.987796923,0.693712781,DERMASON
701.618,1.392964046,0.927822802,0.995586001,0.991137411,0.767116927,DERMASON
712.437,1.602868193,0.899931387,0.998835234,0.99124625,0.713061048,DERMASON
707.079,1.454882166,0.913672069,0.995564992,0.98892758,0.736327175,DERMASON
701.998,1.44149756,0.927226589,0.997692306,0.990223578,0.786035452,DERMASON
706.208,1.463011298,0.916481538,0.996777928,0.989095557,0.759226017,DERMASON
702.404,1.467952008,0.926460642,0.996938264,0.989580216,0.75913597,DERMASON
708.419,1.499200964,0.910794764,0.996204258,0.98912275,0.741947986,DERMASON
713.608,1.629443002,0.897918035,0.994611685,0.990257178,0.819803988,DERMASON
709.144,1.596976738,0.909483145,0.997731665,0.990771744,0.759595116,DERMASON
717.877,1.608987571,0.88785571,0.997329587,0.98827457,0.749290036,DERMASON
717.948,1.631941967,0.887997046,0.997870128,0.990644038,0.681790955,DERMASON
715.984,1.382670974,0.892973472,0.996923642,0.988601824,0.719792922,DERMASON
708.456,1.530953367,0.912226895,0.997602303,0.990000815,0.79007286,DERMASON
695.92,1.340703822,0.945543502,0.996407995,0.989491691,0.77225142,DERMASON
702.779,1.485485776,0.927202334,0.998702252,0.991915948,0.728126436,DERMASON
710.003,1.491564986,0.908629911,0.996835818,0.989198871,0.764070852,DERMASON
718.497,1.667266394,0.887395145,0.995649494,0.989441972,0.773531658,DERMASON
714.949,1.63214689,0.896494987,0.998250118,0.990789295,0.773338423,DERMASON
702.701,1.503793147,0.928400692,0.998219364,0.991978464,0.804858139,DERMASON
714.077,1.648593257,0.899375892,0.998344305,0.990258595,0.69033747,DERMASON
707.325,1.525164148,0.916829351,0.997217666,0.990045838,0.725282149,DERMASON
714.307,1.533853665,0.899264748,0.998121196,0.988842248,0.710577017,DERMASON
708.986,1.564728862,0.912963515,0.997304831,0.991313554,0.795205122,DERMASON
695.7,1.351692443,0.948166777,0.99876454,0.990856306,0.733372158,DERMASON
730.156,1.652789964,0.86083756,0.992373186,0.988630519,0.7749321,DERMASON
706.641,1.434113845,0.919108436,0.997913736,0.989273525,0.732770209,DERMASON
700.0,1.384315754,0.936656233,0.997714294,0.989568657,0.754856978,DERMASON
710.788,1.505177534,0.908489504,0.994825518,0.990723411,0.823191346,DERMASON
710.141,1.502635646,0.910245358,0.995676812,0.989195191,0.684281513,DERMASON
707.902,1.517655708,0.916137815,0.997209876,0.98884859,0.795947712,DERMASON
709.64,1.381147847,0.911655831,0.992190619,0.986019648,0.807381215,DERMASON
705.802,1.449636666,0.921622792,0.998236371,0.988474338,0.764970687,DERMASON
711.425,1.536992321,0.907409564,0.996630278,0.987356477,0.800310953,DERMASON
725.724,1.533484951,0.872028159,0.995989903,0.985732395,0.755748553,DERMASON
709.93,1.522537208,0.911434775,0.996440449,0.98936343,0.7474543,DERMASON
701.394,1.437641385,0.934060707,0.99706137,0.988805062,0.79381309,DERMASON
704.099,1.391164514,0.926922912,0.998835652,0.989126319,0.778208129,DERMASON
711.899,1.524253893,0.907044662,0.998643367,0.989130141,0.776963595,DERMASON
699.564,1.430095766,0.939570209,0.998607266,0.99165289,0.725004953,DERMASON
707.994,1.550646201,0.917378854,0.998937573,0.991062481,0.767390165,DERMASON
721.525,1.644464935,0.883438489,0.994903221,0.986575734,0.757413961,DERMASON
715.076,1.586127066,0.899641744,0.994515277,0.988550134,0.71574934,DERMASON
712.553,1.480621316,0.906419907,0.996440903,0.987142857,0.714149214,DERMASON
717.672,1.503767433,0.8939014,0.997968087,0.988639737,0.700910621,DERMASON
711.783,1.471729183,0.908828546,0.997984323,0.987734527,0.72468899,DERMASON
711.555,1.526157152,0.90948552,0.996548775,0.989415704,0.701992337,DERMASON
708.945,1.539458056,0.916394458,0.998462652,0.990862395,0.757523148,DERMASON
700.355,1.318739242,0.939063093,0.996583185,0.990407739,0.755752577,DERMASON
719.737,1.683505709,0.889361568,0.994876449,0.987874542,0.771409334,DERMASON
693.978,1.341483673,0.95663542,0.996363236,0.992367032,0.74837722,DERMASON
708.208,1.379995128,0.918703625,0.998143061,0.989075608,0.80362935,DERMASON
708.962,1.453749725,0.917075551,0.997753423,0.989880181,0.7315716,DERMASON
717.317,1.615152276,0.89590983,0.997287573,0.988227688,0.706167706,DERMASON
711.386,1.480899366,0.910960608,0.998813731,0.988601148,0.750286322,DERMASON
705.173,1.438687655,0.927209903,0.998061492,0.991380708,0.7954171,DERMASON
701.975,1.319568159,0.93583037,0.997689639,0.990365413,0.738474232,DERMASON
709.532,1.471195254,0.916027025,0.996377865,0.990419129,0.803459223,DERMASON
720.72,1.670484016,0.888364542,0.993898634,0.988505438,0.788833752,DERMASON
704.853,1.459480851,0.928937273,0.99854524,0.988001722,0.75942928,DERMASON
714.376,1.611868858,0.90438517,0.996794771,0.991737322,0.679971859,DERMASON
715.735,1.476522857,0.901101216,0.997684577,0.989627953,0.792124898,DERMASON
721.564,1.554838056,0.886746129,0.998407345,0.988458124,0.761640201,DERMASON
719.173,1.522131968,0.892773657,0.993925826,0.988752254,0.812295517,DERMASON
708.291,1.493678316,0.920467177,0.996941304,0.988247633,0.804690579,DERMASON
720.806,1.506689753,0.888878166,0.997163204,0.985651451,0.712228682,DERMASON
698.996,1.335963227,0.945264347,0.997587728,0.99043333,0.769922071,DERMASON
702.048,1.369088655,0.93714004,0.997159533,0.987958284,0.768680595,DERMASON
731.413,1.512258574,0.863471886,0.992160224,0.982860963,0.774983134,DERMASON
750.839,1.736701867,0.819525746,0.997273385,0.985076226,0.787567209,DERMASON
704.528,1.442971699,0.93100973,0.996259644,0.990305381,0.801665504,DERMASON
693.373,1.301033716,0.961337599,0.9981352,0.992631977,0.783065066,DERMASON
716.017,1.447629093,0.901935767,0.998231211,0.989352835,0.726854321,DERMASON
722.071,1.538573138,0.887067933,0.996347587,0.986041901,0.69607565,DERMASON
722.568,1.602639294,0.886112814,0.99645084,0.987792117,0.702380952,DERMASON
712.199,1.547487437,0.912400006,0.998264445,0.989042862,0.720098547,DERMASON
706.838,1.425838795,0.926418413,0.998618925,0.99050718,0.730813492,DERMASON
732.878,1.718804384,0.861848139,0.994466472,0.987746018,0.737182309,DERMASON
712.535,1.5582854,0.911960485,0.998364983,0.991469781,0.791514501,DERMASON
707.882,1.454802844,0.924139222,0.997419476,0.988519005,0.712041581,DERMASON
719.306,1.545289598,0.895163737,0.998704647,0.990353611,0.774892776,DERMASON
709.019,1.439363971,0.921377634,0.997155812,0.989769066,0.784467714,DERMASON
722.956,1.599909094,0.886388127,0.998290841,0.988179479,0.715864078,DERMASON
707.667,1.445591336,0.925328167,0.996216279,0.989428495,0.716136174,DERMASON
707.572,1.377791055,0.925626856,0.997316698,0.990465447,0.78290591,DERMASON
722.771,1.480861844,0.887106551,0.997590025,0.987918241,0.758900276,DERMASON
734.011,1.663486323,0.860425717,0.998546977,0.987129057,0.787339395,DERMASON
735.698,1.643456351,0.85669318,0.997425555,0.987819243,0.7494922,DERMASON
706.067,1.407434942,0.930308054,0.998210127,0.988721603,0.768271613,DERMASON
706.663,1.402416537,0.928915621,0.997974502,0.989545357,0.770004172,DERMASON
712.362,1.528446063,0.914136916,0.998075733,0.989094904,0.735944976,DERMASON
727.642,1.580011889,0.876218688,0.999043693,0.988036933,0.767079455,DERMASON
703.026,1.337377376,0.938805948,0.998729515,0.989203526,0.749147866,DERMASON
716.403,1.459685013,0.904122626,0.997965934,0.988700868,0.796488428,DERMASON
708.292,1.363419673,0.925098587,0.99924748,0.988041414,0.749386198,DERMASON
715.983,1.558635411,0.905379772,0.996065212,0.98822711,0.77454126,DERMASON
710.755,1.462827816,0.918922033,0.998424785,0.990428441,0.768387553,DERMASON
717.549,1.573438146,0.901969174,0.997379614,0.986440316,0.736233963,DERMASON
706.565,1.397132272,0.930331199,0.996949556,0.989372808,0.760916559,DERMASON
718.569,1.399058331,0.899605022,0.996765504,0.987787606,0.799256184,DERMASON
707.646,1.468567896,0.927616494,0.998493861,0.991125054,0.775419018,DERMASON
725.166,1.592116859,0.883550615,0.99442065,0.988002031,0.6926175,DERMASON
707.862,1.484032803,0.927351416,0.997946859,0.990835767,0.797364903,DERMASON
706.141,1.410374239,0.93190239,0.99830341,0.990331825,0.798678157,DERMASON
706.21,1.433705769,0.931972263,0.996760859,0.989566055,0.738991449,DERMASON
717.713,1.377091803,0.90243525,0.997125874,0.987717612,0.720979185,DERMASON
732.336,1.597829865,0.866849828,0.99617761,0.987956312,0.688169643,DERMASON
714.759,1.458596349,0.910057529,0.998398965,0.989780631,0.745026178,DERMASON
722.111,1.611242438,0.892054584,0.997235621,0.988516798,0.776016771,DERMASON
729.628,1.562829483,0.874075332,0.998020713,0.984997207,0.780609664,DERMASON
708.535,1.451250067,0.92709246,0.998582659,0.988866343,0.726215686,DERMASON
727.967,1.362708144,0.878614031,0.996984728,0.984221431,0.747196902,DERMASON
714.082,1.504633138,0.913164016,0.998675097,0.990457352,0.776813417,DERMASON
713.386,1.492582199,0.915144242,0.997754204,0.989665946,0.785711257,DERMASON
720.32,1.495871279,0.897634399,0.995845839,0.987767177,0.695626877,DERMASON
710.701,1.487634441,0.922121819,0.99886272,0.991281091,0.706142356,DERMASON
718.26,1.57565805,0.903034272,0.996975955,0.988877034,0.734046134,DERMASON
713.993,1.525035952,0.914032591,0.99817399,0.990543356,0.733299055,DERMASON
715.857,1.525806348,0.909401351,0.99665421,0.988063837,0.797835721,DERMASON
715.828,1.488098507,0.909744802,0.997197369,0.98867301,0.779098584,DERMASON
705.621,1.398462206,0.936305051,0.998198075,0.990521454,0.779107863,DERMASON
707.857,1.494306961,0.930649931,0.998768289,0.99274994,0.736664483,DERMASON
713.042,1.451160046,0.917263263,0.995972106,0.989415874,0.740581098,DERMASON
710.104,1.47968539,0.924943939,0.99913908,0.989073951,0.791398354,DERMASON
716.438,1.516845621,0.908710414,0.998503526,0.98881104,0.788347989,DERMASON
721.643,1.533815172,0.895697424,0.995739822,0.986813771,0.693787148,DERMASON
731.932,1.634093386,0.870786043,0.99377516,0.988918192,0.675160047,DERMASON
720.143,1.546943719,0.899578028,0.997423197,0.988155443,0.746351172,DERMASON
722.863,1.575871759,0.892868971,0.999116061,0.988866693,0.784461629,DERMASON
712.145,1.471281821,0.920046232,0.995607164,0.990609076,0.800685729,DERMASON
720.788,1.38280903,0.89813808,0.994584114,0.986110742,0.721738454,DERMASON
709.416,1.427912071,0.927188301,0.99831651,0.990266148,0.787750859,DERMASON
717.216,1.478056804,0.907301909,0.997907246,0.989608313,0.736086888,DERMASON
713.554,1.46216805,0.916860582,0.999006521,0.988452226,0.724123816,DERMASON
713.446,1.49644679,0.917138188,0.998884074,0.988425926,0.770246734,DERMASON
705.76,1.391383539,0.937475229,0.996411943,0.990510462,0.791223064,DERMASON
707.976,1.417615616,0.932067005,0.997920924,0.990646984,0.803827027,DERMASON
714.722,1.446095958,0.914751961,0.996764031,0.989594422,0.69980804,DERMASON
731.21,1.723770273,0.874104741,0.989553881,0.984045087,0.721846978,DERMASON
719.414,1.5887373,0.903077414,0.997393584,0.989517931,0.79501539,DERMASON
710.557,1.348240975,0.925930325,0.99371311,0.985770688,0.770866142,DERMASON
717.474,1.608131041,0.908260674,0.998513158,0.989810849,0.736898396,DERMASON
729.942,1.751431744,0.877733857,0.99403586,0.98899814,0.822616653,DERMASON
716.026,1.397885641,0.912477122,0.996144484,0.987846946,0.719381643,DERMASON
726.753,1.52437306,0.885810653,0.995569075,0.989317886,0.729590437,DERMASON
712.542,1.48058043,0.921620123,0.997925023,0.990266475,0.797942784,DERMASON
724.155,1.471922637,0.892321755,0.995137817,0.986881162,0.745799035,DERMASON
735.47,1.759231189,0.865634277,0.994708463,0.988486537,0.736674575,DERMASON
711.461,1.267303267,0.925242146,0.99381359,0.987807787,0.74775787,DERMASON
710.193,1.472622008,0.928748324,0.99687275,0.98919966,0.802691645,DERMASON
737.864,1.668784622,0.860418668,0.997799637,0.986503652,0.773434582,DERMASON
722.674,1.526202658,0.897137791,0.997386412,0.985827979,0.774688857,DERMASON
716.227,1.551014906,0.913361358,0.997287197,0.988572489,0.737732489,DERMASON
718.527,1.443171876,0.907718111,0.995241392,0.98716184,0.695777906,DERMASON
728.892,1.491082861,0.882416914,0.993038441,0.98471731,0.741630884,DERMASON
726.555,1.570683999,0.888174134,0.995018416,0.988370553,0.73070897,DERMASON
714.446,1.467775412,0.918560857,0.999208911,0.98947173,0.780826218,DERMASON
712.714,1.385941841,0.923080236,0.996334726,0.989655996,0.823359372,DERMASON
716.286,1.521259522,0.914019158,0.996513698,0.989526158,0.700334046,DERMASON
703.664,1.361631537,0.947103756,0.998531471,0.991366257,0.760319465,DERMASON
713.791,1.477320147,0.920617403,0.997396564,0.990184635,0.806525497,DERMASON
748.298,1.540559393,0.837690869,0.998068725,0.98467342,0.726206226,DERMASON
720.481,1.463765605,0.903672685,0.994885809,0.989450526,0.779864622,DERMASON
715.586,1.421062649,0.916299068,0.997139557,0.990135243,0.744155456,DERMASON
716.591,1.478332119,0.913828587,0.996482839,0.988432727,0.705631141,DERMASON
717.573,1.472167798,0.911499981,0.993409699,0.989560978,0.734623631,DERMASON
720.973,1.580420535,0.903044135,0.997282904,0.990296925,0.700352482,DERMASON
710.338,1.476137976,0.93061061,0.997990987,0.991298581,0.726193252,DERMASON
734.36,1.679784319,0.871026032,0.994282778,0.985161953,0.742771982,DERMASON
710.826,1.422873711,0.929805811,0.997698001,0.990331382,0.715220386,DERMASON
708.411,1.374328105,0.936181144,0.996753378,0.990148044,0.717050249,DERMASON
729.503,1.621955621,0.882970124,0.996273731,0.988918862,0.76662703,DERMASON
718.286,1.560388008,0.910957833,0.9976316,0.99243751,0.699031848,DERMASON
712.42,1.44308458,0.926120115,0.997179097,0.990283808,0.737509366,DERMASON
731.647,1.422437475,0.878108015,0.995543826,0.986861545,0.715603,DERMASON
713.916,1.507055987,0.922440085,0.997370859,0.990364508,0.748994014,DERMASON
716.226,1.439620349,0.916523998,0.996485093,0.986812259,0.744201774,DERMASON
725.981,1.603607405,0.892082673,0.992833361,0.989867189,0.7602357,DERMASON
714.422,1.452577598,0.921355471,0.998728644,0.988509391,0.749639423,DERMASON
720.829,1.478526594,0.905073736,0.996411457,0.988196462,0.793364427,DERMASON
712.362,1.473380028,0.927063354,0.996878659,0.988513942,0.75493043,DERMASON
732.327,1.61550574,0.877345008,0.996695021,0.990450746,0.68105424,DERMASON
727.189,1.577079359,0.889834208,0.997575496,0.989665927,0.772093695,DERMASON
722.968,1.60202578,0.900519477,0.996023692,0.98651496,0.696143481,DERMASON
715.262,1.47230912,0.92054363,0.998790872,0.991848617,0.805264289,DERMASON
717.338,1.348180237,0.91541854,0.998112232,0.989258946,0.756768215,DERMASON
721.535,1.494017183,0.904799963,0.99844833,0.988346033,0.714925999,DERMASON
711.31,1.397617971,0.931198413,0.997991334,0.990489525,0.790591262,DERMASON
718.931,1.489727538,0.911730977,0.997448706,0.990569776,0.698142011,DERMASON
728.191,1.586947504,0.888690459,0.995836409,0.988298545,0.703406363,DERMASON
715.578,1.549350748,0.920295232,0.998630528,0.992142234,0.786229453,DERMASON
718.35,1.490660205,0.913474259,0.998379308,0.990572515,0.717364697,DERMASON
720.028,1.518721194,0.909270059,0.998076145,0.98767805,0.780545152,DERMASON
725.847,1.521158142,0.894773402,0.997545414,0.989293249,0.793309085,DERMASON
703.561,1.306432574,0.952534586,0.996664443,0.989295225,0.792786511,DERMASON
735.285,1.4625998,0.872275895,0.996651813,0.98630713,0.750454936,DERMASON
717.198,1.494912297,0.916997485,0.997128702,0.989455648,0.801790063,DERMASON
742.621,1.806326372,0.855332496,0.997008934,0.989143324,0.732229245,DERMASON
726.746,1.559496581,0.893346225,0.997855373,0.98792296,0.700516801,DERMASON
721.732,1.496727874,0.90601893,0.995795792,0.990740496,0.755958132,DERMASON
722.862,1.640393795,0.903284707,0.996482387,0.990375742,0.791820386,DERMASON
721.363,1.526405003,0.90728417,0.996257174,0.990430496,0.692496267,DERMASON
725.385,1.537388478,0.897250931,0.9991389,0.990561063,0.792198208,DERMASON
748.438,1.690874856,0.842851297,0.991200262,0.986426171,0.661554444,DERMASON
721.462,1.549381804,0.907252472,0.997101322,0.991321093,0.692292104,DERMASON
741.224,1.542469333,0.859566043,0.996399553,0.982972379,0.734778868,DERMASON
717.057,1.400072534,0.918531276,0.997177856,0.987544998,0.799638298,DERMASON
720.715,1.608215324,0.909230899,0.997846802,0.992238034,0.722180588,DERMASON
726.541,1.636416505,0.894897899,0.997671712,0.989132723,0.689351011,DERMASON
717.714,1.515011355,0.917167526,0.998845003,0.989707005,0.724979752,DERMASON
721.237,1.508852137,0.908325931,0.999119887,0.989447646,0.717488789,DERMASON
712.941,1.341782665,0.930131947,0.997083921,0.989609911,0.777571098,DERMASON
718.887,1.530455962,0.915003641,0.998366662,0.989273884,0.764417901,DERMASON
713.497,1.468893661,0.928929727,0.998231014,0.991516046,0.753710269,DERMASON
719.742,1.39892293,0.913316181,0.99538406,0.988111172,0.708399187,DERMASON
722.14,1.480636154,0.907356969,0.997310463,0.988916903,0.702028488,DERMASON
721.8,1.39549205,0.908284341,0.994325673,0.987180832,0.698334693,DERMASON
721.007,1.538448481,0.910355913,0.998211619,0.99014066,0.716841785,DERMASON
719.448,1.423965844,0.914426949,0.998126776,0.989699661,0.757664145,DERMASON
714.858,1.471887331,0.926330408,0.997650916,0.99069009,0.797147452,DERMASON
721.516,1.591153355,0.909337457,0.99829211,0.991003078,0.776577542,DERMASON
719.773,1.380698097,0.913940934,0.994511392,0.989729446,0.723177613,DERMASON
720.633,1.482586442,0.911785048,0.99536371,0.989573758,0.724838412,DERMASON
733.624,1.563380039,0.879779214,0.997114348,0.987913269,0.74389955,DERMASON
744.443,1.720012355,0.854620095,0.995084192,0.984973213,0.672459321,DERMASON
737.758,1.731656264,0.870408972,0.997585346,0.989605208,0.787385129,DERMASON
716.648,1.435130226,0.922516167,0.998396842,0.99129726,0.728560386,DERMASON
717.219,1.323903365,0.921292155,0.995004788,0.988286164,0.715820442,DERMASON
721.47,1.570738268,0.910877795,0.998436058,0.99198107,0.715464113,DERMASON
731.473,1.522068522,0.886205823,0.998437208,0.988447635,0.723686229,DERMASON
720.089,1.527849756,0.91493234,0.996822029,0.98871255,0.703625012,DERMASON
721.451,1.480271597,0.911553498,0.995766829,0.988920611,0.722672026,DERMASON
719.583,1.528674907,0.916559288,0.996920921,0.991441997,0.721102074,DERMASON
725.097,1.587619011,0.903054759,0.998507973,0.98955005,0.770358439,DERMASON
710.546,1.386026787,0.940594333,0.996302095,0.989008113,0.727178264,DERMASON
726.658,1.626290817,0.899583633,0.995628176,0.989502893,0.816979338,DERMASON
723.857,1.417844428,0.906655001,0.993601419,0.983941074,0.732295057,DERMASON
728.09,1.533976856,0.896214464,0.997414161,0.988340784,0.779397213,DERMASON
721.444,1.442529843,0.912850806,0.998717899,0.98867737,0.719130402,DERMASON
730.232,1.484979682,0.89101155,0.996470753,0.987412186,0.791099115,DERMASON
729.095,1.540934825,0.893816364,0.996836263,0.988341698,0.69788475,DERMASON
717.819,1.455663274,0.922410962,0.994258675,0.986386397,0.742262781,DERMASON
729.761,1.619425996,0.892492421,0.998992976,0.989353911,0.773033846,DERMASON
727.173,1.603794145,0.899046584,0.995542405,0.989925686,0.761401602,DERMASON
720.476,1.434329549,0.915862186,0.998603186,0.988064457,0.725167721,DERMASON
730.074,1.558137963,0.891963083,0.99725155,0.988917061,0.777049786,DERMASON
718.282,1.441963691,0.921538822,0.997490515,0.989021043,0.793918919,DERMASON
715.587,1.429542449,0.928861289,0.996990498,0.990604308,0.770812968,DERMASON
726.206,1.575087591,0.902109667,0.997599249,0.989234669,0.743018075,DERMASON
730.356,1.551354513,0.892051837,0.996519465,0.988513549,0.782161448,DERMASON
719.536,1.507372987,0.919106227,0.997517477,0.990168135,0.711197506,DERMASON
734.3,1.580520362,0.882564886,0.997198409,0.988230689,0.747099905,DERMASON
728.892,1.514391764,0.895804428,0.995034504,0.990092021,0.736112731,DERMASON
716.116,1.346521103,0.928126595,0.997811699,0.990325786,0.748300933,DERMASON
720.469,1.504613024,0.917163067,0.99855566,0.989138665,0.720548518,DERMASON
736.433,1.455357806,0.877900027,0.996481616,0.984692154,0.766963563,DERMASON
718.675,1.443078845,0.921893718,0.997156613,0.989321149,0.708772914,DERMASON
714.794,1.469793204,0.931956402,0.998259081,0.990019334,0.73950039,DERMASON
719.216,1.478904928,0.920580209,0.9968463,0.99108147,0.815556129,DERMASON
730.158,1.441337484,0.893337116,0.997901667,0.986645146,0.789780779,DERMASON
723.594,1.410920127,0.909714241,0.99577377,0.988447597,0.709016087,DERMASON
723.057,1.566724788,0.911258285,0.997171725,0.989998694,0.723539066,DERMASON
720.748,1.490198332,0.917130471,0.995565706,0.989146599,0.748499566,DERMASON
731.16,1.500652079,0.891713012,0.996955056,0.986503355,0.722296268,DERMASON
728.164,1.581137394,0.899113339,0.995936927,0.990005219,0.794525425,DERMASON
725.296,1.532722338,0.906381359,0.997765869,0.987481782,0.777903067,DERMASON
738.476,1.45113443,0.874385798,0.998671742,0.984587442,0.759223689,DERMASON
720.358,1.471048851,0.919044035,0.998453103,0.989002684,0.782575523,DERMASON
726.39,1.543794837,0.903962862,0.998480998,0.990397662,0.705659255,DERMASON
711.351,1.409706997,0.942738094,0.997197844,0.990192498,0.808786245,DERMASON
731.196,1.34301108,0.892283321,0.994944639,0.985079662,0.701459719,DERMASON
713.866,1.394699904,0.936131789,0.998015335,0.989573287,0.789054706,DERMASON
724.161,1.502498412,0.909823858,0.998350542,0.990710782,0.774161977,DERMASON
721.739,1.474829233,0.915940448,0.997465308,0.987978142,0.785891704,DERMASON
728.233,1.516004428,0.899748619,0.996212511,0.988081917,0.731055064,DERMASON
719.14,1.435225843,0.922694394,0.996381535,0.990608614,0.809313725,DERMASON
720.626,1.512226464,0.919110736,0.998056322,0.990068556,0.709466527,DERMASON
733.425,1.548389559,0.887662256,0.995762423,0.986269013,0.771873159,DERMASON
723.162,1.47447327,0.913324512,0.998168291,0.989147973,0.762497994,DERMASON
702.968,1.306501541,0.966602797,0.998484724,0.992869084,0.76534783,DERMASON
727.694,1.622747237,0.902149878,0.997700187,0.989587672,0.728680685,DERMASON
765.052,1.360137241,0.816367592,0.995915837,0.982253106,0.729575195,DERMASON
719.218,1.443440735,0.923830408,0.998170924,0.989076155,0.738350419,DERMASON
727.098,1.524419638,0.904081088,0.996617746,0.989258219,0.749975352,DERMASON
721.443,1.529472406,0.918333981,0.997535415,0.990288734,0.781219192,DERMASON
726.614,1.522298341,0.905357316,0.997422803,0.988898999,0.711682383,DERMASON
721.784,1.493628578,0.918165979,0.998335,0.991301857,0.726431298,DERMASON
714.916,1.396700011,0.935965608,0.997439232,0.990399875,0.789039506,DERMASON
717.993,1.43781984,0.928033659,0.998257549,0.990271817,0.797081423,DERMASON
729.649,1.62230514,0.898856214,0.998389271,0.992649167,0.689723249,DERMASON
723.95,1.502005376,0.913111625,0.997722074,0.989657233,0.722336027,DERMASON
738.65,1.639418988,0.877175352,0.997585121,0.987732766,0.772201946,DERMASON
728.862,1.492269161,0.901034918,0.994842455,0.987094768,0.74092589,DERMASON
755.186,1.508023089,0.839313827,0.995297595,0.983856803,0.706317566,DERMASON
719.528,1.450585907,0.924733612,0.996135944,0.992161254,0.707404932,DERMASON
734.849,1.643233519,0.886715331,0.996341183,0.990460347,0.702818356,DERMASON
722.79,1.559464542,0.916694324,0.998837409,0.99084811,0.751646878,DERMASON
726.96,1.489728071,0.906493117,0.998523967,0.98782131,0.714122473,DERMASON
722.321,1.463163004,0.918318654,0.996224878,0.988617212,0.735905503,DERMASON
732.24,1.604566842,0.893654755,0.998653601,0.989644164,0.803210313,DERMASON
748.715,1.699432293,0.854803674,0.994836653,0.987440764,0.810629252,DERMASON
731.632,1.558265613,0.895304992,0.997622137,0.988901854,0.69973579,DERMASON
727.902,1.573124888,0.904693891,0.9968329,0.988442901,0.740823461,DERMASON
717.9,1.391689306,0.930151587,0.997213334,0.989469316,0.815041128,DERMASON
721.875,1.50388127,0.919984273,0.997738845,0.988726189,0.73540751,DERMASON
723.294,1.449160779,0.9165462,0.995881057,0.990139347,0.771674722,DERMASON
713.931,1.46017011,0.940867595,0.997559403,0.992897099,0.821748493,DERMASON
739.545,1.507753749,0.876983527,0.995475933,0.986789038,0.717233215,DERMASON
717.156,1.31303697,0.932839958,0.997960952,0.989426491,0.808260649,DERMASON
724.522,1.406646822,0.913992503,0.994798727,0.99029932,0.702975401,DERMASON
727.835,1.600255618,0.905785603,0.9952545,0.98730446,0.745956083,DERMASON
723.468,1.531322485,0.916969697,0.997727659,0.991047797,0.777228327,DERMASON
724.552,1.520608834,0.914563118,0.996701704,0.990229111,0.737700803,DERMASON
750.195,1.496478896,0.853220541,0.998659727,0.981279371,0.747130707,DERMASON
730.699,1.632278449,0.89935801,0.995874399,0.987211615,0.689373985,DERMASON
721.742,1.466038894,0.921843167,0.996806852,0.98971769,0.713035528,DERMASON
715.914,1.381408005,0.93703564,0.997007603,0.990257553,0.724704187,DERMASON
725.726,1.454362258,0.911916727,0.99814328,0.98907924,0.743333917,DERMASON
727.312,1.542832495,0.908205266,0.996727924,0.98954316,0.778001628,DERMASON
722.709,1.541570097,0.919859112,0.998327706,0.990261338,0.745282651,DERMASON
745.217,1.803706588,0.865426875,0.993080289,0.989470416,0.816332629,DERMASON
742.209,1.660786129,0.872547083,0.995249638,0.985824742,0.721807065,DERMASON
734.029,1.514496921,0.892359279,0.998086276,0.989628059,0.713931184,DERMASON
729.742,1.622021639,0.90292192,0.997695717,0.990243271,0.690169553,DERMASON
734.341,1.490213406,0.891880803,0.996950669,0.987664834,0.769306533,DERMASON
729.704,1.618803268,0.903346367,0.998496668,0.989683525,0.776724838,DERMASON
719.888,1.498251666,0.928464626,0.99865962,0.991840435,0.759903152,DERMASON
726.994,1.371441761,0.910783208,0.996732443,0.987853625,0.71314741,DERMASON
725.439,1.482129415,0.914811368,0.995609014,0.989615891,0.730275824,DERMASON
724.757,1.510723056,0.916629556,0.998671848,0.9902052,0.77860191,DERMASON
722.284,1.49258276,0.923061652,0.997050888,0.991282529,0.809347808,DERMASON
731.614,1.526900658,0.899692325,0.998272824,0.988852764,0.768468758,DERMASON
724.661,1.375708621,0.917039943,0.996868022,0.988572166,0.71951334,DERMASON
720.488,1.413321705,0.927766152,0.996293119,0.990438041,0.806842105,DERMASON
729.785,1.594817828,0.904703121,0.996792701,0.991287487,0.810634249,DERMASON
717.637,1.419400839,0.935640392,0.997313794,0.98942072,0.77848384,DERMASON
738.386,1.427935482,0.883864468,0.997191148,0.985556412,0.741339313,DERMASON
719.697,1.464840819,0.930631516,0.998554731,0.991367948,0.761272525,DERMASON
742.778,1.510134079,0.874035095,0.995431106,0.987696901,0.71644076,DERMASON
734.514,1.615113144,0.893836523,0.996653375,0.990067079,0.686739442,DERMASON
725.063,1.454371992,0.917314128,0.996698612,0.990169518,0.777597666,DERMASON
734.438,1.591261624,0.894697135,0.992969074,0.982903358,0.686472186,DERMASON
724.492,1.468589694,0.919909808,0.996587595,0.990666735,0.817879949,DERMASON
724.092,1.463570175,0.920926434,0.996775066,0.987788889,0.70840708,DERMASON
740.082,1.717711303,0.881951814,0.99802028,0.99133507,0.779657236,DERMASON
726.487,1.487816372,0.915388245,0.996196168,0.989219092,0.751074471,DERMASON
729.307,1.523962826,0.9084174,0.996265317,0.989398384,0.77551432,DERMASON
736.67,1.704025722,0.890673112,0.997974629,0.990650836,0.689220183,DERMASON
726.952,1.533168799,0.914716915,0.997619128,0.98968303,0.712800652,DERMASON
726.154,1.44241889,0.916823784,0.997869719,0.989607717,0.806790538,DERMASON
734.166,1.584759096,0.897178718,0.993767338,0.990604165,0.683322679,DERMASON
732.235,1.609861432,0.902034101,0.998399502,0.990401441,0.741389274,DERMASON
725.915,1.507589287,0.918023775,0.996483751,0.989334635,0.792539065,DERMASON
726.546,1.422805338,0.916477485,0.996472036,0.990735498,0.733840377,DERMASON
728.322,1.475742308,0.912013307,0.995762089,0.988293885,0.761627792,DERMASON
722.063,1.471362088,0.928109816,0.999222115,0.989795394,0.748348103,DERMASON
727.866,1.448325759,0.913630789,0.995984942,0.989823714,0.780601492,DERMASON
744.351,1.558165512,0.874155227,0.998589737,0.987395604,0.695478004,DERMASON
724.663,1.523537364,0.922299421,0.997830165,0.990236884,0.707062924,DERMASON
729.235,1.549373228,0.910818068,0.998779557,0.991587559,0.707657848,DERMASON
732.761,1.612728726,0.902284193,0.998220964,0.988386402,0.697728712,DERMASON
729.22,1.547698558,0.911091855,0.997067141,0.990061888,0.703591503,DERMASON
725.394,1.477080299,0.92101466,0.995351098,0.992408842,0.787849074,DERMASON
736.982,1.587498147,0.892533557,0.995349813,0.991722152,0.718647541,DERMASON
729.92,1.46823783,0.909911273,0.998793502,0.989128763,0.743844359,DERMASON
735.508,1.495681764,0.896300352,0.997231544,0.990120606,0.782466742,DERMASON
728.609,1.256447218,0.913638413,0.995761359,0.986731772,0.775819095,DERMASON
728.557,1.475606949,0.913792513,0.998086507,0.987792706,0.708324158,DERMASON
718.772,1.302059919,0.938890333,0.998401619,0.990963237,0.747193186,DERMASON
728.262,1.463416862,0.914864683,0.996317665,0.990864299,0.703827926,DERMASON
731.032,1.556589873,0.908062247,0.997629295,0.991552406,0.702548802,DERMASON
727.785,1.514361232,0.916230379,0.998152417,0.990535549,0.742644514,DERMASON
748.95,1.622569588,0.865222348,0.995399619,0.986815545,0.68789185,DERMASON
742.379,1.623797361,0.880629575,0.995854717,0.987471876,0.785958486,DERMASON
727.337,1.480406554,0.917478193,0.994219928,0.989470988,0.78914678,DERMASON
731.663,1.506565106,0.906778351,0.997594996,0.990157127,0.792682426,DERMASON
724.039,1.502919072,0.926574591,0.996272182,0.992018478,0.776496585,DERMASON
739.945,1.712375474,0.887235952,0.997555069,0.991510208,0.682889344,DERMASON
717.157,1.33828242,0.94456532,0.995236459,0.988569529,0.798063624,DERMASON
725.947,1.445513075,0.922068053,0.997864426,0.989888388,0.800849125,DERMASON
739.78,1.646047979,0.888182854,0.997769965,0.98910681,0.702499001,DERMASON
719.654,1.28413443,0.93867706,0.995201682,0.98979148,0.832816671,DERMASON
746.287,1.638507134,0.873077833,0.994837192,0.98646306,0.698289241,DERMASON
720.119,1.35697491,0.937949847,0.998104074,0.989214884,0.745277751,DERMASON
729.744,1.469394977,0.913606708,0.997968112,0.989774006,0.808841349,DERMASON
758.269,1.540697446,0.846380994,0.991963407,0.98577065,0.715478698,DERMASON
727.406,1.46525735,0.919821598,0.997833581,0.989246763,0.741783498,DERMASON
731.086,1.56383513,0.910914017,0.997996735,0.991199345,0.725217131,DERMASON
737.923,1.54439199,0.894251088,0.99805513,0.987563077,0.78568532,DERMASON
736.821,1.463818559,0.897136316,0.996995199,0.989128493,0.793770096,DERMASON
753.761,1.548853187,0.857287135,0.997916069,0.984856185,0.711297071,DERMASON
732.365,1.524874439,0.908391174,0.998347382,0.989334014,0.80080965,DERMASON
734.02,1.458456349,0.904439422,0.999250049,0.98903285,0.766136521,DERMASON
725.419,1.468734649,0.926109232,0.997344464,0.990549653,0.774880617,DERMASON
734.84,1.493519499,0.902887469,0.996901523,0.988030967,0.740391588,DERMASON
724.963,1.463039642,0.927681108,0.996080418,0.991617042,0.828790533,DERMASON
734.716,1.565970135,0.903308657,0.997715541,0.98931722,0.759993732,DERMASON
734.606,1.507655557,0.90364906,0.997716748,0.98896506,0.764650246,DERMASON
742.218,1.412330235,0.885322969,0.996569252,0.987205576,0.714909372,DERMASON
726.395,1.450239624,0.92431288,0.996647396,0.989925011,0.791657318,DERMASON
755.282,1.530961538,0.855027329,0.998211447,0.984801969,0.738765488,DERMASON
717.192,1.355043921,0.94838207,0.997675784,0.990103808,0.779560607,DERMASON
741.523,1.511197771,0.887280404,0.996900034,0.987888041,0.733053888,DERMASON
731.002,1.424624782,0.913263379,0.998801938,0.98864591,0.75148032,DERMASON
724.827,1.392581751,0.929081695,0.997383185,0.989051002,0.720649351,DERMASON
740.042,1.578406666,0.891294185,0.996664806,0.987894201,0.719146888,DERMASON
731.001,1.466710781,0.913853792,0.998060845,0.989030567,0.792349727,DERMASON
720.76,1.419666115,0.94029775,0.998615607,0.991455607,0.727177492,DERMASON
728.545,1.461064633,0.920570101,0.995517627,0.990321677,0.79717484,DERMASON
731.164,1.459158,0.914034034,0.994857301,0.989012386,0.714259474,DERMASON
741.924,1.527967491,0.88798807,0.998382108,0.988990592,0.790894858,DERMASON
727.644,1.510846585,0.923468377,0.998190927,0.989950132,0.783949871,DERMASON
734.687,1.550175386,0.906266838,0.994629774,0.9884214,0.693638632,DERMASON
723.221,1.42663403,0.935230675,0.996422896,0.991265597,0.766189033,DERMASON
723.995,1.369667675,0.93339991,0.994431332,0.988624245,0.816722955,DERMASON
733.244,1.589959886,0.910000965,0.997447911,0.9904602,0.736939733,DERMASON
733.509,1.454148055,0.909600475,0.995785566,0.987173963,0.73572751,DERMASON
735.297,1.408323444,0.905182156,0.997469525,0.98604922,0.715742851,DERMASON
720.254,1.355517959,0.943436158,0.997980264,0.990337427,0.737632576,DERMASON
737.829,1.549830727,0.899257208,0.99758684,0.990616895,0.699658764,DERMASON
733.899,1.454021912,0.90914728,0.994343263,0.987381224,0.716147173,DERMASON
717.524,1.30788573,0.951165876,0.996835107,0.989864865,0.746961855,DERMASON
730.101,1.431973144,0.918819284,0.996444711,0.989514573,0.780608464,DERMASON
734.732,1.561816968,0.90741286,0.997686669,0.991201973,0.738486312,DERMASON
751.95,1.585610441,0.866399783,0.996945558,0.984717977,0.778901099,DERMASON
741.513,1.575675006,0.891143897,0.998322884,0.988515655,0.777972865,DERMASON
730.374,1.480305685,0.91858012,0.996559107,0.988466121,0.761542067,DERMASON
746.686,1.63040699,0.879087004,0.995458646,0.986843104,0.67860809,DERMASON
745.539,1.480736219,0.882020092,0.997269923,0.986522025,0.759924422,DERMASON
732.383,1.449023665,0.914133214,0.998822406,0.988648745,0.772041947,DERMASON
737.441,1.581676091,0.90179816,0.99826433,0.990281408,0.696581883,DERMASON
750.46,1.434624587,0.870847661,0.991312437,0.98366812,0.747538786,DERMASON
738.414,1.547639369,0.899515334,0.99612147,0.987751177,0.729996633,DERMASON
739.241,1.6155722,0.897503857,0.997340567,0.98767619,0.742834304,DERMASON
753.139,1.682357077,0.864929127,0.997872032,0.988755224,0.777322051,DERMASON
739.172,1.49268296,0.898085416,0.996788687,0.989759708,0.793142671,DERMASON
740.619,1.572004414,0.894762815,0.997641363,0.990138167,0.787689329,DERMASON
739.395,1.489716929,0.89784259,0.998911828,0.987012003,0.78233091,DERMASON
732.055,1.384357916,0.916171902,0.995316395,0.988013655,0.732297485,DERMASON
734.17,1.576605422,0.91106408,0.995728665,0.98996808,0.780935252,DERMASON
732.027,1.41553049,0.916476498,0.9981564,0.988991801,0.740170455,DERMASON
724.99,1.325204529,0.934903995,0.997566538,0.987624388,0.791450777,DERMASON
748.389,1.74589797,0.877469004,0.997142294,0.989575163,0.709730691,DERMASON
739.694,1.604182451,0.898426006,0.996209716,0.990655152,0.743236054,DERMASON
721.955,1.392822694,0.943239016,0.996705057,0.99150996,0.766186205,DERMASON
739.882,1.456803198,0.898199047,0.998283033,0.988580091,0.796255596,DERMASON
724.451,1.439660438,0.936942153,0.9971207,0.99043256,0.814228344,DERMASON
730.282,1.563393214,0.92208682,0.998707043,0.992643888,0.751704796,DERMASON
762.2,1.780547958,0.846779745,0.998790081,0.989135104,0.655070281,DERMASON
729.887,1.494518305,0.92381636,0.997341987,0.991995947,0.751463054,DERMASON
736.811,1.496423741,0.906627856,0.994932353,0.98769417,0.710595065,DERMASON
731.491,1.438797414,0.919886772,0.996943576,0.989791019,0.743752848,DERMASON
748.606,1.685750396,0.878328203,0.997906068,0.988043588,0.806564533,DERMASON
737.322,1.53455345,0.905533422,0.998596253,0.989217716,0.712272727,DERMASON
738.082,1.575115959,0.903923277,0.998328506,0.990746359,0.738035597,DERMASON
732.295,1.461039389,0.919250538,0.995982005,0.990106007,0.714093276,DERMASON
733.828,1.475709634,0.915483845,0.996134875,0.987589367,0.705086269,DERMASON
744.907,1.598747033,0.888726139,0.997393098,0.989161394,0.710923913,DERMASON
743.15,1.538170856,0.893024482,0.997639015,0.988938165,0.781501394,DERMASON
732.939,1.511903858,0.91880546,0.997242202,0.990517981,0.717799708,DERMASON
750.389,1.582406812,0.876725631,0.997122229,0.98748209,0.697990512,DERMASON
736.159,1.526114924,0.91113305,0.997140344,0.990097264,0.705629882,DERMASON
747.624,1.606361878,0.883447382,0.994416271,0.989773557,0.747053232,DERMASON
738.041,1.479028529,0.906607558,0.997739523,0.986172802,0.75526599,DERMASON
754.754,1.658643736,0.867077401,0.996434386,0.988805313,0.697211579,DERMASON
732.876,1.477575687,0.919688721,0.99628532,0.991950136,0.703781287,DERMASON
737.159,1.540433086,0.90907897,0.997072232,0.987912143,0.713189405,DERMASON
734.483,1.503569209,0.915785158,0.999179667,0.991400832,0.787067067,DERMASON
746.921,1.55928585,0.885629231,0.996974253,0.988783825,0.791711973,DERMASON
737.773,1.373180023,0.907866595,0.997630439,0.989083958,0.775391896,DERMASON
738.808,1.53148636,0.905554929,0.99599944,0.989758688,0.788319705,DERMASON
738.495,1.563758091,0.906599203,0.998386281,0.989512864,0.795125697,DERMASON
733.027,1.469536051,0.920409034,0.99738556,0.989888827,0.80176014,DERMASON
732.258,1.502038223,0.922554156,0.997186415,0.988995804,0.794963448,DERMASON
743.739,1.528155156,0.894404896,0.997043458,0.985901385,0.716339156,DERMASON
740.929,1.559523993,0.901819932,0.998858118,0.990421841,0.718202534,DERMASON
744.254,1.608475565,0.893870806,0.996101283,0.98875756,0.698772745,DERMASON
752.423,1.596203689,0.874788759,0.996691913,0.987818633,0.711210163,DERMASON
731.87,1.49039876,0.924916782,0.997524892,0.990901322,0.760127253,DERMASON
744.37,1.554746376,0.894317974,0.996879042,0.989262688,0.693485984,DERMASON
740.91,1.423921734,0.902827638,0.998887935,0.988173686,0.775732185,DERMASON
741.596,1.551293523,0.901363767,0.996566183,0.988448721,0.742970148,DERMASON
744.392,1.508105543,0.894718675,0.997406635,0.988326361,0.727056612,DERMASON
732.502,1.487881589,0.924398774,0.99899198,0.990663119,0.728215347,DERMASON
748.749,1.707001032,0.884784463,0.996372799,0.988381701,0.787695562,DERMASON
734.501,1.47682972,0.920282405,0.998700631,0.988688972,0.769795807,DERMASON
731.357,1.476226595,0.928470169,0.996879247,0.990228013,0.798093623,DERMASON
744.617,1.605933523,0.895877874,0.996525679,0.989164435,0.727687776,DERMASON
738.594,1.380198789,0.910571684,0.998969219,0.986597115,0.734112097,DERMASON
735.628,1.518779741,0.91809176,0.998991334,0.991349264,0.731700998,DERMASON
737.879,1.507639878,0.912498777,0.996163478,0.989587505,0.70455315,DERMASON
739.521,1.543328902,0.908497087,0.997357487,0.98981099,0.771548444,DERMASON
740.844,1.527822655,0.90527809,0.996823377,0.989365429,0.734161468,DERMASON
730.923,1.400192095,0.930161131,0.997352625,0.99105308,0.727732794,DERMASON
733.996,1.492952764,0.922552153,0.998613333,0.990384615,0.784668492,DERMASON
765.067,1.591899703,0.849311897,0.997454446,0.986632083,0.6975842,DERMASON
723.419,1.379403821,0.949942467,0.99804506,0.991379526,0.80082996,DERMASON
723.964,1.383941641,0.948752531,0.998115664,0.992575313,0.807670327,DERMASON
736.792,1.509451344,0.916119143,0.998623674,0.98972166,0.784988892,DERMASON
733.731,1.484840199,0.923802213,0.998446821,0.990341065,0.784884182,DERMASON
734.744,1.503865515,0.921279933,0.998113057,0.990589178,0.705490196,DERMASON
746.911,1.480762185,0.89153207,0.998346167,0.988412457,0.798688326,DERMASON
753.356,1.546351224,0.876365255,0.998390494,0.986589561,0.713153153,DERMASON
728.106,1.367800062,0.938391804,0.998348355,0.990244635,0.768400621,DERMASON
738.419,1.492557574,0.912501353,0.996365768,0.990444267,0.772038608,DERMASON
743.722,1.618011426,0.899739305,0.997065532,0.989283573,0.756359817,DERMASON
751.252,1.54430729,0.881904371,0.99547467,0.986181311,0.787388426,DERMASON
739.412,1.509199899,0.910672679,0.994384714,0.986775254,0.7901759,DERMASON
732.44,1.47407357,0.928139189,0.99846461,0.992236997,0.789932217,DERMASON
741.904,1.47221073,0.904976139,0.99789172,0.989861406,0.713868929,DERMASON
727.918,1.439888446,0.940370705,0.998918647,0.991795693,0.774373096,DERMASON
742.829,1.551480656,0.903179191,0.997303696,0.987401967,0.736499034,DERMASON
749.249,1.631285364,0.887812346,0.998442168,0.989126369,0.706642198,DERMASON
750.145,1.625514976,0.886295696,0.991246995,0.985865812,0.666801075,DERMASON
736.527,1.505392612,0.919535131,0.998219774,0.991482666,0.791730658,DERMASON
742.497,1.569088435,0.904898826,0.998068406,0.991310211,0.771903558,DERMASON
746.441,1.558469627,0.895474358,0.997632472,0.988645418,0.76923375,DERMASON
736.873,1.456766802,0.918880084,0.997891407,0.989976562,0.757738845,DERMASON
739.117,1.550787759,0.913424028,0.9974503,0.98916401,0.734535701,DERMASON
737.023,1.513235344,0.918644902,0.997943661,0.990422507,0.726291724,DERMASON
744.336,1.62565541,0.900954632,0.998656882,0.991785474,0.702484747,DERMASON
736.791,1.440979426,0.919640188,0.996770401,0.989735924,0.81004812,DERMASON
737.002,1.500486282,0.919136822,0.998489238,0.990846967,0.722319188,DERMASON
737.813,1.510040756,0.917509746,0.996675601,0.989568032,0.698818482,DERMASON
739.528,1.55479038,0.913259184,0.996136337,0.991221507,0.794125874,DERMASON
738.761,1.544882603,0.915501882,0.997376437,0.989301087,0.755481664,DERMASON
743.167,1.553008508,0.904701377,0.995947218,0.990706366,0.808072186,DERMASON
736.286,1.492460016,0.922061146,0.998519781,0.990414063,0.786250791,DERMASON
755.236,1.630974796,0.876788474,0.997320385,0.987543115,0.682437067,DERMASON
735.811,1.528661776,0.923785829,0.998620647,0.992147771,0.709048153,DERMASON
737.018,1.44417628,0.920970782,0.99612624,0.990890084,0.713837437,DERMASON
740.266,1.526664893,0.912998513,0.998251248,0.990767699,0.737296296,DERMASON
725.562,1.334155451,0.950593366,0.998250661,0.991040987,0.763009657,DERMASON
749.654,1.597439981,0.89069939,0.997854613,0.989418515,0.698481448,DERMASON
739.577,1.462559221,0.915159916,0.99727948,0.989517091,0.778007813,DERMASON
755.392,1.580684779,0.877747717,0.997183439,0.988271758,0.692154071,DERMASON
744.509,1.516139273,0.903891278,0.997928644,0.987394438,0.729258121,DERMASON
736.752,1.434211449,0.92314073,0.995569222,0.990560179,0.772816249,DERMASON
739.238,1.452015454,0.917333191,0.995766827,0.990195348,0.798638639,DERMASON
748.942,1.481376674,0.893872348,0.993361421,0.984820062,0.700572412,DERMASON
745.235,1.586982176,0.902809817,0.996548474,0.990123579,0.788849348,DERMASON
745.006,1.424608308,0.904247902,0.997877662,0.986245555,0.72180655,DERMASON
763.431,1.364029008,0.861343131,0.994271417,0.983553684,0.757068678,DERMASON
745.166,1.467954161,0.904244356,0.995689514,0.986470472,0.795999681,DERMASON
759.494,1.654356352,0.870514041,0.997854206,0.98947603,0.688758274,DERMASON
744.252,1.528267733,0.906716239,0.998182461,0.988474761,0.713696429,DERMASON
735.873,1.378574049,0.927807288,0.998247556,0.989579724,0.791765684,DERMASON
743.153,1.474148664,0.910082601,0.997761301,0.988336752,0.704668781,DERMASON
742.236,1.54718287,0.912401154,0.998184996,0.991571641,0.71404345,DERMASON
738.67,1.483398616,0.921254856,0.997768764,0.989438013,0.731386674,DERMASON
737.418,1.458146957,0.924431972,0.996142385,0.989242791,0.805505215,DERMASON
735.334,1.467399774,0.92995812,0.998448608,0.990592895,0.79420054,DERMASON
745.243,1.482968183,0.906433273,0.998530359,0.988623464,0.790313671,DERMASON
756.806,1.518557745,0.878946653,0.998386714,0.987526808,0.707891575,DERMASON
740.945,1.470724273,0.917162785,0.997001932,0.988698892,0.748841295,DERMASON
743.479,1.569375179,0.910921506,0.997650907,0.991831481,0.814311263,DERMASON
759.097,1.51619895,0.874259856,0.997996082,0.986466202,0.716489134,DERMASON
755.262,1.692163201,0.88335914,0.993526351,0.984604052,0.689490336,DERMASON
757.236,1.636654467,0.879044474,0.994854452,0.988613117,0.73172556,DERMASON
738.378,1.483415862,0.92484172,0.997497136,0.990545078,0.7746139,DERMASON
738.726,1.487817591,0.924016628,0.996970953,0.990496643,0.75409682,DERMASON
735.215,1.465354965,0.933467377,0.998932309,0.990478305,0.721255232,DERMASON
742.62,1.48693748,0.915126432,0.995752586,0.987703205,0.809175532,DERMASON
742.872,1.558485281,0.914619527,0.99785798,0.992586369,0.745928278,DERMASON
738.445,1.474625659,0.925872235,0.996387432,0.991192579,0.777117988,DERMASON
740.834,1.422400887,0.920459976,0.997730046,0.989563077,0.769470763,DERMASON
750.526,1.508236797,0.896907477,0.998093341,0.98902829,0.779086892,DERMASON
745.819,1.453816487,0.908467619,0.994120056,0.990980556,0.811073013,DERMASON
746.896,1.511392319,0.906029756,0.997347705,0.989251808,0.803616384,DERMASON
738.399,1.494663365,0.927047791,0.998657452,0.992033739,0.729404298,DERMASON
760.325,1.490696627,0.874590054,0.993124319,0.987967783,0.789645156,DERMASON
748.783,1.679006123,0.901805151,0.998848207,0.993628686,0.745111111,DERMASON
735.377,1.445852329,0.93563551,0.998262751,0.991016269,0.776323147,DERMASON
744.945,1.409064766,0.911981882,0.99681556,0.988513082,0.793889217,DERMASON
749.929,1.648398599,0.900570502,0.998146281,0.992147306,0.694034991,DERMASON
744.009,1.550012033,0.915322229,0.997970991,0.99127228,0.810256822,DERMASON
747.301,1.564769653,0.907388171,0.998413724,0.989910644,0.798530664,DERMASON
740.017,1.429234766,0.925568428,0.998046203,0.990229053,0.7891802,DERMASON
740.654,1.46811776,0.924114486,0.998778726,0.989987484,0.756937799,DERMASON
739.414,1.429270668,0.927423432,0.99871413,0.990427099,0.775484317,DERMASON
746.391,1.393405182,0.910346469,0.996325891,0.988004309,0.799754275,DERMASON
760.189,1.486177054,0.87783864,0.998340839,0.984946079,0.727749635,DERMASON
729.154,1.300190206,0.954652231,0.997246671,0.992651577,0.742681671,DERMASON
741.285,1.474410556,0.923731065,0.998062882,0.989587927,0.73207554,DERMASON
760.877,1.676269914,0.87707667,0.995118301,0.989349199,0.670900578,DERMASON
737.486,1.46003186,0.933665161,0.997949797,0.991753792,0.779063042,DERMASON
753.761,1.504718939,0.894511444,0.998150934,0.988198211,0.737150044,DERMASON
747.503,1.544779862,0.90966406,0.996871941,0.990183358,0.705160391,DERMASON
743.838,1.445414398,0.919036345,0.996936798,0.988977417,0.791321183,DERMASON
747.268,1.320021015,0.910663863,0.996408115,0.986254296,0.748695652,DERMASON
746.764,1.500945041,0.912118857,0.997739657,0.991524386,0.783223684,DERMASON
739.802,1.402877781,0.929642377,0.996344385,0.99050811,0.78460972,DERMASON
742.174,1.440728945,0.924051777,0.997381104,0.98997898,0.786638182,DERMASON
750.716,1.528698985,0.903834048,0.995488941,0.991027334,0.784831939,DERMASON
751.453,1.568831283,0.90208427,0.997660962,0.99022865,0.805900714,DERMASON
744.333,1.497297478,0.919447468,0.996830095,0.98964869,0.798318169,DERMASON
759.063,1.570554372,0.884261694,0.997541006,0.987048398,0.775872627,DERMASON
737.736,1.377814991,0.93621878,0.998677159,0.989723938,0.730239343,DERMASON
766.116,1.644987064,0.868162349,0.994082836,0.986449667,0.710339149,DERMASON
746.337,1.519579827,0.914832295,0.995768645,0.989990479,0.723969864,DERMASON
741.016,1.47429026,0.92804059,0.996695649,0.991685415,0.819298529,DERMASON
753.828,1.558829766,0.896851314,0.99683208,0.988905416,0.766349842,DERMASON
752.324,1.487527983,0.900684985,0.996329224,0.989366632,0.705279994,DERMASON
747.872,1.515627363,0.911754806,0.998486317,0.989515008,0.773634544,DERMASON
754.292,1.65258393,0.897228073,0.997891494,0.991361007,0.72107141,DERMASON
750.263,1.389509272,0.907113632,0.997912708,0.988132584,0.755330421,DERMASON
761.662,1.557537177,0.880381775,0.99763149,0.986648217,0.694752137,DERMASON
750.717,1.500125686,0.906373562,0.997268744,0.989604635,0.75786785,DERMASON
737.662,1.4054354,0.939131693,0.998172414,0.991902044,0.727451612,DERMASON
750.562,1.530168582,0.907662532,0.998251821,0.990940529,0.762127739,DERMASON
745.807,1.457304841,0.919476623,0.997842184,0.990677182,0.71620385,DERMASON
752.843,1.45892517,0.902569797,0.998724917,0.987842462,0.784535924,DERMASON
745.17,1.422189665,0.921366133,0.997765175,0.990078062,0.738289963,DERMASON
767.737,1.75849808,0.868145844,0.997514171,0.988949605,0.789147287,DERMASON
762.94,1.728463943,0.879097132,0.99583827,0.990248292,0.794149196,DERMASON
749.229,1.539815055,0.911723453,0.997952705,0.988279544,0.77581149,DERMASON
760.445,1.671770149,0.885483645,0.997023711,0.989245223,0.771669349,DERMASON
760.071,1.472179161,0.886485793,0.998695228,0.988287218,0.765074717,DERMASON
769.398,1.754577606,0.865484155,0.996266073,0.988435803,0.779977808,DERMASON
732.684,1.32541586,0.954464472,0.998977856,0.991031281,0.739409546,DERMASON
749.328,1.530607906,0.912556812,0.998603156,0.990670327,0.776252665,DERMASON
738.776,1.426577878,0.938949377,0.997365814,0.99112915,0.775687602,DERMASON
751.422,1.560463234,0.907655871,0.997600692,0.990551831,0.759799538,DERMASON
783.499,1.668046171,0.834918503,0.993019007,0.987124256,0.72746406,DERMASON
755.143,1.557385282,0.89882103,0.997740423,0.9898556,0.772364036,DERMASON
738.76,1.403582954,0.939151225,0.9984833,0.990625152,0.760572835,DERMASON
745.847,1.51662679,0.92172733,0.996901798,0.990508326,0.766339869,DERMASON
749.016,1.464275329,0.914033982,0.995775425,0.991014401,0.742080378,DERMASON
743.968,1.469723764,0.926616164,0.996417685,0.991160114,0.801905885,DERMASON
750.33,1.485831931,0.911438074,0.99712102,0.989315566,0.747109192,DERMASON
744.001,1.518028732,0.927396639,0.997244271,0.990663498,0.805898599,DERMASON
758.312,1.556984316,0.893116305,0.99612699,0.98939647,0.731632653,DERMASON
747.915,1.479113875,0.918951077,0.994523303,0.9893581,0.750968405,DERMASON
742.821,1.357672645,0.931985127,0.998329082,0.989123341,0.735231764,DERMASON
742.92,1.393236785,0.932055507,0.99817964,0.988124261,0.77701433,DERMASON
760.643,1.621415796,0.889388314,0.997527095,0.988294637,0.724145858,DERMASON
762.85,1.552352756,0.88429277,0.994697677,0.987961399,0.722239859,DERMASON
762.238,1.642164582,0.886124279,0.995425844,0.987704918,0.74049306,DERMASON
763.683,1.534108428,0.882881832,0.997333344,0.988325816,0.764458955,DERMASON
764.163,1.635777687,0.882052794,0.993836059,0.987710251,0.675032938,DERMASON
737.645,1.339095578,0.946796279,0.998766612,0.990791986,0.764109446,DERMASON
750.347,1.461535037,0.917713209,0.993832822,0.99086659,0.76283859,DERMASON
748.048,1.428309048,0.92390172,0.998115791,0.990466331,0.739321078,DERMASON
776.186,1.800793745,0.858505473,0.993111422,0.98814011,0.669469746,DERMASON
753.925,1.348879859,0.910172884,0.998034192,0.987029489,0.794599602,DERMASON
763.429,1.677984662,0.887867897,0.994762156,0.990475045,0.800369291,DERMASON
763.149,1.578257638,0.888584267,0.998493915,0.989000961,0.743934823,DERMASON
752.069,1.493420495,0.915826091,0.998634309,0.991127675,0.722111275,DERMASON
746.767,1.421095198,0.928989546,0.998785232,0.990343038,0.757830882,DERMASON
763.911,1.624540362,0.888039865,0.998054739,0.989965672,0.723186728,DERMASON
744.09,1.423106817,0.936344189,0.997615361,0.992207605,0.735422572,DERMASON
759.51,1.425149635,0.898818691,0.99774092,0.987695696,0.742179771,DERMASON
759.008,1.405568562,0.900160714,0.996190793,0.987508675,0.711070905,DERMASON
759.156,1.400583946,0.900354885,0.99393722,0.990453346,0.716626171,DERMASON
746.891,1.363432239,0.931001346,0.997604603,0.990058452,0.727725736,DERMASON
757.504,1.625777731,0.905622126,0.998513455,0.99248788,0.696178451,DERMASON
755.456,1.480444384,0.910869246,0.998378228,0.990731649,0.808979975,DERMASON
755.681,1.545736196,0.911009087,0.997209514,0.990288243,0.743449762,DERMASON
756.571,1.559558776,0.909064583,0.997137961,0.991689618,0.684656085,DERMASON
750.59,1.484162522,0.923699102,0.997403187,0.991310592,0.703328804,DERMASON
758.764,1.597045116,0.903904679,0.996311365,0.987787425,0.788094468,DERMASON
744.242,1.37742129,0.939863964,0.996497989,0.989277868,0.815492126,DERMASON
763.787,1.585928976,0.892421018,0.997766252,0.988428687,0.702567494,DERMASON
760.636,1.521737749,0.899982233,0.994813343,0.988383465,0.704621977,DERMASON
754.945,1.591864972,0.913756383,0.998627024,0.991435612,0.747879597,DERMASON
757.604,1.509258246,0.907528679,0.996860397,0.989354846,0.718637309,DERMASON
759.287,1.626879239,0.903967705,0.996788641,0.99089671,0.794482759,DERMASON
754.898,1.457428823,0.914862474,0.994920387,0.988774756,0.721028849,DERMASON
757.035,1.524765926,0.909945912,0.996786651,0.990453233,0.80856909,DERMASON
766.971,1.618550884,0.886671725,0.997012378,0.989109454,0.69884833,DERMASON
748.568,1.419650325,0.930960957,0.996149344,0.991118539,0.796641719,DERMASON
760.038,1.584899622,0.903291606,0.998791483,0.990080832,0.796146103,DERMASON
761.157,1.530392601,0.901028067,0.997088013,0.989118529,0.710539819,DERMASON
757.851,1.562700777,0.909081424,0.99889417,0.989615339,0.713826753,DERMASON
761.144,1.449274724,0.901557735,0.997660964,0.988983273,0.820174833,DERMASON
766.159,1.412322951,0.889965082,0.994731519,0.983440575,0.712593634,DERMASON
754.002,1.410650071,0.918938993,0.998195652,0.990493889,0.743375174,DERMASON
753.219,1.516806131,0.921625769,0.997095288,0.991209681,0.737356016,DERMASON
766.942,1.640042873,0.889238382,0.998249433,0.989751272,0.782387218,DERMASON
760.147,1.516431941,0.905272593,0.998211035,0.988670641,0.774149154,DERMASON
775.039,1.648167834,0.870818066,0.996606371,0.987193473,0.7963955,DERMASON
773.762,1.688347712,0.873715786,0.997824756,0.990105368,0.679890896,DERMASON
758.77,1.559603258,0.908670448,0.998682564,0.990624628,0.707649159,DERMASON
752.604,1.508121138,0.923753826,0.997452301,0.990956042,0.761898662,DERMASON
761.973,1.479437528,0.901263637,0.993043105,0.987806903,0.773019232,DERMASON
768.896,1.72854483,0.885149584,0.997543358,0.990580176,0.737958533,DERMASON
745.22,1.264953435,0.942603072,0.996777723,0.989453932,0.748082967,DERMASON
766.264,1.545334992,0.891604568,0.994339097,0.988539022,0.775329413,DERMASON
751.209,1.393153996,0.928056311,0.997546403,0.99056402,0.742887701,DERMASON
754.927,1.504598605,0.919025703,0.997274539,0.989248333,0.779560842,DERMASON
766.077,1.648206543,0.892853575,0.995181023,0.988525912,0.75994168,DERMASON
772.602,1.530640382,0.878130824,0.995696065,0.986425767,0.705428716,DERMASON
793.483,1.354209981,0.832920995,0.997801928,0.983850815,0.75964759,DERMASON
761.164,1.591174743,0.905609709,0.998367054,0.991145611,0.769739874,DERMASON
775.473,1.733287615,0.872622871,0.995254192,0.986860451,0.717360682,DERMASON
770.214,1.584249316,0.884834239,0.997220045,0.988943605,0.69631099,DERMASON
752.677,1.497926281,0.926613527,0.998139042,0.991291142,0.775661022,DERMASON
757.03,1.546148416,0.916799226,0.998508462,0.992098519,0.726288911,DERMASON
772.831,1.624749135,0.88000903,0.997048217,0.989098304,0.800221933,DERMASON
764.055,1.600295839,0.90057763,0.996918201,0.992197505,0.685021449,DERMASON
759.913,1.508133995,0.910813506,0.996942495,0.990955797,0.81240295,DERMASON
763.785,1.480250874,0.901774524,0.994996054,0.986032598,0.736609657,DERMASON
760.096,1.550852225,0.910809999,0.998159845,0.992957413,0.80008789,DERMASON
789.822,1.666933871,0.843802943,0.99263042,0.981719321,0.669201521,DERMASON
784.724,1.622236776,0.854822581,0.997194382,0.984234023,0.753656825,DERMASON
770.196,1.59585829,0.888476873,0.995257691,0.989407879,0.710094135,DERMASON
755.945,1.537445873,0.922753382,0.998147409,0.99086165,0.764711242,DERMASON
756.887,1.541645964,0.920501817,0.998875476,0.991822264,0.798705748,DERMASON
746.121,1.399385331,0.947303001,0.999546011,0.993278107,0.751997993,DERMASON
757.238,1.386605663,0.919977389,0.997487488,0.990958878,0.72238092,DERMASON
763.279,1.603373183,0.905753031,0.997038445,0.990027113,0.80232336,DERMASON
765.763,1.506284695,0.899950646,0.998054618,0.988652683,0.732513518,DERMASON
759.454,1.466036237,0.91524828,0.997790254,0.990310946,0.711710491,DERMASON
773.158,1.619447237,0.883090802,0.998760428,0.987331657,0.69223037,DERMASON
778.043,1.657725049,0.872119549,0.999119912,0.987495299,0.715804539,DERMASON
746.715,1.390297248,0.947081092,0.998385511,0.991927298,0.795347869,DERMASON
751.05,1.441105979,0.936246526,0.99726886,0.992162047,0.753829596,DERMASON
771.515,1.545946732,0.88757382,0.997134477,0.989782465,0.816254417,DERMASON
768.936,1.599739989,0.89364389,0.997776767,0.990599821,0.773890157,DERMASON
770.185,1.568012759,0.890790186,0.997080241,0.989318401,0.756005034,DERMASON
763.489,1.552853218,0.906936347,0.995749532,0.988579754,0.768823099,DERMASON
760.701,1.426647389,0.913596447,0.998176102,0.990861557,0.730813327,DERMASON
759.696,1.55272833,0.916603122,0.998385248,0.990331232,0.71457428,DERMASON
757.499,1.476439419,0.922015342,0.998218654,0.990751636,0.799942998,DERMASON
759.321,1.472581747,0.918424091,0.996767264,0.989898753,0.729932444,DERMASON
763.779,1.489326228,0.907906457,0.99522242,0.987812595,0.705389121,DERMASON
772.237,1.619841394,0.888380369,0.998179623,0.989647887,0.788962497,DERMASON
